"공통역ID","역 한글명","역 일본어명","가나","로마자","한글명 출처","예시 노선ID"
"station-1110101","하코다테","函館","はこだて","Hakodate","","line-11101"
"station-1110102","고료카쿠","五稜郭","ごりょうかく","GoryōKaku","","line-11101"
"station-1110103","키쿄","桔梗","ききょう","Kikyō","","line-11101"
"station-1110104","오나카야마","大中山","おおなかやま","ōNakayama","","line-11101"
"station-1110105","나나에","七飯","ななえ","Nanae","","line-11101"
"station-1110106","신하코다테호쿠토","新函館北斗","しんはこだてほくと","Shinhakodatehokuto","","line-11101"
"station-1110107","니야마","仁山","にやま","Niyama","","line-11101"
"station-1110108","오누마","大沼","おおぬま","ōNuma","","line-11101"
"station-1110109","오누마코엔","大沼公園","おおぬまこうえん","ōNumakōEn","","line-11101"
"station-1110110","아카이가와","赤井川","あかいがわ","Akaigawa","","line-11101"
"station-1110111","코마가다케","駒ケ岳","こまがだけ","Komagadake","","line-11101"
"station-1110114","이케다엔","池田園","いけだえん","Ikedaen","","line-11101"
"station-1110115","나가레야마온선","流山温泉","ながれやまおんせん","Nagareyamaonsen","","line-11101"
"station-1110116","초시구치","銚子口","ちょうしぐち","ChōShiguchi","","line-11101"
"station-1110117","시카베","鹿部","しかべ","Shikabe","","line-11101"
"station-1110118","오시마누마지리","渡島沼尻","おしまぬまじり","Oshimanumajiri","","line-11101"
"station-1110119","토토스나하라","渡島砂原","ととうすなはら","TotōSunahara","","line-11101"
"station-1110120","카케","掛澗","かけ澗","Kake澗","","line-11101"
"station-1110121","오시로나이","尾白内","おしろない","Oshironai","","line-11101"
"station-1110122","히가시모리","東森","ひがしもり","Higashimori","","line-11101"
"station-1110123","모리","森","もり","Mori","","line-11101"
"station-1110125","이시타니","石谷","いしたに","Ishitani","","line-11101"
"station-1110126","혼이시쿠라","本石倉","ほんいしくら","Hon'Ishikura","","line-11101"
"station-1110127","이시쿠라","石倉","いしくら","Ishikura","","line-11101"
"station-1110128","오토시베","落部","おとしべ","Otoshibe","","line-11101"
"station-1110129","노다오이","野田生","のだおい","Nodaoi","","line-11101"
"station-1110130","야마코시","山越","やまこし","Yamakoshi","","line-11101"
"station-1110131","야쿠모","八雲","やくも","Yakumo","","line-11101"
"station-1110133","야마자키","山崎","やまざき","Yamazaki","","line-11101"
"station-1110134","쿠로이와","黒岩","くろいわ","Kuroiwa","","line-11101"
"station-1110136","쿤누이","国縫","くんぬい","Kunnui","","line-11101"
"station-1110137","나카노사와","中ノ沢","なかのさわ","Nakanosawa","","line-11101"
"station-1110138","오샤만베","長万部","おしゃまんべ","Oshamambe","","line-11101"
"station-1110202","후타마타","二股","ふたまた","Futamata","","line-11102"
"station-1110204","쿠로마츠나이","黒松内","くろまつない","Kuromatsunai","","line-11102"
"station-1110205","넷푸","熱郛","ねっぷ","Neppu","","line-11102"
"station-1110206","메나","目名","めな","Mena","","line-11102"
"station-1110207","란코시","蘭越","らんこし","Rankoshi","","line-11102"
"station-1110208","콘부","昆布","こんぶ","Kombu","","line-11102"
"station-1110209","니세코","ニセコ","にせこ","Niseko","","line-11102"
"station-1110210","히라후","比羅夫","ひらふ","Hirafu","","line-11102"
"station-1110211","쿳찬","倶知安","くっちゃん","Kutchan","","line-11102"
"station-1110212","오자와","小沢","おざわ","Ozawa","","line-11102"
"station-1110213","긴잔","銀山","ぎんざん","Ginzan","","line-11102"
"station-1110214","시카리베츠","然別","しかりべつ","Shikaribetsu","","line-11102"
"station-1110215","니키","仁木","にき","Niki","","line-11102"
"station-1110216","요이치","余市","よいち","Yoichi","","line-11102"
"station-1110217","란시마","蘭島","らんしま","Ranshima","","line-11102"
"station-1110218","시오야","塩谷","しおや","Shioya","","line-11102"
"station-1110219","오타루","小樽","おたる","Otaru","","line-11102"
"station-1110302","미나미오타루","南小樽","みなみおたる","Minamiotaru","","line-11103"
"station-1110303","오타루칫코","小樽築港","おたるちっこう","Otaruchikkō","","line-11103"
"station-1110304","아사리","朝里","あさり","Asari","","line-11103"
"station-1110305","제니바코","銭函","ぜにばこ","Zenibako","","line-11103"
"station-1110306","호시미","ほしみ","ほしみ","Hoshimi","","line-11103"
"station-1110307","호시오키","星置","ほしおき","Hoshioki","","line-11103"
"station-1110308","이나호","稲穂","いなほ","Inaho","","line-11103"
"station-1110309","테이네","手稲","ていね","Teine","","line-11103"
"station-1110310","이나즈미코엔","稲積公園","いなづみこうえん","InazumikōEn","","line-11103"
"station-1110311","핫사무","発寒","はっさむ","Hassamu","","line-11103"
"station-1110312","핫사무츄오","発寒中央","はっさむちゅうおう","Hassamuchūō","","line-11103"
"station-1110313","코토니","琴似","ことに","Kotoni","","line-11103"
"station-1110314","소엔","桑園","そうえん","SōEn","","line-11103"
"station-1110315","삿포로","札幌","さっぽろ","Sapporo","","line-11103"
"station-1110316","나에보","苗穂","なえぼ","Naebo","","line-11103"
"station-1110317","시라이시","白石","しらいし","Shiraishi","","line-11103"
"station-1110318","아시베츠","厚別","あしべつ","Ashibetsu","","line-11103"
"station-1110319","신린코엔","森林公園","しんりんこうえん","ShinrinkōEn","","line-11103"
"station-1110320","타이마","大麻","たいま","Taima","","line-11103"
"station-1110321","놋포로","野幌","のっぽろ","Nopporo","","line-11103"
"station-1110322","타카사고","高砂","たかさご","Takasago","","line-11103"
"station-1110323","에베츠","江別","えべつ","Ebetsu","","line-11103"
"station-1110324","토요호로","豊幌","とよほろ","Toyohoro","","line-11103"
"station-1110325","호로무이","幌向","ほろむい","Horomui","","line-11103"
"station-1110326","카미호로무이","上幌向","かみほろむい","Kamihoromui","","line-11103"
"station-1110327","이와미자와","岩見沢","いわみざわ","Iwamizawa","","line-11103"
"station-1110328","미네노부","峰延","みねのぶ","Minenobu","","line-11103"
"station-1110329","코슈나이","光珠内","こうしゅない","KōShunai","","line-11103"
"station-1110330","비바이","美唄","びばい","Bibai","","line-11103"
"station-1110331","차시나이","茶志内","ちゃしない","Chashinai","","line-11103"
"station-1110332","나이에","奈井江","ないえ","Naie","","line-11103"
"station-1110333","토요누마","豊沼","とよぬま","Toyonuma","","line-11103"
"station-1110334","스나가와","砂川","すながわ","Sunagawa","","line-11103"
"station-1110335","타키가와","滝川","たきがわ","Takigawa","","line-11103"
"station-1110336","에베오츠","江部乙","えべおつ","Ebeotsu","","line-11103"
"station-1110337","모세우시","妹背牛","もせうし","Moseushi","","line-11103"
"station-1110338","후카가와","深川","ふかがわ","Fukagawa","","line-11103"
"station-1110339","오사무나이","納内","おさむない","Osamunai","","line-11103"
"station-1110341","치카부미","近文","ちかぶみ","Chikabumi","","line-11103"
"station-1110342","아사히카와","旭川","あさひかわ","Asahikawa","","line-11103"
"station-1110402","시즈카리","静狩","しずかり","Shizukari","","line-11104"
"station-1110403","코보로","小幌","こぼろ","Koboro","","line-11104"
"station-1110404","레분","礼文","れぶん","Rebun","","line-11104"
"station-1110405","오키시","大岸","おおきし","ōKishi","","line-11104"
"station-1110406","토요라","豊浦","とようら","Toyoura","","line-11104"
"station-1110407","토야","洞爺","とうや","TōYa","","line-11104"
"station-1110408","우스","有珠","うす","Usu","","line-11104"
"station-1110409","나가와","長和","ながわ","Nagawa","","line-11104"
"station-1110410","다테몬베츠","伊達紋別","だてもんべつ","Datemonbetsu","","line-11104"
"station-1110411","키타후나오카","北舟岡","きたふなおか","Kitafunaoka","","line-11104"
"station-1110412","마렛푸","稀府","まれっぷ","Mareppu","","line-11104"
"station-1110413","오곤","黄金","おうごん","ōGon","","line-11104"
"station-1110414","사키모리","崎守","さきもり","Sakimori","","line-11104"
"station-1110415","모토와니시","本輪西","もとわにし","Motowanishi","","line-11104"
"station-1110416","무로란","室蘭","むろらん","Muroran","","line-11104"
"station-1110417","하하코이","母恋","ははこい","Hahakoi","","line-11104"
"station-1110418","온자키","御崎","おんざき","Onzaki","","line-11104"
"station-1110419","와니시","輪西","わにし","Wanishi","","line-11104"
"station-1110420","히가시무로란","東室蘭","ひがしむろらん","Higashimuroran","","line-11104"
"station-1110421","와시베츠","鷲別","わしべつ","Washibetsu","","line-11104"
"station-1110422","호로베츠","幌別","ほろべつ","Horobetsu","","line-11104"
"station-1110423","토미우라","富浦","とみうら","Tomiura","","line-11104"
"station-1110424","노보리베츠","登別","のぼりべつ","Noboribetsu","","line-11104"
"station-1110425","코조하마","虎杖浜","こじょうはま","KojōHama","","line-11104"
"station-1110426","타케우라","竹浦","たけうら","Takeura","","line-11104"
"station-1110427","키타요시와라","北吉原","きたよしわら","Kitayoshiwara","","line-11104"
"station-1110428","하기노","萩野","はぎの","Hagino","","line-11104"
"station-1110429","시라오이","白老","しらおい","Shiraoi","","line-11104"
"station-1110430","야시로다이","社台","やしろだい","Yashirodai","","line-11104"
"station-1110431","니시키오카","錦岡","にしきおか","Nishikioka","","line-11104"
"station-1110432","이토이","糸井","いとい","Itoi","","line-11104"
"station-1110433","아오바","青葉","あおば","Aoba","","line-11104"
"station-1110434","토마코마이","苫小牧","とまこまい","Tomakomai","","line-11104"
"station-1110502","누마노하타","沼ノ端","ぬまのはた","Numanohata","","line-11105"
"station-1110503","토오아사","遠浅","とおあさ","TōAsa","","line-11105"
"station-1110504","하야키타","早来","はやきた","Hayakita","","line-11105"
"station-1110505","야스히라","安平","やすひら","Yasuhira","","line-11105"
"station-1110506","오이와케","追分","おいわけ","Oiwake","","line-11105"
"station-1110507","미카와","三川","みかわ","Mikawa","","line-11105"
"station-1110508","후루야마","古山","ふるやま","Furuyama","","line-11105"
"station-1110509","유니","由仁","ゆに","Yuni","","line-11105"
"station-1110510","쿠리야마","栗山","くりやま","Kuriyama","","line-11105"
"station-1110511","쿠리오카","栗丘","くりおか","Kurioka","","line-11105"
"station-1110512","쿠리사와","栗沢","くりさわ","Kurisawa","","line-11105"
"station-1110513","시분","志文","しぶん","Shibun","","line-11105"
"station-1110602","히가시타키카와","東滝川","ひがしたきかわ","Higashitakikawa","","line-11106"
"station-1110603","아카비라","赤平","あかびら","Akabira","","line-11106"
"station-1110604","모시리","茂尻","もしり","Moshiri","","line-11106"
"station-1110605","히라기시","平岸","ひらぎし","Hiragishi","","line-11106"
"station-1110606","아시베츠","芦別","あしべつ","Ashibetsu","","line-11106"
"station-1110607","카미아시베츠","上芦別","かみあしべつ","Kamiashibetsu","","line-11106"
"station-1110608","노카난","野花南","のかなん","Nokanan","","line-11106"
"station-1110610","후라노","富良野","ふらの","Furano","","line-11106"
"station-1110611","누노베","布部","ぬのべ","Nunobe","","line-11106"
"station-1110612","야마베","山部","やまべ","Yamabe","","line-11106"
"station-1110613","시모카나야마","下金山","しもかなやま","Shimokanayama","","line-11106"
"station-1110614","카나야마","金山","かなやま","Kanayama","","line-11106"
"station-1110615","히가시시카고에","東鹿越","ひがししかごえ","Higashishikagoe","","line-11106"
"station-1110616","이쿠토라","幾寅","いくとら","Ikutora","","line-11106"
"station-1110617","오치아이","落合","おちあい","Ochiai","","line-11106"
"station-1110618","신토쿠","新得","しんとく","Shintoku","","line-11106"
"station-1110702","토카치시미즈","十勝清水","とかちしみず","Tokachishimizu","","line-11107"
"station-1110704","미카게","御影","みかげ","Mikage","","line-11107"
"station-1110705","메무로","芽室","めむろ","Memuro","","line-11107"
"station-1110706","타이세이","大成","たいせい","Taisei","","line-11107"
"station-1110707","니시오비히로","西帯広","にしおびひろ","Nishiobihiro","","line-11107"
"station-1110708","카시와린다이","柏林台","かしわりんだい","Kashiwarindai","","line-11107"
"station-1110709","오비히로","帯広","おびひろ","Obihiro","","line-11107"
"station-1110710","사츠나이","札内","さつない","Satsunai","","line-11107"
"station-1110712","마쿠베츠","幕別","まくべつ","Makubetsu","","line-11107"
"station-1110713","리베츠","利別","りべつ","Ribetsu","","line-11107"
"station-1110714","이케다","池田","いけだ","Ikeda","","line-11107"
"station-1110715","주도루","十弗","じゅうどる","JūDoru","","line-11107"
"station-1110716","토요코로","豊頃","とよころ","Toyokoro","","line-11107"
"station-1110717","신요시노","新吉野","しんよしの","Shinyoshino","","line-11107"
"station-1110718","우라호로","浦幌","うらほろ","Urahoro","","line-11107"
"station-1110720","아츠나이","厚内","あつない","Atsunai","","line-11107"
"station-1110723","온베츠","音別","おんべつ","Ombetsu","","line-11107"
"station-1110725","시라누카","白糠","しらぬか","Shiranuka","","line-11107"
"station-1110726","니시쇼로","西庶路","にししょろ","Nishishoro","","line-11107"
"station-1110727","쇼로","庶路","しょろ","Shoro","","line-11107"
"station-1110728","오타노시케","大楽毛","おたのしけ","Otanoshike","","line-11107"
"station-1110729","신오타노시케","新大楽毛","しんおたのしけ","Shinotanoshike","","line-11107"
"station-1110730","신후지","新富士","しんふじ","Shinfuji","","line-11107"
"station-1110731","쿠시로","釧路","くしろ","Kushiro","","line-11107"
"station-1110802","히가시쿠시로","東釧路","ひがしくしろ","Higashikushiro","","line-11108"
"station-1110803","타케타스쿠","武佐","たけたすく","Taketasuku","","line-11108"
"station-1110804","베츠호","別保","べつほ","Betsuho","","line-11108"
"station-1110805","카미오보로","上尾幌","かみおぼろ","Kamioboro","","line-11108"
"station-1110806","오보로","尾幌","おぼろ","Oboro","","line-11108"
"station-1110807","몬시즈","門静","もんしず","Monshizu","","line-11108"
"station-1110808","아츠케시","厚岸","あつけし","Atsukeshi","","line-11108"
"station-1110809","이토요사와","糸魚沢","いとよさわ","Itoyosawa","","line-11108"
"station-1110810","차나이","茶内","ちゃない","Chanai","","line-11108"
"station-1110811","하마나카","浜中","はまなか","Hamanaka","","line-11108"
"station-1110812","아네베츠","姉別","あねべつ","Anebetsu","","line-11108"
"station-1110813","앗토코","厚床","あっとこ","Attoko","","line-11108"
"station-1110815","베츠토가","別当賀","べつとうが","BetsutōGa","","line-11108"
"station-1110816","라쿠세키","落石","らくせき","Rakuseki","","line-11108"
"station-1110817","콘부모리","昆布盛","こんぶもり","Kombumori","","line-11108"
"station-1110818","니시와다","西和田","にしわだ","Nishiwada","","line-11108"
"station-1110820","히가시네시츠","東根室","ひがしねしつ","Higashineshitsu","","line-11108"
"station-1110821","네무로","根室","ねむろ","Nemuro","","line-11108"
"station-1110903","우에나에","植苗","うえなえ","Uenae","","line-11109"
"station-1110905","신치토세 공항","新千歳空港","しんちとせくうこう","ShinchitosekūKō","","line-11109"
"station-1110906","미나미센사이","南千歳","みなみせんさい","Minamisensai","","line-11109"
"station-1110907","치토세","千歳","ちとせ","Chitose","","line-11109"
"station-1110908","오사츠","長都","おさつ","Osatsu","","line-11109"
"station-1110909","삿포로비루테이엔","サッポロビール庭園","さっぽろびーるていえん","SapporobīRuteien","","line-11109"
"station-1110910","에니와","恵庭","えにわ","Eniwa","","line-11109"
"station-1110911","메구미노","恵み野","めぐみの","Megumino","","line-11109"
"station-1110912","시마마츠","島松","しままつ","Shimamatsu","","line-11109"
"station-1110913","키타히로시마","北広島","きたひろしま","Kitahiroshima","","line-11109"
"station-1110914","카미놋포로","上野幌","かみのっぽろ","Kaminopporo","","line-11109"
"station-1110915","신삿포로","新札幌","しんさっぽろ","Shinsapporo","","line-11109"
"station-1110916","헤이와","平和","へいわ","Heiwa","","line-11109"
"station-1111004","카와바타","川端","かわばた","Kawabata","","line-11110"
"station-1111005","타키노우에","滝ノ上","たきのうえ","Takinoue","","line-11110"
"station-1111007","신유바리","新夕張","しんゆうばり","ShinyūBari","","line-11110"
"station-1111013","시무캇푸","占冠","しむかっぷ","Shimukappu","","line-11110"
"station-1111014","토마무","トマム","とまむ","Tomamu","","line-11110"
"station-1111102","유후츠","勇払","ゆうふつ","YūFutsu","","line-11111"
"station-1111103","하마아츠마","浜厚真","はまあつま","Hamaatsuma","","line-11111"
"station-1111104","하마타우라","浜田浦","はまたうら","Hamataura","","line-11111"
"station-1111105","무카와","鵡川","むかわ","Mukawa","","line-11111"
"station-1111106","시오미","汐見","しおみ","Shiomi","","line-11111"
"station-1111107","토미카와","富川","とみかわ","Tomikawa","","line-11111"
"station-1111108","히다카몬베츠","日高門別","ひだかもんべつ","Hidakamombetsu","","line-11111"
"station-1111109","토요사토","豊郷","とよさと","Toyosato","","line-11111"
"station-1111110","키요하타","清畠","きよはた","Kiyohata","","line-11111"
"station-1111111","아츠가","厚賀","あつが","Atsuga","","line-11111"
"station-1111112","오카리베","大狩部","おおかりべ","ōKaribe","","line-11111"
"station-1111113","셋푸","節婦","せっぷ","Seppu","","line-11111"
"station-1111114","니이캇푸","新冠","にいかっぷ","NīKappu","","line-11111"
"station-1111115","시즈나이","静内","しずない","Shizunai","","line-11111"
"station-1111117","히가시시즈나이","東静内","ひがししずない","Higashishizunai","","line-11111"
"station-1111118","하루타치","春立","はるたち","Harutachi","","line-11111"
"station-1111119","히다카히가시베츠","日高東別","ひだかひがしべつ","Hidakahigashibetsu","","line-11111"
"station-1111120","니치다카산세키","日高三石","にちだかさんせき","Nichidakasanseki","","line-11111"
"station-1111121","호에이","蓬栄","ほうえい","HōEi","","line-11111"
"station-1111122","혼키리","本桐","ほんきり","Honkiri","","line-11111"
"station-1111123","오기후시","荻伏","おぎふし","Ogifushi","","line-11111"
"station-1111124","에후에","絵笛","えふえ","Efue","","line-11111"
"station-1111125","우라카와","浦河","うらかわ","Urakawa","","line-11111"
"station-1111126","아즈마마치","東町","あずままち","Azumamachi","","line-11111"
"station-1111127","히다카호로베츠","日高幌別","ひだかほろべつ","Hidakahorobetsu","","line-11111"
"station-1111128","우토마","鵜苫","うとま","Utoma","","line-11111"
"station-1111129","니시사마니","西様似","にしさまに","Nishisamani","","line-11111"
"station-1111130","사마니","様似","さまに","Samani","","line-11111"
"station-1111203","하치켄","八軒","はちけん","Hachiken","","line-11112"
"station-1111204","신카와","新川","しんかわ","Shinkawa","","line-11112"
"station-1111205","신코토니","新琴似","しんことに","Shinkotoni","","line-11112"
"station-1111206","타이헤이","太平","たいへい","Taihei","","line-11112"
"station-1111207","햐쿠고가하라","百合が原","ひゃくごうがはら","HyakugōGahara","","line-11112"
"station-1111208","시노로","篠路","しのろ","Shinoro","","line-11112"
"station-1111209","타쿠호쿠","拓北","たくほく","Takuhoku","","line-11112"
"station-1111210","아이노사토쿄이쿠다이","あいの里教育大","あいのさときょういくだい","AinosatokyōIkudai","","line-11112"
"station-1111211","아이노사토코엔","あいの里公園","あいのさとこうえん","AinosatokōEn","","line-11112"
"station-1111212","이시카리후토시비","石狩太美","いしかりふとしび","Ishikarifutoshibi","","line-11112"
"station-1111213","이시카리토베츠","石狩当別","いしかりとうべつ","IshikaritōBetsu","","line-11112"
"station-1111214","홋카이도이료다이가쿠","北海道医療大学","ほっかいどういりょうだいがく","HokkaidōIryōDaigaku","","line-11112"
"station-1111302","키타이츠찬","北一已","きたいつちゃん","Kitaitsuchan","","line-11113"
"station-1111303","칬푸베츠","秩父別","ちっぷべつ","Chippubetsu","","line-11113"
"station-1111304","키타칬푸베츠","北秩父別","きたちっぷべつ","Kitachippubetsu","","line-11113"
"station-1111305","이시카리누마타","石狩沼田","いしかりぬまた","Ishikarinumata","","line-11113"
"station-1111306","맜푸","真布","まっぷ","Mappu","","line-11113"
"station-1111307","에비시마","恵比島","えびしま","Ebishima","","line-11113"
"station-1111308","토게시모","峠下","とうげしも","TōGeshimo","","line-11113"
"station-1111309","호로누카","幌糠","ほろぬか","Horonuka","","line-11113"
"station-1111310","후지야마","藤山","ふじやま","Fujiyama","","line-11113"
"station-1111311","오와다","大和田","おおわだ","ōWada","","line-11113"
"station-1111312","루모에","留萌","るもえ","Rumoe","","line-11113"
"station-1111402","카구라오카","神楽岡","かぐらおか","Kaguraoka","","line-11114"
"station-1111403","미도리가오카","緑が丘","みどりがおか","Midorigaoka","","line-11114"
"station-1111404","니시고료","西御料","にしごりょう","Nishigoryō","","line-11114"
"station-1111405","니시미즈호","西瑞穂","にしみずほ","Nishimizuho","","line-11114"
"station-1111406","니시카구라","西神楽","にしかぐら","Nishikagura","","line-11114"
"station-1111407","니시세이와","西聖和","にしせいわ","Nishiseiwa","","line-11114"
"station-1111408","치요케오카","千代ケ岡","ちよけおか","Chiyokeoka","","line-11114"
"station-1111409","키타비에이","北美瑛","きたびえい","Kitabiei","","line-11114"
"station-1111410","비에이","美瑛","びえい","Biei","","line-11114"
"station-1111411","비바우시","美馬牛","びばうし","Bibaushi","","line-11114"
"station-1111412","카미후라노","上富良野","かみふらの","Kamifurano","","line-11114"
"station-1111413","니시츄","西中","にしちゅう","Nishichū","","line-11114"
"station-1111414","라벤다하타케","ラベンダー畑","らべんだーはたけ","RabendāHatake","","line-11114"
"station-1111415","나카후라노","中富良野","なかふらの","Nakafurano","","line-11114"
"station-1111416","시카우치","鹿討","しかうち","Shikauchi","","line-11114"
"station-1111417","가쿠덴","学田","がくでん","Gakuden","","line-11114"
"station-1111502","아사히카와시조","旭川四条","あさひかわしじょう","Asahikawashijō","","line-11115"
"station-1111503","신아사히카와","新旭川","しんあさひかわ","Shinasahikawa","","line-11115"
"station-1111504","나가야마","永山","ながやま","Nagayama","","line-11115"
"station-1111505","키타나가야마","北永山","きたながやま","Kitanagayama","","line-11115"
"station-1111507","핏푸","比布","ぴっぷ","Pippu","","line-11115"
"station-1111509","란토메","蘭留","らんとめ","Rantome","","line-11115"
"station-1111510","시오카리","塩狩","しおかり","Shiokari","","line-11115"
"station-1111511","왓사무","和寒","わっさむ","Wassamu","","line-11115"
"station-1111513","켄부치","剣淵","けんぶち","Kembuchi","","line-11115"
"station-1111515","시베츠","士別","しべつ","Shibetsu","","line-11115"
"station-1111517","타요로","多寄","たよろ","Tayoro","","line-11115"
"station-1111518","미즈호","瑞穂","みずほ","Mizuho","","line-11115"
"station-1111519","후우렌","風連","ふうれん","FūRen","","line-11115"
"station-1111520","히가시후우렌","東風連","ひがしふうれん","HigashifūRen","","line-11115"
"station-1111521","나요로","名寄","なよろ","Nayoro","","line-11115"
"station-1111522","닛신","日進","にっしん","Nisshin","","line-11115"
"station-1111524","치에분","智恵文","ちえぶん","Chiebun","","line-11115"
"station-1111525","치호쿠","智北","ちほく","Chihoku","","line-11115"
"station-1111527","비후카","美深","びふか","Bifuka","","line-11115"
"station-1111528","하츠노","初野","はつの","Hatsuno","","line-11115"
"station-1111530","온네나이","恩根内","おんねない","Onnenai","","line-11115"
"station-1111532","테시오가와온선","天塩川温泉","てしおがわおんせん","Teshiogawaonsen","","line-11115"
"station-1111533","삿쿠루","咲来","さっくる","Sakkuru","","line-11115"
"station-1111534","오토이넷푸","音威子府","おといねっぷ","Otoineppu","","line-11115"
"station-1111535","오사시마","筬島","おさしま","Osashima","","line-11115"
"station-1111536","사쿠","佐久","さく","Saku","","line-11115"
"station-1111537","테시오나카가와","天塩中川","てしおなかがわ","Teshionakagawa","","line-11115"
"station-1111538","우타나이","歌内","うたない","Utanai","","line-11115"
"station-1111539","토이칸베츠","問寒別","といかんべつ","Toikambetsu","","line-11115"
"station-1111540","누카미나미","糠南","ぬかみなみ","Nukaminami","","line-11115"
"station-1111541","오노부나이","雄信内","おのぶない","Onobunai","","line-11115"
"station-1111543","미나미호로노베","南幌延","みなみほろのべ","Minamihoronobe","","line-11115"
"station-1111545","호로노베","幌延","ほろのべ","Horonobe","","line-11115"
"station-1111546","시모누마","下沼","しもぬま","Shimonuma","","line-11115"
"station-1111547","호후","豊富","ほうふ","HōFu","","line-11115"
"station-1111549","카부토누마","兜沼","かぶとぬま","Kabutonuma","","line-11115"
"station-1111550","이사무토모","勇知","いさむとも","Isamutomo","","line-11115"
"station-1111551","밨카이","抜海","ばっかい","Bakkai","","line-11115"
"station-1111552","미나미왓카나이","南稚内","みなみわっかない","Minamiwakkanai","","line-11115"
"station-1111553","왓카나이","稚内","わっかない","Wakkanai","","line-11115"
"station-1111604","미나미나가야마","南永山","みなみながやま","Minaminagayama","","line-11116"
"station-1111605","히가시아사히카와","東旭川","ひがしあさひかわ","Higashiasahikawa","","line-11116"
"station-1111607","사쿠라가오카","桜岡","さくらがおか","Sakuragaoka","","line-11116"
"station-1111608","토마","当麻","とうま","TōMa","","line-11116"
"station-1111610","이카우시","伊香牛","いかうし","Ikaushi","","line-11116"
"station-1111611","아이베츠","愛別","あいべつ","Aibetsu","","line-11116"
"station-1111612","츄아이베츠","中愛別","ちゅうあいべつ","ChūAibetsu","","line-11116"
"station-1111613","아이잔","愛山","あいざん","Aizan","","line-11116"
"station-1111614","야스아시칸","安足間","やすあしかん","Yasuashikan","","line-11116"
"station-1111616","카미카와","上川","かみかわ","Kamikawa","","line-11116"
"station-1111618","시라타키","白滝","しらたき","Shirataki","","line-11116"
"station-1111621","마루셋푸","丸瀬布","まるせっぷ","Maruseppu","","line-11116"
"station-1111622","세토세","瀬戸瀬","せとせ","Setose","","line-11116"
"station-1111623","엔가루","遠軽","えんがる","Engaru","","line-11116"
"station-1111624","야스쿠니","安国","やすくに","Yasukuni","","line-11116"
"station-1111626","이쿠타하라","生田原","いくたはら","Ikutahara","","line-11116"
"station-1111628","니시루베시베","西留辺蘂","にしるべしべ","Nishirubeshibe","","line-11116"
"station-1111629","루베시베","留辺蘂","るべしべ","Rubeshibe","","line-11116"
"station-1111630","아이우치","相内","あいうち","Aiuchi","","line-11116"
"station-1111631","히가시아이노나이","東相内","ひがしあいのない","Higashiainonai","","line-11116"
"station-1111632","니시키타미","西北見","にしきたみ","Nishikitami","","line-11116"
"station-1111633","키타미","北見","きたみ","Kitami","","line-11116"
"station-1111634","카시와요","柏陽","かしわよう","Kashiwayō","","line-11116"
"station-1111635","이토시노","愛し野","いとしの","Itoshino","","line-11116"
"station-1111636","탄노","端野","たんの","Tanno","","line-11116"
"station-1111637","히우시나이","緋牛内","ひうしない","Hiushinai","","line-11116"
"station-1111638","비호로","美幌","びほろ","Bihoro","","line-11116"
"station-1111639","니시메만베츠","西女満別","にしめまんべつ","Nishimemambetsu","","line-11116"
"station-1111640","메만베츠","女満別","めまんべつ","Memambetsu","","line-11116"
"station-1111641","요비토","呼人","よびと","Yobito","","line-11116"
"station-1111642","아바시리","網走","あばしり","Abashiri","","line-11116"
"station-1111702","카츠라다이","桂台","かつらだい","Katsuradai","","line-11117"
"station-1111703","마스우라","鱒浦","ますうら","Masuura","","line-11117"
"station-1111704","모코토","藻琴","もこと","Mokoto","","line-11117"
"station-1111705","키타하마","北浜","きたはま","Kitahama","","line-11117"
"station-1111706","겐세이카엔","原生花園","げんせいかえん","Genseikaen","","line-11117"
"station-1111707","하마코시미즈","浜小清水","はまこしみず","Hamakoshimizu","","line-11117"
"station-1111708","토메베츠","止別","とめべつ","Tomebetsu","","line-11117"
"station-1111709","시레토코샤리","知床斜里","しれとこしゃり","Shiretokoshari","","line-11117"
"station-1111710","나카샤리","中斜里","なかしゃり","Nakashari","","line-11117"
"station-1111712","키요사토마치","清里町","きよさとまち","Kiyosatomachi","","line-11117"
"station-1111713","사츠츠루","札弦","さつつる","Satsutsuru","","line-11117"
"station-1111714","미도리","緑","みどり","Midori","","line-11117"
"station-1111715","카와유온선","川湯温泉","かわゆおんせん","Kawayuonsen","","line-11117"
"station-1111716","비루와","美留和","びるわ","Biruwa","","line-11117"
"station-1111717","마슈","摩周","ましゅう","Mashū","","line-11117"
"station-1111719","이소분나이","磯分内","いそぶんない","Isobunnai","","line-11117"
"station-1111720","시베차","標茶","しべちゃ","Shibecha","","line-11117"
"station-1111722","카야누마","茅沼","かやぬま","Kayanuma","","line-11117"
"station-1111723","토로","塘路","とうろ","TōRo","","line-11117"
"station-1111724","호소오카","細岡","ほそおか","Hosooka","","line-11117"
"station-1111725","쿠시로시츠겐","釧路湿原","くしろしつげん","Kushiroshitsugen","","line-11117"
"station-1111726","토오야","遠矢","とおや","TōYa","","line-11117"
"station-1111801","츄쇼코쿠","中小国","ちゅうしょうこく","ChūShōKoku","","line-11118"
"station-1111802","츠가루이마베츠","津軽今別","つがるいまべつ","Tsugaruimabetsu","","line-11118"
"station-1111806","키코나이","木古内","きこない","Kikonai","","line-11118"
"station-1120120","아오모리","青森","あおもり","Aomori","","line-11202"
"station-1120201","신조","新庄","しんじょう","Shinjō","","line-11202"
"station-1120202","이즈미다","泉田","いずみだ","Izumida","","line-11202"
"station-1120203","우젠토요사토","羽前豊里","うぜんとよさと","Uzentoyosato","","line-11202"
"station-1120204","마무로가와","真室川","まむろがわ","Mamurogawa","","line-11202"
"station-1120205","카마부치","釜淵","かまぶち","Kamabuchi","","line-11202"
"station-1120206","오타키","大滝","おおたき","ōTaki","","line-11202"
"station-1120207","노조키","及位","のぞき","Nozoki","","line-11202"
"station-1120208","인나이","院内","いんない","Innai","","line-11202"
"station-1120209","요코보리","横堀","よこぼり","Yokobori","","line-11202"
"station-1120210","미츠세키","三関","みつせき","Mitsuseki","","line-11202"
"station-1120211","카미유자와","上湯沢","かみゆざわ","Kamiyuzawa","","line-11202"
"station-1120212","유자와","湯沢","ゆざわ","Yuzawa","","line-11202"
"station-1120213","시모유자와","下湯沢","しもゆざわ","Shimoyuzawa","","line-11202"
"station-1120214","주몬지","十文字","じゅうもんじ","JūMonji","","line-11202"
"station-1120215","다이고","醍醐","だいご","Daigo","","line-11202"
"station-1120216","야나기다","柳田","やなぎだ","Yanagida","","line-11202"
"station-1120217","요코데","横手","よこで","Yokode","","line-11202"
"station-1120218","코산넨","後三年","こうさんねん","KōSannen","","line-11202"
"station-1120219","이이즈메","飯詰","いいづめ","īZume","","line-11202"
"station-1120220","오마가리","大曲","おおまがり","ōMagari","","line-11202"
"station-1120221","진구지","神宮寺","じんぐうじ","JingūJi","","line-11202"
"station-1120222","카리와노","刈和野","かりわの","Kariwano","","line-11202"
"station-1120223","미네요시카와","峰吉川","みねよしかわ","Mineyoshikawa","","line-11202"
"station-1120224","우고사카이","羽後境","うごさかい","Ugosakai","","line-11202"
"station-1120225","오바리노","大張野","おおばりの","ōBarino","","line-11202"
"station-1120226","와다","和田","わだ","Wada","","line-11202"
"station-1120227","요츠고야","四ツ小屋","よつごや","Yotsugoya","","line-11202"
"station-1120228","아키타","秋田","あきた","Akita","","line-11202"
"station-1120229","츠치자키","土崎","つちざき","Tsuchizaki","","line-11202"
"station-1120230","카미이이지마","上飯島","かみいいじま","KamiīJima","","line-11202"
"station-1120231","오이와케","追分","おいわけ","Oiwake","","line-11202"
"station-1120232","오쿠보","大久保","おおくぼ","ōKubo","","line-11202"
"station-1120233","우고이이즈카","羽後飯塚","うごいいづか","UgoīZuka","","line-11202"
"station-1120234","이카와사쿠라","井川さくら","いかわさくら","Ikawasakura","","line-11202"
"station-1120235","하치로가타","八郎潟","はちろうがた","HachirōGata","","line-11202"
"station-1120236","코이카와","鯉川","こいかわ","Koikawa","","line-11202"
"station-1120237","시카와타시","鹿渡","しかわたし","Shikawatashi","","line-11202"
"station-1120238","모리타케시","森岳","もりたけし","Moritakeshi","","line-11202"
"station-1120239","키타카나오카","北金岡","きたかなおか","Kitakanaoka","","line-11202"
"station-1120240","히가시노시로","東能代","ひがしのしろ","Higashinoshiro","","line-11202"
"station-1120241","츠루가타","鶴形","つるがた","Tsurugata","","line-11202"
"station-1120242","토미네","富根","とみね","Tomine","","line-11202"
"station-1120243","후타츠이","二ツ井","ふたつい","Futatsui","","line-11202"
"station-1120244","사키야마","前山","さきやま","Sakiyama","","line-11202"
"station-1120245","타카노스","鷹ノ巣","たかのす","Takanosu","","line-11202"
"station-1120246","누카자와","糠沢","ぬかざわ","Nukazawa","","line-11202"
"station-1120247","하야쿠치","早口","はやくち","Hayakuchi","","line-11202"
"station-1120248","시타카와조에","下川沿","したかわぞえ","Shitakawazoe","","line-11202"
"station-1120249","오다테","大館","おおだて","ōDate","","line-11202"
"station-1120250","시라사와","白沢","しらさわ","Shirasawa","","line-11202"
"station-1120251","진바","陣場","じんば","Jimba","","line-11202"
"station-1120252","츠가루유노사와","津軽湯の沢","つがるゆのさわ","Tsugaruyunosawa","","line-11202"
"station-1120253","이카리가세키","碇ケ関","いかりがせき","Ikarigaseki","","line-11202"
"station-1120254","나가미네","長峰","ながみね","Nagamine","","line-11202"
"station-1120255","오와니온선","大鰐温泉","おおわにおんせん","ōWanionsen","","line-11202"
"station-1120256","이시카와","石川","いしかわ","Ishikawa","","line-11202"
"station-1120257","히로사키","弘前","ひろさき","Hirosaki","","line-11202"
"station-1120258","나이조시","撫牛子","ないじょうし","NaijōShi","","line-11202"
"station-1120259","카와베","川部","かわべ","Kawabe","","line-11202"
"station-1120260","키타토키와","北常盤","きたときわ","Kitatokiwa","","line-11202"
"station-1120261","나미오카","浪岡","なみおか","Namioka","","line-11202"
"station-1120262","다이샤카","大釈迦","だいしゃか","Daishaka","","line-11202"
"station-1120263","츠루가사카","鶴ケ坂","つるがさか","Tsurugasaka","","line-11202"
"station-1120264","츠가루신조","津軽新城","つがるしんじょう","Tsugarushinjō","","line-11202"
"station-1120265","신아오모리","新青森","しんあおもり","Shinaomori","","line-11202"
"station-1120267","이즈미소토아사히카와","泉外旭川","いずみそとあさひかわ","Izumisotoasahikawa","","line-11202"
"station-1120110","노헤지","野辺地","のへじ","Noheji","","line-11203"
"station-1120302","키타노헨치","北野辺地","きたのへんち","Kitanohenchi","","line-11203"
"station-1120303","아리토","有戸","ありと","Arito","","line-11203"
"station-1120304","후키코시","吹越","ふきこし","Fukikoshi","","line-11203"
"station-1120305","미치노쿠요코하마","陸奥横浜","みちのくよこはま","Michinokuyokohama","","line-11203"
"station-1120306","아리하타","有畑","ありはた","Arihata","","line-11203"
"station-1120307","치카가와","近川","ちかがわ","Chikagawa","","line-11203"
"station-1120308","카나야사와","金谷沢","かなやさわ","Kanayasawa","","line-11203"
"station-1120309","아카가와","赤川","あかがわ","Akagawa","","line-11203"
"station-1120310","시모키타","下北","しもきた","Shimokita","","line-11203"
"station-1120311","오미나토","大湊","おおみなと","ōMinato","","line-11203"
"station-1120402","노시로","能代","のしろ","Noshiro","","line-11204"
"station-1120403","무카이노시로","向能代","むかいのしろ","Mukainoshiro","","line-11204"
"station-1120404","키타노시로","北能代","きたのしろ","Kitanoshiro","","line-11204"
"station-1120405","토리가타","鳥形","とりがた","Torigata","","line-11204"
"station-1120406","사와메","沢目","さわめ","Sawame","","line-11204"
"station-1120407","히가시하치모리","東八森","ひがしはちもり","Higashihachimori","","line-11204"
"station-1120408","야츠모리","八森","やつもり","Yatsumori","","line-11204"
"station-1120409","타키노마","滝ノ間","たきのま","Takinoma","","line-11204"
"station-1120410","아키타시라카미","あきた白神","あきたしらかみ","Akitashirakami","","line-11204"
"station-1120411","이와다테","岩館","いわだて","Iwadate","","line-11204"
"station-1120412","오마고시","大間越","おおまごし","ōMagoshi","","line-11204"
"station-1120413","시라카미타케시토잔구치","白神岳登山口","しらかみたけしとざんぐち","Shirakamitakeshitozanguchi","","line-11204"
"station-1120414","마츠가미","松神","まつがみ","Matsugami","","line-11204"
"station-1120415","주니코","十二湖","じゅうにこ","JūNiko","","line-11204"
"station-1120416","무츠이와사키","陸奥岩崎","むついわさき","Mutsuiwasaki","","line-11204"
"station-1120417","무츠사와베","陸奥沢辺","むつさわべ","Mutsusawabe","","line-11204"
"station-1120418","웨스파친잔","ウェスパ椿山","うぇすぱちんざん","Wesupachinzan","","line-11204"
"station-1120419","헤나시","艫作","へなし","Henashi","","line-11204"
"station-1120420","요코이소","横磯","よこいそ","Yokoiso","","line-11204"
"station-1120421","후카우라","深浦","ふかうら","Fukaura","","line-11204"
"station-1120422","히로토","広戸","ひろと","Hiroto","","line-11204"
"station-1120423","오이라세","追良瀬","おいらせ","Oirase","","line-11204"
"station-1120424","토도로키","驫木","とどろき","Todoroki","","line-11204"
"station-1120425","카소세","風合瀬","かそせ","Kasose","","line-11204"
"station-1120426","오도세","大戸瀬","おおどせ","ōDose","","line-11204"
"station-1120427","센조지키","千畳敷","せんじょうじき","SenjōJiki","","line-11204"
"station-1120428","키타카네가사와","北金ケ沢","きたかねがさわ","Kitakanegasawa","","line-11204"
"station-1120429","무츠야나기다","陸奥柳田","むつやなぎだ","Mutsuyanagida","","line-11204"
"station-1120430","무츠아카이시","陸奥赤石","むつあかいし","Mutsuakaishi","","line-11204"
"station-1120431","아지케사와","鰺ケ沢","あじけさわ","Ajikesawa","","line-11204"
"station-1120432","나루사와","鳴沢","なるさわ","Narusawa","","line-11204"
"station-1120433","코시미즈","越水","こしみず","Koshimizu","","line-11204"
"station-1120434","무츠모리타","陸奥森田","むつもりた","Mutsumorita","","line-11204"
"station-1120435","나카타","中田","なかた","Nakata","","line-11204"
"station-1120436","모쿠조","木造","もくぞう","Mokuzō","","line-11204"
"station-1120437","고쇼가와라","五所川原","ごしょがわら","Goshogawara","","line-11204"
"station-1120438","무츠츠루타","陸奥鶴田","むつつるた","Mutsutsuruta","","line-11204"
"station-1120439","츠루도마리","鶴泊","つるどまり","Tsurudomari","","line-11204"
"station-1120440","이타야나기","板柳","いたやなぎ","Itayanagi","","line-11204"
"station-1120441","하야시자키","林崎","はやしざき","Hayashizaki","","line-11204"
"station-1120442","후지사키","藤崎","ふじさき","Fujisaki","","line-11204"
"station-1120502","아부라카와","油川","あぶらかわ","Aburakawa","","line-11205"
"station-1120503","츠가루미야타","津軽宮田","つがるみやた","Tsugarumiyata","","line-11205"
"station-1120504","오쿠나이","奥内","おくない","Okunai","","line-11205"
"station-1120505","히다리제키","左堰","ひだりぜき","Hidarizeki","","line-11205"
"station-1120506","우시로가타","後潟","うしろがた","Ushirogata","","line-11205"
"station-1120507","나카자와","中沢","なかざわ","Nakazawa","","line-11205"
"station-1120508","요모기다","蓬田","よもぎだ","Yomogida","","line-11205"
"station-1120509","고사와","郷沢","ごうさわ","GōSawa","","line-11205"
"station-1120510","세헤지","瀬辺地","せへじ","Seheji","","line-11205"
"station-1120511","카니타","蟹田","かにた","Kanita","","line-11205"
"station-1120513","오히라","大平","おおひら","ōHira","","line-11205"
"station-1120515","오카와다이","大川平","おおかわだい","ōKawadai","","line-11205"
"station-1120516","이마베츠","今別","いまべつ","Imabetsu","","line-11205"
"station-1120517","츠가루하마나","津軽浜名","つがるはまな","Tsugaruhamana","","line-11205"
"station-1120518","민마야","三厩","みんまや","Mimmaya","","line-11205"
"station-1120601","하치노헤","八戸","はちのへ","Hachinohe","","line-11206"
"station-1120602","나가나와시로","長苗代","ながなわしろ","Naganawashiro","","line-11206"
"station-1120603","혼하치노헤","本八戸","ほんはちのへ","Honhachinohe","","line-11206"
"station-1120604","코나카노","小中野","こなかの","Konakano","","line-11206"
"station-1120605","무츠미나토","陸奥湊","むつみなと","Mutsuminato","","line-11206"
"station-1120606","하쿠긴","白銀","はくぎん","Hakugin","","line-11206"
"station-1120607","사메","鮫","さめ","Same","","line-11206"
"station-1120609","무츠시라하마","陸奥白浜","むつしらはま","Mutsushirahama","","line-11206"
"station-1120610","타네사시카이간","種差海岸","たねさしかいがん","Tanesashikaigan","","line-11206"
"station-1120611","오쿠키","大久喜","おおくき","ōKuki","","line-11206"
"station-1120612","카네하마","金浜","かねはま","Kanehama","","line-11206"
"station-1120613","다이자","大蛇","だいじゃ","Daija","","line-11206"
"station-1120614","카이조","階上","かいじょう","Kaijō","","line-11206"
"station-1120615","카쿠노하마","角の浜","かくのはま","Kakunohama","","line-11206"
"station-1120616","헤이나이","平内","へいない","Heinai","","line-11206"
"station-1120617","타네이치","種市","たねいち","Taneichi","","line-11206"
"station-1120618","타마가와","玉川","たまがわ","Tamagawa","","line-11206"
"station-1120619","슈쿠노헤","宿戸","しゅくのへ","Shukunohe","","line-11206"
"station-1120620","리쿠츄야기","陸中八木","りくちゅうやぎ","RikuchūYagi","","line-11206"
"station-1120621","아리야","有家","ありや","Ariya","","line-11206"
"station-1120622","리쿠츄나카노","陸中中野","りくちゅうなかの","RikuchūNakano","","line-11206"
"station-1120623","사무라이하마","侍浜","さむらいはま","Samuraihama","","line-11206"
"station-1120624","리쿠츄나츠이","陸中夏井","りくちゅうなつい","RikuchūNatsui","","line-11206"
"station-1120625","쿠지","久慈","くじ","Kuji","","line-11206"
"station-1120802","마타키","真滝","またき","Mataki","","line-11208"
"station-1120803","리쿠츄칸자키","陸中門崎","りくちゅうかんざき","RikuchūKanzaki","","line-11208"
"station-1120804","이와노시타","岩ノ下","いわのした","Iwanoshita","","line-11208"
"station-1120805","리쿠츄마츠카와","陸中松川","りくちゅうまつかわ","RikuchūMatsukawa","","line-11208"
"station-1120806","하나케이","猊鼻渓","猊はなけい","猊Hanakei","","line-11208"
"station-1120807","시바야도","柴宿","しばやど","Shibayado","","line-11208"
"station-1120808","스리사와","摺沢","すりさわ","Surisawa","","line-11208"
"station-1120809","센마야","千厩","せんまや","Semmaya","","line-11208"
"station-1120810","코나시","小梨","こなし","Konashi","","line-11208"
"station-1120811","야고시","矢越","やごし","Yagoshi","","line-11208"
"station-1120812","오리카베","折壁","おりかべ","Orikabe","","line-11208"
"station-1120813","신게츠","新月","しんげつ","Shingetsu","","line-11208"
"station-1120814","케센누마","気仙沼","けせんぬま","Kesennuma","","line-11208"
"station-1123166","이치노세키","一ノ関","いちのせき","Ichinoseki","","line-11208"
"station-1120902","니타나이","似内","にたない","Nitanai","","line-11209"
"station-1120903","신하나마키","新花巻","しんはなまき","Shinhanamaki","","line-11209"
"station-1120904","오야마다","小山田","おやまだ","Oyamada","","line-11209"
"station-1120905","츠치자와","土沢","つちざわ","Tsuchizawa","","line-11209"
"station-1120906","하리야마","晴山","はりやま","Hariyama","","line-11209"
"station-1120907","이와네바시","岩根橋","いわねばし","Iwanebashi","","line-11209"
"station-1120908","미야모리","宮守","みやもり","Miyamori","","line-11209"
"station-1120909","카시와기다이라","柏木平","かしわぎだいら","Kashiwagidaira","","line-11209"
"station-1120910","마스자와","鱒沢","ますざわ","Masuzawa","","line-11209"
"station-1120911","아라야마에","荒谷前","あらやまえ","Arayamae","","line-11209"
"station-1120912","이와테후츠카마치","岩手二日町","いわてふつかまち","Iwatefutsukamachi","","line-11209"
"station-1120913","아야오리","綾織","あやおり","Ayaori","","line-11209"
"station-1120914","토오노","遠野","とおの","TōNo","","line-11209"
"station-1120915","아오자사","青笹","あおざさ","Aozasa","","line-11209"
"station-1120916","이와테카미고","岩手上郷","いわてかみごう","Iwatekamigō","","line-11209"
"station-1120917","히라쿠라","平倉","ひらくら","Hirakura","","line-11209"
"station-1120918","아시가세","足ケ瀬","あしがせ","Ashigase","","line-11209"
"station-1120919","카미아리스","上有住","かみありす","Kamiarisu","","line-11209"
"station-1120920","리쿠츄오하시","陸中大橋","りくちゅうおおはし","RikuchūōHashi","","line-11209"
"station-1120921","도선","洞泉","どうせん","DōSen","","line-11209"
"station-1120922","마츠쿠라","松倉","まつくら","Matsukura","","line-11209"
"station-1120923","오사노","小佐野","おさの","Osano","","line-11209"
"station-1120924","카마이시","釜石","かまいし","Kamaishi","","line-11209"
"station-1123176","하나마키","花巻","はなまき","Hanamaki","","line-11209"
"station-1121002","야나기하라","柳原","やなぎはら","Yanagihara","","line-11210"
"station-1121003","에즈리코","江釣子","えづりこ","Ezuriko","","line-11210"
"station-1121004","후지네","藤根","ふじね","Fujine","","line-11210"
"station-1121005","타테카와메","立川目","たてかわめ","Tatekawame","","line-11210"
"station-1121006","요코카와메","横川目","よこかわめ","Yokokawame","","line-11210"
"station-1121007","이와사와","岩沢","いわさわ","Iwasawa","","line-11210"
"station-1121008","와가센닌","和賀仙人","わがせんにん","Wagasennin","","line-11210"
"station-1121009","유다킨슈코","ゆだ錦秋湖","ゆだきんしゅうこ","YudakinshūKo","","line-11210"
"station-1121010","홋토유다","ほっとゆだ","ほっとゆだ","Hottoyuda","","line-11210"
"station-1121011","유다코겐","ゆだ高原","ゆだこうげん","YudakōGen","","line-11210"
"station-1121012","쿠로사와","黒沢","くろさわ","Kurosawa","","line-11210"
"station-1121013","코마츠가와","小松川","こまつがわ","Komatsugawa","","line-11210"
"station-1121014","히라이시","平石","ひらいし","Hiraishi","","line-11210"
"station-1121015","아이노노","相野々","あいのの","Ainono","","line-11210"
"station-1121016","야비츠","矢美津","やびつ","Yabitsu","","line-11210"
"station-1123174","호쿠조","北上","ほくじょう","Hokujō","","line-11210"
"station-1121102","오카마","大釜","おおかま","ōKama","","line-11211"
"station-1121103","코이와이","小岩井","こいわい","Koiwai","","line-11211"
"station-1121104","시즈쿠이시","雫石","しずくいし","Shizukuishi","","line-11211"
"station-1121105","하루키바","春木場","はるきば","Harukiba","","line-11211"
"station-1121106","아카부치","赤渕","あかぶち","Akabuchi","","line-11211"
"station-1121107","타자와코","田沢湖","たざわこ","Tazawako","","line-11211"
"station-1121108","사시마키","刺巻","さしまき","Sashimaki","","line-11211"
"station-1121109","카미요","神代","かみよ","Kamiyo","","line-11211"
"station-1121110","이쿠타","生田","いくた","Ikuta","","line-11211"
"station-1121111","카쿠노다테","角館","かくのだて","Kakunodate","","line-11211"
"station-1121112","우구이스노","鶯野","うぐいすの","Uguisuno","","line-11211"
"station-1121113","우고나가노","羽後長野","うごながの","Ugonagano","","line-11211"
"station-1121114","야리미나이","鑓見内","やりみない","Yariminai","","line-11211"
"station-1121115","우고요츠야","羽後四ツ屋","うごよつや","Ugoyotsuya","","line-11211"
"station-1121116","키타오마가리","北大曲","きたおおまがり","KitaōMagari","","line-11211"
"station-1123185","모리오카","盛岡","もりおか","Morioka","","line-11211"
"station-1121201","코마","好摩","こうま","KōMa","","line-11212"
"station-1121202","토다이사라","東大更","とうだいさら","TōDaisara","","line-11212"
"station-1121203","오부케","大更","おおぶけ","ōBuke","","line-11212"
"station-1121204","타이라다테","平館","たいらだて","Tairadate","","line-11212"
"station-1121205","키타모리","北森","きたもり","Kitamori","","line-11212"
"station-1121206","마츠오하치만타이","松尾八幡平","まつおはちまんたい","Matsuohachimantai","","line-11212"
"station-1121207","앗피코겐","安比高原","あっぴこうげん","AppikōGen","","line-11212"
"station-1121208","아카사카다","赤坂田","あかさかだ","Akasakada","","line-11212"
"station-1121209","코야노하타케","小屋の畑","こやのはたけ","Koyanohatake","","line-11212"
"station-1121210","아라야신마치","荒屋新町","あらやしんまち","Arayashinmachi","","line-11212"
"station-1121211","요코마","横間","よこま","Yokoma","","line-11212"
"station-1121212","타야마","田山","たやま","Tayama","","line-11212"
"station-1121213","아니하타","兄畑","あにはた","Anihata","","line-11212"
"station-1121214","유제온선","湯瀬温泉","ゆぜおんせん","Yuzeonsen","","line-11212"
"station-1121215","야와타다이라","八幡平","やわただいら","Yawatadaira","","line-11212"
"station-1121216","리쿠츄오사토","陸中大里","りくちゅうおおさと","RikuchūōSato","","line-11212"
"station-1121217","카츠노하나와","鹿角花輪","かつのはなわ","Katsunohanawa","","line-11212"
"station-1121218","시바히라","柴平","しばひら","Shibahira","","line-11212"
"station-1121219","토와다미나미","十和田南","とわだみなみ","Towadaminami","","line-11212"
"station-1121220","스에히로","末広","すえひろ","Suehiro","","line-11212"
"station-1121221","도부카이","土深井","どぶかい","Dobukai","","line-11212"
"station-1121222","사와지리","沢尻","さわじり","Sawajiri","","line-11212"
"station-1121223","주니쇼","十二所","じゅうにしょ","JūNisho","","line-11212"
"station-1121224","오타키온선","大滝温泉","おおたきおんせん","ōTakionsen","","line-11212"
"station-1121225","오기다","扇田","おうぎだ","ōGida","","line-11212"
"station-1121226","토다이칸","東大館","とうだいかん","TōDaikan","","line-11212"
"station-1120701","모이치","茂市","もいち","Moichi","","line-11213"
"station-1121302","카미모리오카","上盛岡","かみもりおか","Kamimorioka","","line-11213"
"station-1121303","야마기시","山岸","やまぎし","Yamagishi","","line-11213"
"station-1121304","카미요나이","上米内","かみよない","Kamiyonai","","line-11213"
"station-1121307","쿠카이","区界","くかい","Kukai","","line-11213"
"station-1121308","마츠쿠사","松草","まつくさ","Matsukusa","","line-11213"
"station-1121309","히라츠토","平津戸","ひらつと","Hiratsuto","","line-11213"
"station-1121310","카와우치","川内","かわうち","Kawauchi","","line-11213"
"station-1121311","하코이시","箱石","はこいし","Hakoishi","","line-11213"
"station-1121312","리쿠츄카와이","陸中川井","りくちゅうかわい","RikuchūKawai","","line-11213"
"station-1121313","하라오비","腹帯","はらおび","Haraobi","","line-11213"
"station-1121315","히키가에루메","蟇目","ひきがえるめ","Hikigaerume","","line-11213"
"station-1121316","하나바라시","花原市","はなばらし","Hanabarashi","","line-11213"
"station-1121317","센토쿠","千徳","せんとく","Sentoku","","line-11213"
"station-1121318","미야코","宮古","みやこ","Miyako","","line-11213"
"station-1121401","니이츠","新津","にいつ","NīTsu","","line-11214"
"station-1121402","쿄가세","京ケ瀬","きょうがせ","KyōGase","","line-11214"
"station-1121403","미즈하라","水原","みずはら","Mizuhara","","line-11214"
"station-1121404","카미야마","神山","かみやま","Kamiyama","","line-11214"
"station-1121405","츠키오카","月岡","つきおか","Tsukioka","","line-11214"
"station-1121406","나카우라","中浦","なかうら","Nakaura","","line-11214"
"station-1121407","시바타","新発田","しばた","Shibata","","line-11214"
"station-1121408","카지","加治","かじ","Kaji","","line-11214"
"station-1121409","카나츠카","金塚","かなつか","Kanatsuka","","line-11214"
"station-1121410","츄조","中条","ちゅうじょう","ChūJō","","line-11214"
"station-1121411","히라키타","平木田","ひらきた","Hirakita","","line-11214"
"station-1121412","사카마치","坂町","さかまち","Sakamachi","","line-11214"
"station-1121413","히라바야시","平林","ひらばやし","Hirabayashi","","line-11214"
"station-1121414","이와후네마치","岩船町","いわふねまち","Iwafunemachi","","line-11214"
"station-1121415","무라카미","村上","むらかみ","Murakami","","line-11214"
"station-1121416","마지마","間島","まじま","Majima","","line-11214"
"station-1121417","에치고하야카와","越後早川","えちごはやかわ","Echigohayakawa","","line-11214"
"station-1121418","쿠와가와","桑川","くわがわ","Kuwagawa","","line-11214"
"station-1121419","이마가와","今川","いまがわ","Imagawa","","line-11214"
"station-1121420","에치고칸가와","越後寒川","えちごかんがわ","Echigokangawa","","line-11214"
"station-1121421","카츠키","勝木","かつき","Katsuki","","line-11214"
"station-1121422","후야","府屋","ふや","Fuya","","line-11214"
"station-1121423","네즈가세키","鼠ケ関","ねずがせき","Nezugaseki","","line-11214"
"station-1121424","코이와가와","小岩川","こいわがわ","Koiwagawa","","line-11214"
"station-1121425","아츠미온선","あつみ温泉","あつみおんせん","Atsumionsen","","line-11214"
"station-1121426","이소가와","五十川","いそがわ","Isogawa","","line-11214"
"station-1121427","코바토","小波渡","こばと","Kobato","","line-11214"
"station-1121428","미세","三瀬","みせ","Mise","","line-11214"
"station-1121429","우젠미즈사와","羽前水沢","うぜんみずさわ","Uzemmizusawa","","line-11214"
"station-1121430","우젠오야마","羽前大山","うぜんおおやま","UzenōYama","","line-11214"
"station-1121431","츠루오카","鶴岡","つるおか","Tsuruoka","","line-11214"
"station-1121432","후지시마","藤島","ふじしま","Fujishima","","line-11214"
"station-1121433","니시부쿠로","西袋","にしぶくろ","Nishibukuro","","line-11214"
"station-1121434","아마루메","余目","あまるめ","Amarume","","line-11214"
"station-1121435","키타아마루메","北余目","きたあまるめ","Kitaamarume","","line-11214"
"station-1121436","사고시","砂越","さごし","Sagoshi","","line-11214"
"station-1121437","히가시사카타","東酒田","ひがしさかた","Higashisakata","","line-11214"
"station-1121438","사카타","酒田","さかた","Sakata","","line-11214"
"station-1121439","모토타테","本楯","もとたて","Mototate","","line-11214"
"station-1121440","미나미토리우미","南鳥海","みなみとりうみ","Minamitoriumi","","line-11214"
"station-1121441","유사","遊佐","ゆさ","Yusa","","line-11214"
"station-1121442","후쿠라","吹浦","ふくら","Fukura","","line-11214"
"station-1121443","메가","女鹿","めが","Mega","","line-11214"
"station-1121444","코사가와","小砂川","こさがわ","Kosagawa","","line-11214"
"station-1121445","카미하마","上浜","かみはま","Kamihama","","line-11214"
"station-1121446","키사카타","象潟","きさかた","Kisakata","","line-11214"
"station-1121447","코노라","金浦","このうら","Konoura","","line-11214"
"station-1121448","니카호","仁賀保","にかほ","Nikaho","","line-11214"
"station-1121449","니시메","西目","にしめ","Nishime","","line-11214"
"station-1121450","우고혼조","羽後本荘","うごほんじょう","Ugohonjō","","line-11214"
"station-1121451","우고이와타니","羽後岩谷","うごいわたに","Ugoiwatani","","line-11214"
"station-1121452","오리와타리","折渡","おりわたり","Oriwatari","","line-11214"
"station-1121453","우고카메다","羽後亀田","うごかめだ","Ugokameda","","line-11214"
"station-1121454","이와키미나토","岩城みなと","いわきみなと","Iwakiminato","","line-11214"
"station-1121455","미치카와","道川","みちかわ","Michikawa","","line-11214"
"station-1121456","시모노하마","下浜","しものはま","Shimonohama","","line-11214"
"station-1121457","카츠라네","桂根","かつらね","Katsurane","","line-11214"
"station-1121458","아라야","新屋","あらや","Araya","","line-11214"
"station-1121459","우고시지마","羽後牛島","うごうしじま","Ugoushijima","","line-11214"
"station-1121502","데토하마","出戸浜","でとはま","Detohama","","line-11215"
"station-1121503","우에니타","上二田","うえにた","Uenita","","line-11215"
"station-1121504","후타다","二田","ふただ","Futada","","line-11215"
"station-1121505","텐노","天王","てんのう","Tennō","","line-11215"
"station-1121506","후나코시","船越","ふなこし","Funakoshi","","line-11215"
"station-1121507","와키모토","脇本","わきもと","Wakimoto","","line-11215"
"station-1121508","하다치","羽立","はだち","Hadachi","","line-11215"
"station-1121509","오가","男鹿","おが","Oga","","line-11215"
"station-1121602","사사키노","笹木野","ささきの","Sasakino","","line-11216"
"station-1121603","니와사카","庭坂","にわさか","Niwasaka","","line-11216"
"station-1121605","이타야","板谷","いたや","Itaya","","line-11216"
"station-1121606","토게","峠","とうげ","TōGe","","line-11216"
"station-1121607","오사와","大沢","おおさわ","ōSawa","","line-11216"
"station-1121608","세키네","関根","せきね","Sekine","","line-11216"
"station-1121609","요네자와","米沢","よねざわ","Yonezawa","","line-11216"
"station-1121610","오키타마","置賜","おきたま","Okitama","","line-11216"
"station-1121611","타카하타","高畠","たかはた","Takahata","","line-11216"
"station-1121612","아카유","赤湯","あかゆ","Akayu","","line-11216"
"station-1121613","나카가와","中川","なかがわ","Nakagawa","","line-11216"
"station-1121614","우젠나카야마","羽前中山","うぜんなかやま","Uzennakayama","","line-11216"
"station-1121615","카미노야마온선","かみのやま温泉","かみのやまおんせん","Kaminoyamaonsen","","line-11216"
"station-1121616","시게요시키넨칸마에","茂吉記念館前","しげよしきねんかんまえ","Shigeyoshikinenkanmae","","line-11216"
"station-1121617","자오","蔵王","ざおう","Zaō","","line-11216"
"station-1121618","야마가타","山形","やまがた","Yamagata","","line-11216"
"station-1121619","키타야마가타","北山形","きたやまがた","Kitayamagata","","line-11216"
"station-1121620","우젠치토세","羽前千歳","うぜんちとせ","Uzenchitose","","line-11216"
"station-1121621","미나미데하네","南出羽","みなみではね","Minamidehane","","line-11216"
"station-1121622","우루시야마","漆山","うるしやま","Urushiyama","","line-11216"
"station-1121623","타카타마","高擶","たかたま","Takatama","","line-11216"
"station-1121624","텐도","天童","てんどう","Tendō","","line-11216"
"station-1121625","미다레가와","乱川","みだれがわ","Midaregawa","","line-11216"
"station-1121626","진마치","神町","じんまち","Jimmachi","","line-11216"
"station-1121627","사쿠란보히가시네","さくらんぼ東根","さくらんぼひがしね","Sakurambohigashine","","line-11216"
"station-1121628","히가시네","東根","ひがしね","Higashine","","line-11216"
"station-1121629","무라야마","村山","むらやま","Murayama","","line-11216"
"station-1121630","소데자키","袖崎","そでざき","Sodezaki","","line-11216"
"station-1121631","오이시다","大石田","おおいしだ","ōIshida","","line-11216"
"station-1121632","호쿠다이이시다","北大石田","ほくだいいしだ","Hokudaiishida","","line-11216"
"station-1121633","아시자와","芦沢","あしざわ","Ashizawa","","line-11216"
"station-1121634","후나가타","舟形","ふながた","Funagata","","line-11216"
"station-1121636","텐도미나미","天童南","てんどうみなみ","TendōMinami","","line-11216"
"station-1123124","후쿠시마","福島","ふくしま","Fukushima","","line-11216"
"station-1121702","토쇼구우","東照宮","とうしょうぐう","TōShōGū","","line-11217"
"station-1121703","키타센다이","北仙台","きたせんだい","Kitasendai","","line-11217"
"station-1121704","키타야마","北山","きたやま","Kitayama","","line-11217"
"station-1121705","쿠니미","国見","くにみ","Kunimi","","line-11217"
"station-1121706","쿠즈오카","葛岡","くずおか","Kuzuoka","","line-11217"
"station-1121707","리쿠젠오치아이","陸前落合","りくぜんおちあい","Rikuzenochiai","","line-11217"
"station-1121708","아이코","愛子","あいこ","Aiko","","line-11217"
"station-1121709","리쿠젠시라사와","陸前白沢","りくぜんしらさわ","Rikuzenshirasawa","","line-11217"
"station-1121710","쿠마가네","熊ケ根","くまがね","Kumagane","","line-11217"
"station-1121712","사쿠나미","作並","さくなみ","Sakunami","","line-11217"
"station-1121714","오쿠닛카와","奥新川","おくにっかわ","Okunikkawa","","line-11217"
"station-1121715","오모시로야마코겐","面白山高原","おもしろやまこうげん","OmoshiroyamakōGen","","line-11217"
"station-1121716","야마데라","山寺","やまでら","Yamadera","","line-11217"
"station-1121717","타카세","高瀬","たかせ","Takase","","line-11217"
"station-1121718","타테야마","楯山","たてやま","Tateyama","","line-11217"
"station-1121722","토호쿠후쿠시다이마에","東北福祉大前","とうほくふくしだいまえ","TōHokufukushidaimae","","line-11217"
"station-1123143","센다이","仙台","せんだい","Sendai","","line-11217"
"station-1121803","히가시카나이","東金井","ひがしかない","Higashikanai","","line-11218"
"station-1121804","우젠야마베","羽前山辺","うぜんやまべ","Uzen'Yamabe","","line-11218"
"station-1121805","우젠카네자와","羽前金沢","うぜんかねざわ","Uzenkanezawa","","line-11218"
"station-1121806","우젠나가사키","羽前長崎","うぜんながさき","Uzennagasaki","","line-11218"
"station-1121807","미나미사가에","南寒河江","みなみさがえ","Minamisagae","","line-11218"
"station-1121808","사가에","寒河江","さがえ","Sagae","","line-11218"
"station-1121809","니시사가에","西寒河江","にしさがえ","Nishisagae","","line-11218"
"station-1121810","우젠타카마츠","羽前高松","うぜんたかまつ","Uzentakamatsu","","line-11218"
"station-1121811","시바하시","柴橋","しばはし","Shibahashi","","line-11218"
"station-1121812","히다리자와","左沢","ひだりざわ","Hidarizawa","","line-11218"
"station-1121902","미나미요네자와","南米沢","みなみよねざわ","Minamiyonezawa","","line-11219"
"station-1121903","니시요네자와","西米沢","にしよねざわ","Nishiyonezawa","","line-11219"
"station-1121904","나루시마","成島","なるしま","Narushima","","line-11219"
"station-1121905","나카군","中郡","なかぐん","Nakagun","","line-11219"
"station-1121906","우젠코마츠","羽前小松","うぜんこまつ","Uzenkomatsu","","line-11219"
"station-1121907","이누카와","犬川","いぬかわ","Inukawa","","line-11219"
"station-1121908","이마이즈미","今泉","いまいずみ","Imaizumi","","line-11219"
"station-1121909","하규","萩生","はぎゅう","Hagyū","","line-11219"
"station-1121910","우젠츠바키","羽前椿","うぜんつばき","Uzentsubaki","","line-11219"
"station-1121911","테노코","手ノ子","てのこ","Tenoko","","line-11219"
"station-1121912","우젠누마자와","羽前沼沢","うぜんぬまざわ","Uzennumazawa","","line-11219"
"station-1121913","이사료","伊佐領","いさりょう","Isaryō","","line-11219"
"station-1121914","우젠마츠오카","羽前松岡","うぜんまつおか","Uzemmatsuoka","","line-11219"
"station-1121915","쇼코쿠","小国","しょうこく","ShōKoku","","line-11219"
"station-1121916","에치고카나마루","越後金丸","えちごかなまる","Echigokanamaru","","line-11219"
"station-1121917","에치고카타카이","越後片貝","えちごかたかい","Echigokatakai","","line-11219"
"station-1121918","에치고시모세키","越後下関","えちごしもせき","Echigoshimoseki","","line-11219"
"station-1121919","에치고오시마","越後大島","えちごおおしま","EchigoōShima","","line-11219"
"station-1122002","마스가타","升形","ますがた","Masugata","","line-11220"
"station-1122003","우젠젠나미","羽前前波","うぜんぜんなみ","Uzenzennami","","line-11220"
"station-1122004","츠야","津谷","つや","Tsuya","","line-11220"
"station-1122005","코구치","古口","こぐち","Koguchi","","line-11220"
"station-1122006","타카야","高屋","たかや","Takaya","","line-11220"
"station-1122007","키요카와","清川","きよかわ","Kiyokawa","","line-11220"
"station-1122008","카리카와","狩川","かりかわ","Karikawa","","line-11220"
"station-1122009","미나미노","南野","みなみの","Minamino","","line-11220"
"station-1122102","키타우라","北浦","きたうら","Kitaura","","line-11221"
"station-1122103","리쿠젠야치","陸前谷地","りくぜんやち","Rikuzenyachi","","line-11221"
"station-1122104","후루카와","古川","ふるかわ","Furukawa","","line-11221"
"station-1122105","츠카노메","塚目","つかのめ","Tsukanome","","line-11221"
"station-1122106","니시후루카와","西古川","にしふるかわ","Nishifurukawa","","line-11221"
"station-1122107","히가시오사키","東大崎","ひがしおおさき","HigashiōSaki","","line-11221"
"station-1122108","니시오사키","西大崎","にしおおさき","NishiōSaki","","line-11221"
"station-1122109","이와데야마","岩出山","いわでやま","Iwadeyama","","line-11221"
"station-1122110","유칸","有備館","ゆう備かん","Yū備Kan","","line-11221"
"station-1122111","우에노메","上野目","うえのめ","Uenome","","line-11221"
"station-1122112","이케즈키","池月","いけづき","Ikezuki","","line-11221"
"station-1122113","카와도온선","川渡温泉","かわどおんせん","Kawadoonsen","","line-11221"
"station-1122114","나루코고텐유","鳴子御殿湯","なるこごてんゆ","Narukogotenyu","","line-11221"
"station-1122115","나루코온선","鳴子温泉","なるこおんせん","Narukoonsen","","line-11221"
"station-1122116","나카야마다이라온선","中山平温泉","なかやまだいらおんせん","Nakayamadairaonsen","","line-11221"
"station-1122117","사카이타","堺田","さかいた","Sakaita","","line-11221"
"station-1122118","아카쿠라온선","赤倉温泉","あかくらおんせん","Akakuraonsen","","line-11221"
"station-1122119","타츠코지","立小路","たつこうじ","TatsukōJi","","line-11221"
"station-1122120","사이조","最上","さいじょう","Saijō","","line-11221"
"station-1122121","오호리","大堀","おおほり","ōHori","","line-11221"
"station-1122122","우스기","鵜杉","うすぎ","Usugi","","line-11221"
"station-1122123","세미온선","瀬見温泉","せみおんせん","Semionsen","","line-11221"
"station-1122124","히가시나가사와","東長沢","ひがしながさわ","Higashinagasawa","","line-11221"
"station-1122125","나가사와","長沢","ながさわ","Nagasawa","","line-11221"
"station-1122126","미나미신조","南新庄","みなみしんじょう","Minamishinjō","","line-11221"
"station-1123156","코고타","小牛田","こごた","Kogota","","line-11221"
"station-1122201","아오바도리","あおば通","あおばどおり","AobadōRi","","line-11222"
"station-1122203","츠츠지가오카","榴ケ岡","つつじがおか","Tsutsujigaoka","","line-11222"
"station-1122204","미야기노하라","宮城野原","みやぎのはら","Miyaginohara","","line-11222"
"station-1122205","리쿠젠하라노마치","陸前原ノ町","りくぜんはらのまち","Rikuzenharanomachi","","line-11222"
"station-1122206","니가타케","苦竹","にがたけ","Nigatake","","line-11222"
"station-1122207","코즈루신덴","小鶴新田","こづるしんでん","Kozurushinden","","line-11222"
"station-1122208","후쿠다마치","福田町","ふくだまち","Fukudamachi","","line-11222"
"station-1122209","리쿠젠타카사고","陸前高砂","りくぜんたかさご","Rikuzentakasago","","line-11222"
"station-1122210","나카노사카에","中野栄","なかのさかえ","Nakanosakae","","line-11222"
"station-1122211","타가조","多賀城","たがじょう","Tagajō","","line-11222"
"station-1122212","게바","下馬","げば","Geba","","line-11222"
"station-1122213","니시시오가마","西塩釜","にししおがま","Nishishiogama","","line-11222"
"station-1122214","혼시오가마","本塩釜","ほんしおがま","Honshiogama","","line-11222"
"station-1122215","히가시시오가마","東塩釜","ひがししおがま","Higashishiogama","","line-11222"
"station-1122216","리쿠젠하마다","陸前浜田","りくぜんはまだ","Rikuzenhamada","","line-11222"
"station-1122217","마츠시마카이간","松島海岸","まつしまかいがん","Matsushimakaigan","","line-11222"
"station-1122218","타카기마치","高城町","たかぎまち","Takagimachi","","line-11222"
"station-1122219","테타루","手樽","てたる","Tetaru","","line-11222"
"station-1122220","리쿠젠토야마","陸前富山","りくぜんとやま","Rikuzentoyama","","line-11222"
"station-1122221","리쿠젠오츠카","陸前大塚","りくぜんおおつか","Rikuzen'ōTsuka","","line-11222"
"station-1122222","토메이","東名","とうめい","TōMei","","line-11222"
"station-1122223","노비루","野蒜","のびる","Nobiru","","line-11222"
"station-1122224","리쿠젠오노","陸前小野","りくぜんおの","Rikuzen'Ono","","line-11222"
"station-1122225","카즈마","鹿妻","かづま","Kazuma","","line-11222"
"station-1122226","야모토","矢本","やもと","Yamoto","","line-11222"
"station-1122227","히가시야모토","東矢本","ひがしやもと","Higashiyamoto","","line-11222"
"station-1122228","리쿠젠아카이","陸前赤井","りくぜんあかい","Rikuzen'Akai","","line-11222"
"station-1122229","헤비타","蛇田","へびた","Hebita","","line-11222"
"station-1122230","리쿠젠야마시타","陸前山下","りくぜんやました","Rikuzen'Yamashita","","line-11222"
"station-1122231","이시노마키","石巻","いしのまき","Ishinomaki","","line-11222"
"station-1122232","이시노마키아유미노","石巻あゆみ野","いしのまきあゆみの","Ishinomakiayumino","","line-11222"
"station-1122302","우에와쿠야","上涌谷","うえわくや","Uewakuya","","line-11223"
"station-1122303","와쿠야","涌谷","わくや","Wakuya","","line-11223"
"station-1122304","젠야치","前谷地","ぜんやち","Zenyachi","","line-11223"
"station-1122305","카케이야마","佳景山","かけいやま","Kakeiyama","","line-11223"
"station-1122306","카노마타","鹿又","かのまた","Kanomata","","line-11223"
"station-1122307","소나미신","曽波神","そなみしん","Sonamishin","","line-11223"
"station-1122309","리쿠젠이나이","陸前稲井","りくぜんいない","Rikuzen'Inai","","line-11223"
"station-1122310","와타노하","渡波","わたのは","Watanoha","","line-11223"
"station-1122311","만고쿠우라","万石浦","まんごくうら","Mangokuura","","line-11223"
"station-1122312","사와다","沢田","さわだ","Sawada","","line-11223"
"station-1122313","우라야도","浦宿","うらやど","Urayado","","line-11223"
"station-1122314","오나가와","女川","おながわ","Onagawa","","line-11223"
"station-1122402","와부치","和渕","わぶち","Wabuchi","","line-11224"
"station-1122403","노노타케","のの岳","ののたけ","Nonotake","","line-11224"
"station-1122404","리쿠젠토요사토","陸前豊里","りくぜんとよさと","Rikuzentoyosato","","line-11224"
"station-1122405","미타케도","御岳堂","みたけどう","Mitakedō","","line-11224"
"station-1122406","야나이즈","柳津","やないづ","Yanaizu","","line-11224"
"station-1122502","키쿠타","喜久田","きくた","Kikuta","","line-11225"
"station-1122503","야스코케토","安子ケ島","やすこけとう","Yasukoketō","","line-11225"
"station-1122504","반다이아타미","磐梯熱海","ばんだいあたみ","Bandaiatami","","line-11225"
"station-1122505","나카야마야도","中山宿","なかやまやど","Nakayamayado","","line-11225"
"station-1122506","조고","上戸","じょうご","JōGo","","line-11225"
"station-1122507","이나와시로코한","猪苗代湖畔","いなわしろこはん","Inawashirokohan","","line-11225"
"station-1122508","세키토","関都","せきと","Sekito","","line-11225"
"station-1122509","카와게타","川桁","かわげた","Kawageta","","line-11225"
"station-1122510","이나와시로","猪苗代","いなわしろ","Inawashiro","","line-11225"
"station-1122511","오키나지마","翁島","おきなじま","Okinajima","","line-11225"
"station-1122512","반다이마치","磐梯町","ばんだいまち","Bandaimachi","","line-11225"
"station-1122513","히가시나가하라","東長原","ひがしながはら","Higashinagahara","","line-11225"
"station-1122514","히로타","広田","ひろた","Hirota","","line-11225"
"station-1122515","아이즈와카마츠","会津若松","あいづわかまつ","Aizuwakamatsu","","line-11225"
"station-1122516","코오리야마토미타","郡山富田","こおりやまとみた","Kooriyamatomita","","line-11225"
"station-1123114","코오리야마","郡山","こおりやま","Kooriyama","","line-11225"
"station-1122602","도지마","堂島","どうじま","DōJima","","line-11226"
"station-1122603","오이카와","笈川","おいかわ","Oikawa","","line-11226"
"station-1122604","시오카와","塩川","しおかわ","Shiokawa","","line-11226"
"station-1122605","우바도","姥堂","うばどう","Ubadō","","line-11226"
"station-1122606","아이즈토요카와","会津豊川","あいづとよかわ","Aizutoyokawa","","line-11226"
"station-1122607","키타카타","喜多方","きたかた","Kitakata","","line-11226"
"station-1122608","야마토","山都","やまと","Yamato","","line-11226"
"station-1122609","오기노","荻野","おぎの","Ogino","","line-11226"
"station-1122610","오노보리","尾登","おのぼり","Onobori","","line-11226"
"station-1122611","노자와","野沢","のざわ","Nozawa","","line-11226"
"station-1122612","카미노지리","上野尻","かみのじり","Kaminojiri","","line-11226"
"station-1122613","토쿠사와","徳沢","とくさわ","Tokusawa","","line-11226"
"station-1122614","토요미","豊実","とよみ","Toyomi","","line-11226"
"station-1122615","히데야","日出谷","ひでや","Hideya","","line-11226"
"station-1122616","카노세","鹿瀬","かのせ","Kanose","","line-11226"
"station-1122617","츠가와","津川","つがわ","Tsugawa","","line-11226"
"station-1122618","미카와","三川","みかわ","Mikawa","","line-11226"
"station-1122619","고주토","五十島","ごじゅうとう","GojūTō","","line-11226"
"station-1122620","히가시게조","東下条","ひがしげじょう","Higashigejō","","line-11226"
"station-1122621","사키하나","咲花","さきはな","Sakihana","","line-11226"
"station-1122622","마오로시","馬下","まおろし","Maoroshi","","line-11226"
"station-1122623","사루와다","猿和田","さるわだ","Saruwada","","line-11226"
"station-1122624","고선","五泉","ごせん","Gosen","","line-11226"
"station-1122625","키타고선","北五泉","きたごせん","Kitagosen","","line-11226"
"station-1122626","니이제키","新関","にいぜき","NīZeki","","line-11226"
"station-1122627","히가시니이츠","東新津","ひがしにいつ","HigashinīTsu","","line-11226"
"station-1122702","나누카마치","七日町","なぬかまち","Nanukamachi","","line-11227"
"station-1122703","니시와카마츠","西若松","にしわかまつ","Nishiwakamatsu","","line-11227"
"station-1122704","아이즈혼고","会津本郷","あいづほんごう","Aizuhongō","","line-11227"
"station-1122705","아이즈타카다","会津高田","あいづたかだ","Aizutakada","","line-11227"
"station-1122706","네기시","根岸","ねぎし","Negishi","","line-11227"
"station-1122707","니이츠루","新鶴","にいつる","NīTsuru","","line-11227"
"station-1122708","와카미야","若宮","わかみや","Wakamiya","","line-11227"
"station-1122709","아이즈반게","会津坂下","あいづばんげ","Aizubange","","line-11227"
"station-1122710","토데라","塔寺","とうでら","TōDera","","line-11227"
"station-1122711","아이즈사카모토","会津坂本","あいづさかもと","Aizusakamoto","","line-11227"
"station-1122712","아이즈야나이즈","会津柳津","あいづやないづ","Aizuyanaizu","","line-11227"
"station-1122713","고도","郷戸","ごうど","GōDo","","line-11227"
"station-1122714","타키야","滝谷","たきや","Takiya","","line-11227"
"station-1122715","아이즈히노하라","会津桧原","あいづひのはら","Aizuhinohara","","line-11227"
"station-1122716","아이즈니시카타","会津西方","あいづにしかた","Aizunishikata","","line-11227"
"station-1122717","아이즈미야시타","会津宮下","あいづみやした","Aizumiyashita","","line-11227"
"station-1122718","하야토","早戸","はやと","Hayato","","line-11227"
"station-1122719","아이즈미즈누마","会津水沼","あいづみずぬま","Aizumizunuma","","line-11227"
"station-1122720","아이즈나카가와","会津中川","あいづなかがわ","Aizunakagawa","","line-11227"
"station-1122721","아이즈카와구치","会津川口","あいづかわぐち","Aizukawaguchi","","line-11227"
"station-1122722","혼묘","本名","ほんみょう","Hommyō","","line-11227"
"station-1122723","아이즈코스가와","会津越川","あいづこすがわ","Aizukosugawa","","line-11227"
"station-1122724","아이즈요코타","会津横田","あいづよこた","Aizuyokota","","line-11227"
"station-1122725","아이즈오시오","会津大塩","あいづおおしお","AizuōShio","","line-11227"
"station-1122726","아이즈시오자와","会津塩沢","あいづしおざわ","Aizushiozawa","","line-11227"
"station-1122727","아이즈가모","会津蒲生","あいづがもう","Aizugamō","","line-11227"
"station-1122728","타다미","只見","ただみ","Tadami","","line-11227"
"station-1122730","오시라카와","大白川","おおしらかわ","ōShirakawa","","line-11227"
"station-1122732","이리히로세","入広瀬","いりひろせ","Irihirose","","line-11227"
"station-1122733","카미조","上条","かみじょう","Kamijō","","line-11227"
"station-1122734","에치고스하라","越後須原","えちごすはら","Echigosuhara","","line-11227"
"station-1122735","사카나누마타츄","魚沼田中","さかなぬまたちゅう","Sakananumatachū","","line-11227"
"station-1122736","에치고히로세","越後広瀬","えちごひろせ","Echigohirose","","line-11227"
"station-1122737","야부신","藪神","やぶしん","Yabushin","","line-11227"
"station-1122738","코이데","小出","こいで","Koide","","line-11227"
"station-1122801","이와키","いわき","いわき","Iwaki","","line-11228"
"station-1122802","아카이","赤井","あかい","Akai","","line-11228"
"station-1122803","오가와고","小川郷","おがわごう","Ogawagō","","line-11228"
"station-1122804","에다","江田","えだ","Eda","","line-11228"
"station-1122805","카와마에","川前","かわまえ","Kawamae","","line-11228"
"station-1122806","나츠이","夏井","なつい","Natsui","","line-11228"
"station-1122807","오노니이마치","小野新町","おのにいまち","OnonīMachi","","line-11228"
"station-1122808","칸마타","神俣","かんまた","Kammata","","line-11228"
"station-1122809","스게노야","菅谷","すげのや","Sugenoya","","line-11228"
"station-1122810","오고시","大越","おおごし","ōGoshi","","line-11228"
"station-1122811","이와키토키와","磐城常葉","いわきときわ","Iwakitokiwa","","line-11228"
"station-1122812","후네히키","船引","ふねひき","Funehiki","","line-11228"
"station-1122813","카나메타","要田","かなめた","Kanameta","","line-11228"
"station-1122814","미하루","三春","みはる","Miharu","","line-11228"
"station-1122815","모기","舞木","もうぎ","MōGi","","line-11228"
"station-mlit-001657","이와키","いわき","いわき","Iwaki","","line-11229"
"station-mlit-001672","우치고","内郷","うちごう","Uchigō","","line-11229"
"station-mlit-001684","유모토","湯本","ゆもと","Yumoto","","line-11229"
"station-mlit-001710","이즈미","泉","いずみ","Izumi","","line-11229"
"station-mlit-001726","우에다","植田","うえだ","Ueda","","line-11229"
"station-mlit-001738","나코소","勿来","なこそ","Nakoso","","line-11229"
"station-mlit-001768","오츠미나토","大津港","おおつみなと","ōTsuminato","","line-11229"
"station-mlit-001800","이소하라","磯原","いそはら","Isohara","","line-11229"
"station-mlit-001849","미나미나카고","南中郷","みなみなかごう","Minaminakagō","","line-11229"
"station-mlit-001903","타카하기","高萩","たかはぎ","Takahagi","","line-11229"
"station-mlit-001990","주오","十王","じゅうおう","Jūō","","line-11229"
"station-mlit-002040","오기츠","小木津","おぎつ","Ogitsu","","line-11229"
"station-mlit-002079","히타치","日立","ひたち","Hitachi","","line-11229"
"station-mlit-002129","히타치타가","常陸多賀","ひたちたが","Hitachitaga","","line-11229"
"station-mlit-002171","오미카","大甕","おおみか","ōMika","","line-11229"
"station-mlit-002207","토카이","東海","とうかい","TōKai","","line-11229"
"station-mlit-002229","사와","佐和","さわ","Sawa","","line-11229"
"station-mlit-002280","카츠타","勝田","かつた","Katsuta","","line-11229"
"station-mlit-002300","아카츠카","赤塚","あかつか","Akatsuka","","line-11229"
"station-mlit-002311","카이라쿠엔","偕楽園","偕らくえん","偕Rakuen","","line-11229"
"station-mlit-002319","미토","水戸","みと","Mito","","line-11229"
"station-mlit-002321","우치하라","内原","うちはら","Uchihara","","line-11229"
"station-mlit-002350","토모베","友部","ともべ","Tomobe","","line-11229"
"station-mlit-002435","이와마","岩間","いわま","Iwama","","line-11229"
"station-mlit-002490","하토리","羽鳥","はとり","Hatori","","line-11229"
"station-mlit-002552","이시오카","石岡","いしおか","Ishioka","","line-11229"
"station-mlit-002569","타카하마","高浜","たかはま","Takahama","","line-11229"
"station-mlit-002608","칸다츠","神立","かんだつ","Kandatsu","","line-11229"
"station-mlit-002660","츠치우라","土浦","つちうら","Tsuchiura","","line-11229"
"station-mlit-002723","아라카와오키","荒川沖","あらかわおき","Arakawaoki","","line-11229"
"station-mlit-002746","히타치노시쿠","ひたち野うしく","ひたちのうしく","Hitachinoushiku","","line-11229"
"station-mlit-002794","우시쿠","牛久","うしく","Ushiku","","line-11229"
"station-mlit-002866","류가사키시","龍ケ崎市","りゅうがさきし","RyūGasakishi","","line-11229"
"station-mlit-002879","후지시로","藤代","ふじしろ","Fujishiro","","line-11229"
"station-mlit-002925","도리데","取手","とりで","Toride","","line-11229"
"station-1122901","도리데","取手","とりで","Toride","","line-11229--jobansen-totte-iwaki"
"station-1122902","후지시로","藤代","ふじしろ","Fujishiro","","line-11229--jobansen-totte-iwaki"
"station-1122903","류가사키시","龍ケ崎市","りゅうがさきし","RyūGasakishi","","line-11229--jobansen-totte-iwaki"
"station-1122904","우시쿠","牛久","うしく","Ushiku","","line-11229--jobansen-totte-iwaki"
"station-1122905","히타치노시쿠","ひたち野うしく","ひたちのうしく","Hitachinoushiku","","line-11229--jobansen-totte-iwaki"
"station-1122906","아라카와오키","荒川沖","あらかわおき","Arakawaoki","","line-11229--jobansen-totte-iwaki"
"station-1122907","츠치우라","土浦","つちうら","Tsuchiura","","line-11229--jobansen-totte-iwaki"
"station-1122908","칸다츠","神立","かんだつ","Kandatsu","","line-11229--jobansen-totte-iwaki"
"station-1122909","타카하마","高浜","たかはま","Takahama","","line-11229--jobansen-totte-iwaki"
"station-1122910","이시오카","石岡","いしおか","Ishioka","","line-11229--jobansen-totte-iwaki"
"station-1122911","하토리","羽鳥","はとり","Hatori","","line-11229--jobansen-totte-iwaki"
"station-1122912","이와마","岩間","いわま","Iwama","","line-11229--jobansen-totte-iwaki"
"station-1122913","토모베","友部","ともべ","Tomobe","","line-11229--jobansen-totte-iwaki"
"station-1122914","우치하라","内原","うちはら","Uchihara","","line-11229--jobansen-totte-iwaki"
"station-1122915","아카츠카","赤塚","あかつか","Akatsuka","","line-11229--jobansen-totte-iwaki"
"station-1122916","카이라쿠엔","偕楽園","偕らくえん","偕Rakuen","","line-11229--jobansen-totte-iwaki"
"station-1122917","미토","水戸","みと","Mito","","line-11229--jobansen-totte-iwaki"
"station-1122918","카츠타","勝田","かつた","Katsuta","","line-11229--jobansen-totte-iwaki"
"station-1122919","사와","佐和","さわ","Sawa","","line-11229--jobansen-totte-iwaki"
"station-1122920","토카이","東海","とうかい","TōKai","","line-11229--jobansen-totte-iwaki"
"station-1122921","오미카","大甕","おおみか","ōMika","","line-11229--jobansen-totte-iwaki"
"station-1122922","히타치타가","常陸多賀","ひたちたが","Hitachitaga","","line-11229--jobansen-totte-iwaki"
"station-1122923","히타치","日立","ひたち","Hitachi","","line-11229--jobansen-totte-iwaki"
"station-1122924","오기츠","小木津","おぎつ","Ogitsu","","line-11229--jobansen-totte-iwaki"
"station-1122925","주오","十王","じゅうおう","Jūō","","line-11229--jobansen-totte-iwaki"
"station-1122926","타카하기","高萩","たかはぎ","Takahagi","","line-11229--jobansen-totte-iwaki"
"station-1122927","미나미나카고","南中郷","みなみなかごう","Minaminakagō","","line-11229--jobansen-totte-iwaki"
"station-1122928","이소하라","磯原","いそはら","Isohara","","line-11229--jobansen-totte-iwaki"
"station-1122929","오츠미나토","大津港","おおつみなと","ōTsuminato","","line-11229--jobansen-totte-iwaki"
"station-1122930","나코소","勿来","なこそ","Nakoso","","line-11229--jobansen-totte-iwaki"
"station-1122931","우에다","植田","うえだ","Ueda","","line-11229--jobansen-totte-iwaki"
"station-1122932","이즈미","泉","いずみ","Izumi","","line-11229--jobansen-totte-iwaki"
"station-1122933","유모토","湯本","ゆもと","Yumoto","","line-11229--jobansen-totte-iwaki"
"station-1122934","우치고","内郷","うちごう","Uchigō","","line-11229--jobansen-totte-iwaki"
"station-1123002","쿠사노","草野","くさの","Kusano","","line-11230"
"station-1123003","욘츠쿠라","四ツ倉","よんつくら","Yontsukura","","line-11230"
"station-1123004","히사노하마","久ノ浜","ひさのはま","Hisanohama","","line-11230"
"station-1123005","스에츠기","末続","すえつぎ","Suetsugi","","line-11230"
"station-1123006","히로노","広野","ひろの","Hirono","","line-11230"
"station-1123007","키도","木戸","きど","Kido","","line-11230"
"station-1123008","타츠타","竜田","たつた","Tatsuta","","line-11230"
"station-1123009","토미오카","富岡","とみおか","Tomioka","","line-11230"
"station-1123010","요루노모리","夜ノ森","よるのもり","Yorunomori","","line-11230"
"station-1123011","오노","大野","おおの","ōNo","","line-11230"
"station-1123012","후타바","双葉","ふたば","Futaba","","line-11230"
"station-1123013","나미에","浪江","なみえ","Namie","","line-11230"
"station-1123014","모모치","桃内","ももうち","Momouchi","","line-11230"
"station-1123015","오다카","小高","おだか","Odaka","","line-11230"
"station-1123016","이와키오타","磐城太田","いわきおおた","IwakiōTa","","line-11230"
"station-1123017","하라노마치","原ノ町","はらのまち","Haranomachi","","line-11230"
"station-1123018","카시마","鹿島","かしま","Kashima","","line-11230"
"station-1123019","닛타키","日立木","にったき","Nittaki","","line-11230"
"station-1123020","소마","相馬","そうま","SōMa","","line-11230"
"station-1123021","코마가미네","駒ケ嶺","こまがみね","Komagamine","","line-11230"
"station-1123022","신치","新地","しんち","Shinchi","","line-11230"
"station-1123023","사카모토","坂元","さかもと","Sakamoto","","line-11230"
"station-1123024","야마시타","山下","やました","Yamashita","","line-11230"
"station-1123025","하마요시다","浜吉田","はまよしだ","Hamayoshida","","line-11230"
"station-1123026","와타리","亘理","わたり","Watari","","line-11230"
"station-1123027","오쿠마","逢隈","おうくま","ōKuma","","line-11230"
"station-1123035","j부렛지","Jヴィレッジ","jゔぃれっじ","Jvirejji","","line-11230"
"station-1123137","이와누마","岩沼","いわぬま","Iwanuma","","line-11230"
"station-1123138","타테코시","館腰","たてこし","Tatekoshi","","line-11230"
"station-1123139","나토리","名取","なとり","Natori","","line-11230"
"station-1123140","미나미센다이","南仙台","みなみせんだい","Minamisendai","","line-11230"
"station-1123141","타이시도","太子堂","たいしどう","Taishidō","","line-11230"
"station-1123142","나가마치","長町","ながまち","Nagamachi","","line-11230"
"station-1123101","쿠로이소","黒磯","くろいそ","Kuroiso","","line-11231"
"station-1123102","타카쿠","高久","たかく","Takaku","","line-11231"
"station-1123103","쿠로다하라","黒田原","くろだはら","Kurodahara","","line-11231"
"station-1123104","토요하라","豊原","とよはら","Toyohara","","line-11231"
"station-1123105","시라사카","白坂","しらさか","Shirasaka","","line-11231"
"station-1123106","신시라카와","新白河","しんしらかわ","Shinshirakawa","","line-11231"
"station-1123107","시라카와","白河","しらかわ","Shirakawa","","line-11231"
"station-1123108","쿠타노","久田野","くたの","Kutano","","line-11231"
"station-1123109","이즈미사키","泉崎","いずみさき","Izumisaki","","line-11231"
"station-1123110","야부키","矢吹","やぶき","Yabuki","","line-11231"
"station-1123111","카가미이시","鏡石","かがみいし","Kagamiishi","","line-11231"
"station-1123112","스카가와","須賀川","すかがわ","Sukagawa","","line-11231"
"station-1123113","아사카나가모리","安積永盛","あさかながもり","Asakanagamori","","line-11231"
"station-1123115","히와다","日和田","ひわだ","Hiwada","","line-11231"
"station-1123116","이모카와","五百川","いもかわ","Imokawa","","line-11231"
"station-1123117","모토미야","本宮","もとみや","Motomiya","","line-11231"
"station-1123118","스기타","杉田","すぎた","Sugita","","line-11231"
"station-1123119","니혼마츠","二本松","にほんまつ","Nihommatsu","","line-11231"
"station-1123120","아다치","安達","あだち","Adachi","","line-11231"
"station-1123121","마츠카와","松川","まつかわ","Matsukawa","","line-11231"
"station-1123122","카나야가와","金谷川","かなやがわ","Kanayagawa","","line-11231"
"station-1123123","미나미후쿠시마","南福島","みなみふくしま","Minamifukushima","","line-11231"
"station-1123125","히가시후쿠시마","東福島","ひがしふくしま","Higashifukushima","","line-11231"
"station-1123126","다테","伊達","だて","Date","","line-11231"
"station-1123127","쿠와오리","桑折","くわおり","Kuwaori","","line-11231"
"station-1123128","후지타","藤田","ふじた","Fujita","","line-11231"
"station-1123129","카이다","貝田","かいだ","Kaida","","line-11231"
"station-1123130","코스고","越河","こすごう","Kosugō","","line-11231"
"station-1123131","시라이시","白石","しらいし","Shiraishi","","line-11231"
"station-1123132","히가시시로이시","東白石","ひがししろいし","Higashishiroishi","","line-11231"
"station-1123133","키타시라카와","北白川","きたしらかわ","Kitashirakawa","","line-11231"
"station-1123134","오카와라","大河原","おおかわら","ōKawara","","line-11231"
"station-1123135","후나오카","船岡","ふなおか","Funaoka","","line-11231"
"station-1123136","츠키노키","槻木","つきのき","Tsukinoki","","line-11231"
"station-1123144","히가시센다이","東仙台","ひがしせんだい","Higashisendai","","line-11231"
"station-1123145","이와키리","岩切","いわきり","Iwakiri","","line-11231"
"station-1123146","신리후","新利府","しんりふ","Shinrifu","","line-11231"
"station-1123147","리후","利府","りふ","Rifu","","line-11231"
"station-1123148","리쿠젠산노","陸前山王","りくぜんさんのう","Rikuzensannō","","line-11231"
"station-1123149","코쿠후타가조","国府多賀城","こくふたがじょう","Kokufutagajō","","line-11231"
"station-1123150","시오가마","塩釜","しおがま","Shiogama","","line-11231"
"station-1123151","마츠시마","松島","まつしま","Matsushima","","line-11231"
"station-1123152","아타고","愛宕","あたご","Atago","","line-11231"
"station-1123153","시나이누마","品井沼","しないぬま","Shinainuma","","line-11231"
"station-1123154","카시마다이","鹿島台","かしまだい","Kashimadai","","line-11231"
"station-1123155","마츠야마마치","松山町","まつやままち","Matsuyamamachi","","line-11231"
"station-1123157","타지리","田尻","たじり","Tajiri","","line-11231"
"station-1123158","세미네","瀬峰","せみね","Semine","","line-11231"
"station-1123159","우메가사와","梅ケ沢","うめがさわ","Umegasawa","","line-11231"
"station-1123160","닛타","新田","にった","Nitta","","line-11231"
"station-1123161","이시코시","石越","いしこし","Ishikoshi","","line-11231"
"station-1123162","아부라지마","油島","あぶらじま","Aburajima","","line-11231"
"station-1123163","하나이즈미","花泉","はないずみ","Hanaizumi","","line-11231"
"station-1123164","시미즈겐","清水原","しみずげん","Shimizugen","","line-11231"
"station-1123165","아리카베","有壁","ありかべ","Arikabe","","line-11231"
"station-1123167","야마노메","山ノ目","やまのめ","Yamanome","","line-11231"
"station-1123168","히라이즈미","平泉","ひらいずみ","Hiraizumi","","line-11231"
"station-1123169","마에사와","前沢","まえさわ","Maesawa","","line-11231"
"station-1123170","리쿠츄오리이","陸中折居","りくちゅうおりい","RikuchūOrii","","line-11231"
"station-1123171","스이타쿠","水沢","すいたく","Suitaku","","line-11231"
"station-1123172","카네가사키","金ケ崎","かねがさき","Kanegasaki","","line-11231"
"station-1123173","로쿠하라","六原","ろくはら","Rokuhara","","line-11231"
"station-1123175","무라사키노","村崎野","むらさきの","Murasakino","","line-11231"
"station-1123177","하나마키 공항","花巻空港","はなまきくうこう","HanamakikūKō","","line-11231"
"station-1123178","이시도리야","石鳥谷","いしどりや","Ishidoriya","","line-11231"
"station-1123179","히즈메","日詰","ひづめ","Hizume","","line-11231"
"station-1123180","시와츄오","紫波中央","しわちゅうおう","Shiwachūō","","line-11231"
"station-1123181","후루다테","古館","ふるだて","Furudate","","line-11231"
"station-1123182","야하바","矢幅","やはば","Yahaba","","line-11231"
"station-1123183","이와테이이오카","岩手飯岡","いわていいおか","IwateīOka","","line-11231"
"station-1123184","센보쿠마치","仙北町","せんぼくまち","Sembokumachi","","line-11231"
"station-1130110","치가사키","茅ケ崎","ちがさき","Chigasaki","","line-11301"
"station-mlit-003766","도쿄","東京","とうきょう","Tokyo","","line-11301"
"station-mlit-003872","신바시","新橋","しんばし","Shimbashi","","line-11301"
"station-mlit-004095","시나가와","品川","しながわ","Shinagawa","","line-11301"
"station-mlit-004432","카와사키","川崎","かわさき","Kawasaki","","line-11301"
"station-mlit-004633","요코하마","横浜","よこはま","Yokohama","","line-11301"
"station-mlit-004818","토츠카","戸塚","とつか","Totsuka","","line-11301"
"station-mlit-004961","오후나","大船","おおぶね","ōBune","","line-11301"
"station-mlit-004997","후지사와","藤沢","ふじさわ","Fujisawa","","line-11301"
"station-mlit-005004","츠지도","辻堂","つじどう","Tsujidō","","line-11301"
"station-mlit-005034","히라츠카","平塚","ひらつか","Hiratsuka","","line-11301"
"station-mlit-005085","오이소","大磯","おおいそ","ōIso","","line-11301"
"station-mlit-005120","니노미야","二宮","にのみや","Ninomiya","","line-11301"
"station-mlit-005157","코즈","国府津","こうづ","KōZu","","line-11301"
"station-mlit-005170","카모노미야","鴨宮","かものみや","Kamonomiya","","line-11301"
"station-mlit-005215","오다와라","小田原","おだわら","Odawara","","line-11301"
"station-mlit-005261","하야카와","早川","はやかわ","Hayakawa","","line-11301"
"station-mlit-005342","네부카와","根府川","ねぶかわ","Nebukawa","","line-11301"
"station-mlit-005510","마나즈루","真鶴","まなづる","Manazuru","","line-11301"
"station-mlit-005541","유가와라","湯河原","ゆがわら","Yugawara","","line-11301"
"station-mlit-005685","아타미","熱海","あたみ","Atami","","line-11301"
"station-1130101","도쿄","東京","とうきょう","Tokyo","","line-11301--tokaidohonsen-tokyo-atami"
"station-1130102","신바시","新橋","しんばし","Shimbashi","","line-11301--tokaidohonsen-tokyo-atami"
"station-1130103","시나가와","品川","しながわ","Shinagawa","","line-11301--tokaidohonsen-tokyo-atami"
"station-1130104","카와사키","川崎","かわさき","Kawasaki","","line-11301--tokaidohonsen-tokyo-atami"
"station-1130105","요코하마","横浜","よこはま","Yokohama","","line-11301--tokaidohonsen-tokyo-atami"
"station-1130106","토츠카","戸塚","とつか","Totsuka","","line-11301--tokaidohonsen-tokyo-atami"
"station-1130107","오후나","大船","おおぶね","ōBune","","line-11301--tokaidohonsen-tokyo-atami"
"station-1130108","후지사와","藤沢","ふじさわ","Fujisawa","","line-11301--tokaidohonsen-tokyo-atami"
"station-1130109","츠지도","辻堂","つじどう","Tsujidō","","line-11301--tokaidohonsen-tokyo-atami"
"station-1130111","히라츠카","平塚","ひらつか","Hiratsuka","","line-11301--tokaidohonsen-tokyo-atami"
"station-1130112","오이소","大磯","おおいそ","ōIso","","line-11301--tokaidohonsen-tokyo-atami"
"station-1130113","니노미야","二宮","にのみや","Ninomiya","","line-11301--tokaidohonsen-tokyo-atami"
"station-1130114","코즈","国府津","こうづ","KōZu","","line-11301--tokaidohonsen-tokyo-atami"
"station-1130115","카모노미야","鴨宮","かものみや","Kamonomiya","","line-11301--tokaidohonsen-tokyo-atami"
"station-1130116","오다와라","小田原","おだわら","Odawara","","line-11301--tokaidohonsen-tokyo-atami"
"station-1130117","하야카와","早川","はやかわ","Hayakawa","","line-11301--tokaidohonsen-tokyo-atami"
"station-1130118","네부카와","根府川","ねぶかわ","Nebukawa","","line-11301--tokaidohonsen-tokyo-atami"
"station-1130119","마나즈루","真鶴","まなづる","Manazuru","","line-11301--tokaidohonsen-tokyo-atami"
"station-1130120","유가와라","湯河原","ゆがわら","Yugawara","","line-11301--tokaidohonsen-tokyo-atami"
"station-1130121","아타미","熱海","あたみ","Atami","","line-11301--tokaidohonsen-tokyo-atami"
"station-mlit-003335","타바타","田端","たばた","Tabata","","line-11302"
"station-mlit-003343","코마고메","駒込","こまごめ","Komagome","","line-11302"
"station-mlit-003354","스가모","巣鴨","すがも","Sugamo","","line-11302"
"station-mlit-003368","니시닛포리","西日暮里","にしにっぽり","Nishi-nippori","","line-11302"
"station-mlit-003375","오츠카","大塚","おおつか","Otsuka","","line-11302"
"station-mlit-003390","이케부쿠로","池袋","いけぶくろ","Ikebukuro","","line-11302"
"station-mlit-003417","닛포리","日暮里","にっぽり","Nippori","","line-11302"
"station-mlit-003460","우구이스다니","鶯谷","うぐいすだに","Uguisudani","","line-11302"
"station-mlit-003470","메지로","目白","めじろ","Mejiro","","line-11302"
"station-mlit-003505","우에노","上野","うえの","Ueno","","line-11302"
"station-mlit-003508","타카다노바바","高田馬場","たかだのばば","Takadanobaba","","line-11302"
"station-mlit-003555","오카치마치","御徒町","おかちまち","Okachimachi","","line-11302"
"station-mlit-003601","신오쿠보","新大久保","しんおおくぼ","Shin-okubo","","line-11302"
"station-mlit-003624","아키하바라","秋葉原","あきはばら","Akihabara","","line-11302"
"station-mlit-003677","칸다","神田","かんだ","Kanda","","line-11302"
"station-mlit-003700","신주쿠","新宿","しんじゅく","Shinjuku","","line-11302"
"station-mlit-003743","요요기","代々木","よよぎ","Yoyogi","","line-11302"
"station-mlit-003795","유라쿠초","有楽町","ゆうらくちょう","Yurakucho","","line-11302"
"station-mlit-003828","하라주쿠","原宿","はらじゅく","Harajuku","","line-11302"
"station-mlit-003922","시부야","渋谷","しぶや","Shibuya","","line-11302"
"station-mlit-003949","하마마츠초","浜松町","はままつちょう","Hamamatsucho","","line-11302"
"station-mlit-003991","에비스","恵比寿","えびす","Ebisu","","line-11302"
"station-mlit-004000","타마치","田町","たまち","Tamachi","","line-11302"
"station-mlit-004061","타카나와 게이트웨이","高輪ゲートウェイ","たかなわげーとうぇい","Takanawa Gateway","","line-11302"
"station-mlit-004072","메구로","目黒","めぐろ","Meguro","","line-11302"
"station-mlit-004110","고탄다","五反田","ごたんだ","Gotanda","","line-11302"
"station-mlit-004135","오사키","大崎","おおさき","Osaki","","line-11302"
"station-mlit-003634","타치카와","立川","たちかわ","Tachikawa","","line-11303"
"station-mlit-003665","니시코쿠리츠","西国立","にしこくりつ","Nishikokuritsu","","line-11303"
"station-mlit-003733","야가와","矢川","やがわ","Yagawa","","line-11303"
"station-mlit-003765","야호","谷保","やほ","Yaho","","line-11303"
"station-mlit-003831","니시후","西府","にしふ","Nishifu","","line-11303"
"station-mlit-003853","부바이가와라","分倍河原","ぶばいがわら","Bubaigawara","","line-11303"
"station-mlit-003876","후츄혼마치","府中本町","ふちゅうほんまち","FuchūHommachi","","line-11303"
"station-mlit-003980","미나미타마","南多摩","みなみたま","Minamitama","","line-11303"
"station-mlit-004011","이나기나가누마","稲城長沼","いなぎながぬま","Inaginaganuma","","line-11303"
"station-mlit-004032","야노쿠치","矢野口","やのくち","Yanokuchi","","line-11303"
"station-mlit-004067","이나다즈츠미","稲田堤","いなだづつみ","Inadazutsumi","","line-11303"
"station-mlit-004089","나카노토","中野島","なかのとう","Nakanotō","","line-11303"
"station-mlit-004130","노보리토","登戸","のぼりと","Noborito","","line-11303"
"station-mlit-004158","슈쿠가와라","宿河原","しゅくがわら","Shukugawara","","line-11303"
"station-mlit-004179","쿠지","久地","くじ","Kuji","","line-11303"
"station-mlit-004229","츠다산","津田山","つださん","Tsudasan","","line-11303"
"station-mlit-004242","무사시미조노쿠치","武蔵溝ノ口","むさしみぞのくち","Musashimizonokuchi","","line-11303"
"station-mlit-004269","무사시신조","武蔵新城","むさししんじょう","Musashishinjō","","line-11303"
"station-mlit-004286","무사시나카하라","武蔵中原","むさしなかはら","Musashinakahara","","line-11303"
"station-mlit-004297","무사시코스기","武蔵小杉","むさしこすぎ","Musashikosugi","","line-11303"
"station-mlit-004308","무카이가와라","向河原","むかいがわら","Mukaigawara","","line-11303"
"station-mlit-004336","히라마","平間","ひらま","Hirama","","line-11303"
"station-mlit-004359","카시마다","鹿島田","かしまだ","Kashimada","","line-11303"
"station-mlit-004403","야코","矢向","やこう","Yakō","","line-11303"
"station-mlit-004435","싯테","尻手","しって","Shitte","","line-11303"
"station-mlit-004448","핫초나와테","八丁畷","はっちょうなわて","HatchōNawate","","line-11303"
"station-mlit-004461","카와사키신마치","川崎新町","かわさきしんまち","Kawasakishimmachi","","line-11303"
"station-mlit-004475","오다사카에","小田栄","おださかえ","Odasakae","","line-11303"
"station-mlit-004488","하마카와사키","浜川崎","はまかわさき","Hamakawasaki","","line-11303"
"station-mlit-004496","츠루미","鶴見","つるみ","Tsurumi","","line-11304"
"station-mlit-004503","쇼와","昭和","しょうわ","ShōWa","","line-11304"
"station-mlit-004517","무사시시라이시","武蔵白石","むさししらいし","Musashishiraishi","","line-11304"
"station-mlit-004518","오기마치","扇町","おうぎまち","ōGimachi","","line-11304"
"station-mlit-004519","코쿠도","国道","こくどう","Kokudō","","line-11304"
"station-mlit-004522","안젠","安善","あんぜん","Anzen","","line-11304"
"station-mlit-004531","아사노","浅野","あさの","Asano","","line-11304"
"station-mlit-004532","츠루미오노","鶴見小野","つるみおの","Tsurumiono","","line-11304"
"station-mlit-004536","벤텐바시","弁天橋","べんてんばし","Bentembashi","","line-11304"
"station-mlit-004540","오카와","大川","おおかわ","ōKawa","","line-11304"
"station-mlit-004547","신시바우라","新芝浦","しんしばうら","Shinshibaura","","line-11304"
"station-mlit-004564","우미시바우라","海芝浦","うみしばうら","Umishibaura","","line-11304"
"station-mlit-002955","요시카와","吉川","よしかわ","Yoshikawa","","line-11305"
"station-mlit-002956","히가시카와구치","東川口","ひがしかわぐち","Higashikawaguchi","","line-11305"
"station-mlit-002957","코시가야레이쿠타운","越谷レイクタウン","こしがやれいくたうん","Koshigayareikutaun","","line-11305"
"station-mlit-002958","미나미코시가야","南越谷","みなみこしがや","Minamikoshigaya","","line-11305"
"station-mlit-002974","요시카와요시미나미","吉川美南","よしかわよしみなみ","Yoshikawayoshiminami","","line-11305"
"station-mlit-002980","히가시우라카즈","東浦和","ひがしうらかず","Higashiurakazu","","line-11305"
"station-mlit-002990","신미사토","新三郷","しんみさと","Shimmisato","","line-11305"
"station-mlit-003004","미나미우라와","南浦和","みなみうらわ","Minamiurawa","","line-11305"
"station-mlit-003006","무사시우라와","武蔵浦和","むさしうらわ","Musashiurawa","","line-11305"
"station-mlit-003010","미사토","三郷","みさと","Misato","","line-11305"
"station-mlit-003014","니시우라카즈","西浦和","にしうらかず","Nishiurakazu","","line-11305"
"station-mlit-003024","미나미나가레야마","南流山","みなみながれやま","Minaminagareyama","","line-11305"
"station-mlit-003045","신마츠도","新松戸","しんまつど","Shimmatsudo","","line-11305"
"station-mlit-003056","키타아사카","北朝霞","きたあさか","Kitaasaka","","line-11305"
"station-mlit-003081","니이자","新座","にいざ","NīZa","","line-11305"
"station-mlit-003100","히가시토코로자와","東所沢","ひがしところざわ","Higashitokorozawa","","line-11305"
"station-mlit-003106","신하치하시라","新八柱","しんはちはしら","Shinhachihashira","","line-11305"
"station-mlit-003152","신아키츠","新秋津","しんあきつ","Shin'Akitsu","","line-11305"
"station-mlit-003187","히가시마츠도","東松戸","ひがしまつど","Higashimatsudo","","line-11305"
"station-mlit-003234","이치카와오노","市川大野","いちかわおおの","IchikawaōNo","","line-11305"
"station-mlit-003385","신코다이라","新小平","しんこだいら","Shinkodaira","","line-11305"
"station-mlit-003387","후나바시호텐","船橋法典","ふなばしほうてん","FunabashihōTen","","line-11305"
"station-mlit-003547","니시후나바시","西船橋","にしふなばし","Nishifunabashi","","line-11305"
"station-mlit-003611","사이코쿠훈지","西国分寺","さいこくふんじ","Saikokufunji","","line-11305"
"station-mlit-003771","키타후츄","北府中","きたふちゅう","Kitafuchū","","line-11305"
"station-mlit-003947","하치오지","八王子","はちおうじ","HachiōJi","","line-11306"
"station-mlit-004038","카타쿠라","片倉","かたくら","Katakura","","line-11306"
"station-mlit-004082","하치오지미나미노","八王子みなみ野","はちおうじみなみの","HachiōJiminamino","","line-11306"
"station-mlit-004206","아이하라","相原","あいはら","Aihara","","line-11306"
"station-mlit-004253","하시모토","橋本","はしもと","Hashimoto","","line-11306"
"station-mlit-004284","사가미하라","相模原","さがみはら","Sagamihara","","line-11306"
"station-mlit-004304","야베","矢部","やべ","Yabe","","line-11306"
"station-mlit-004315","후치노베","淵野辺","ふちのべ","Fuchinobe","","line-11306"
"station-mlit-004345","코부치","古淵","こぶち","Kobuchi","","line-11306"
"station-mlit-004387","마치다","町田","まちだ","Machida","","line-11306"
"station-mlit-004414","나루세","成瀬","なるせ","Naruse","","line-11306"
"station-mlit-004430","나가츠타","長津田","ながつた","Nagatsuta","","line-11306"
"station-mlit-004443","주니치시조","十日市場","じゅうにちしじょう","JūNichishijō","","line-11306"
"station-mlit-004473","나카야마","中山","なかやま","Nakayama","","line-11306"
"station-mlit-004485","카모이","鴨居","かもい","Kamoi","","line-11306"
"station-mlit-004487","키쿠나","菊名","きくな","Kikuna","","line-11306"
"station-mlit-004495","코즈쿠에","小机","こづくえ","Kozukue","","line-11306"
"station-mlit-004501","신요코하마","新横浜","しんよこはま","Shin'Yokohama","","line-11306"
"station-mlit-004546","오구치","大口","おおぐち","ōGuchi","","line-11306"
"station-mlit-004596","히가시카나가와","東神奈川","ひがしかながわ","Higashikanagawa","","line-11306"
"station-mlit-004675","사쿠라기마치","桜木町","さくらぎまち","Sakuragimachi","","line-11307"
"station-mlit-004691","칸나이","関内","かんない","Kannai","","line-11307"
"station-mlit-004716","이시카와마치","石川町","いしかわまち","Ishikawamachi","","line-11307"
"station-mlit-004752","야마테","山手","やまて","Yamate","","line-11307"
"station-mlit-004772","네기시","根岸","ねぎし","Negishi","","line-11307"
"station-mlit-004821","이소고","磯子","いそご","Isogo","","line-11307"
"station-mlit-004872","신스기타","新杉田","しんすぎた","Shinsugita","","line-11307"
"station-mlit-004894","요코다이","洋光台","ようこうだい","YōKōDai","","line-11307"
"station-mlit-004900","코난다이","港南台","こうなんだい","KōNandai","","line-11307"
"station-mlit-004919","혼고다이","本郷台","ほんごうだい","HongōDai","","line-11307"
"station-1130807","호도가야","保土ケ谷","ほどがや","Hodogaya","","line-11308"
"station-mlit-004235","니시오이","西大井","にしおおい","NishiōI","","line-11308"
"station-mlit-004301","무사시코스기","武蔵小杉","むさしこすぎ","Musashikosugi","","line-11308"
"station-mlit-004358","신카와사키","新川崎","しんかわさき","Shinkawasaki","","line-11308"
"station-mlit-004741","히가시토츠카","東戸塚","ひがしとつか","Higashitotsuka","","line-11308"
"station-mlit-004998","키타카마쿠라","北鎌倉","きたかまくら","Kitakamakura","","line-11308"
"station-mlit-005055","카마쿠라","鎌倉","かまくら","Kamakura","","line-11308"
"station-mlit-005118","히가시즈시","東逗子","ひがしずし","Higashizushi","","line-11308"
"station-mlit-005121","즈시","逗子","ずし","Zushi","","line-11308"
"station-mlit-005133","타우라","田浦","たうら","Taura","","line-11308"
"station-mlit-005149","요코스카","横須賀","よこすか","Yokosuka","","line-11308"
"station-mlit-005210","키누가사","衣笠","きぬがさ","Kinugasa","","line-11308"
"station-mlit-005273","쿠리하마","久里浜","くりはま","Kurihama","","line-11308"
"station-1130902","키타치가사키","北茅ケ崎","きたちがさき","Kitachigasaki","","line-11309"
"station-mlit-004288","미나미하시모토","南橋本","みなみはしもと","Minamihashimoto","","line-11309"
"station-mlit-004342","카미미조","上溝","かみみぞ","Kamimizo","","line-11309"
"station-mlit-004379","반덴","番田","ばんでん","Banden","","line-11309"
"station-mlit-004437","하라토마","原当麻","はらとうま","HaratōMa","","line-11309"
"station-mlit-004462","시모미조","下溝","しもみぞ","Shimomizo","","line-11309"
"station-mlit-004544","소부다이시타","相武台下","そうぶだいした","SōBudaishita","","line-11309"
"station-mlit-004593","이리야","入谷","いりや","Iriya","","line-11309"
"station-mlit-004672","에비나","海老名","えびな","Ebina","","line-11309"
"station-mlit-004701","아츠기","厚木","あつぎ","Atsugi","","line-11309"
"station-mlit-004765","샤케","社家","しゃけ","Shake","","line-11309"
"station-mlit-004795","카도사와바시","門沢橋","かどさわばし","Kadosawabashi","","line-11309"
"station-mlit-004850","쿠라미","倉見","くらみ","Kurami","","line-11309"
"station-mlit-004880","미야야마","宮山","みややま","Miyayama","","line-11309"
"station-mlit-004920","사무카와","寒川","さむかわ","Samukawa","","line-11309"
"station-mlit-004953","카가와","香川","かがわ","Kagawa","","line-11309"
"station-mlit-002616","시오지리","塩尻","しおじり","Shiojiri","","line-11311"
"station-mlit-002636","미도리코","みどり湖","みどりこ","Midoriko","","line-11311"
"station-mlit-002676","시모스와","下諏訪","しもすわ","Shimosuwa","","line-11311"
"station-mlit-002696","오카야","岡谷","おかや","Okaya","","line-11311"
"station-mlit-002705","오노","小野","おの","Ono","","line-11311"
"station-mlit-002706","카미스와","上諏訪","かみすわ","Kamisuwa","","line-11311"
"station-mlit-002719","카와기시","川岸","かわぎし","Kawagishi","","line-11311"
"station-mlit-002744","시나노카와시마","信濃川島","しなのかわしま","Shinanokawashima","","line-11311"
"station-mlit-002764","치노","茅野","ちの","Chino","","line-11311"
"station-mlit-002776","타츠노","辰野","たつの","Tatsuno","","line-11311"
"station-mlit-002843","아오야기","青柳","あおやぎ","Aoyagi","","line-11311"
"station-mlit-002863","스즈란노사토","すずらんの里","すずらんのさと","Suzurannosato","","line-11311"
"station-mlit-002897","후지미","富士見","ふじみ","Fujimi","","line-11311"
"station-mlit-002946","시나노사카이","信濃境","しなのさかい","Shinanosakai","","line-11311"
"station-mlit-002981","코부치자와","小淵沢","こぶちざわ","Kobuchizawa","","line-11311"
"station-mlit-003042","나가사카","長坂","ながさか","Nagasaka","","line-11311"
"station-mlit-003108","히노하루","日野春","ひのはる","Hinoharu","","line-11311"
"station-mlit-003247","아나야마","穴山","あなやま","Anayama","","line-11311"
"station-mlit-003344","신후","新府","しんふ","Shinfu","","line-11311"
"station-mlit-003533","니라사키","韮崎","にらさき","Nirasaki","","line-11311"
"station-mlit-003572","시오야마","塩山","しおやま","Shioyama","","line-11311"
"station-mlit-003584","키치조지","吉祥寺","きちじょうじ","Kichijoji","","line-11311"
"station-mlit-003587","미타카","三鷹","みたか","Mitaka","","line-11311"
"station-mlit-003606","코쿠분지","国分寺","こくぶんじ","Kokubunji","","line-11311"
"station-mlit-003663","히가시야마나시","東山梨","ひがしやまなし","Higashiyamanashi","","line-11311"
"station-mlit-003714","시오자키","塩崎","しおざき","Shiozaki","","line-11311"
"station-mlit-003728","요츠야","四ツ谷","よつや","Yotsuya","","line-11311"
"station-mlit-003734","야마나시시","山梨市","やまなしし","Yamanashishi","","line-11311"
"station-mlit-003779","히노","日野","ひの","Hino","","line-11311"
"station-mlit-003808","카스가이마치","春日居町","かすがいまち","Kasugaimachi","","line-11311"
"station-mlit-003816","카츠누마부도사토","勝沼ぶどう郷","かつぬまぶどうさと","KatsunumabudōSato","","line-11311"
"station-mlit-003852","류오","竜王","りゅうおう","Ryūō","","line-11311"
"station-mlit-003867","코후","甲府","こうふ","KōFu","","line-11311"
"station-mlit-003918","사카오리","酒折","さかおり","Sakaori","","line-11311"
"station-mlit-003921","토요다","豊田","とよだ","Toyoda","","line-11311"
"station-mlit-003935","이사와온선","石和温泉","いさわおんせん","Isawaonsen","","line-11311"
"station-mlit-003942","니시하치오지","西八王子","にしはちおうじ","NishihachiōJi","","line-11311"
"station-mlit-004029","타카오","高尾","たかお","Takao","","line-11311"
"station-mlit-004040","카이다이와","甲斐大和","かいだいわ","Kaidaiwa","","line-11311"
"station-mlit-004140","우에노하라","上野原","うえのはら","Uenohara","","line-11311"
"station-mlit-004148","사가미코","相模湖","さがみこ","Sagamiko","","line-11311"
"station-mlit-004156","후지노","藤野","ふじの","Fujino","","line-11311"
"station-mlit-004162","시오츠","四方津","しおつ","Shiotsu","","line-11311"
"station-mlit-004166","오츠키","大月","おおつき","ōTsuki","","line-11311"
"station-mlit-004170","사루하시","猿橋","さるはし","Saruhashi","","line-11311"
"station-mlit-004192","토리사와","鳥沢","とりさわ","Torisawa","","line-11311"
"station-mlit-004213","하시카와","梁川","はしかわ","Hashikawa","","line-11311"
"station-mlit-004224","사사고","笹子","ささご","Sasago","","line-11311"
"station-mlit-004255","하츠카리","初狩","はつかり","Hatsukari","","line-11311"
"station-1130208","신센신주쿠","新線新宿","しんせんしんじゅく","Shinsenshinjuku","","line-11311--chuohonsen-tokyo-shiojiri"
"station-1130325","타치카와","立川","たちかわ","Tachikawa","","line-11311--chuohonsen-tokyo-shiojiri"
"station-1130620","하치오지","八王子","はちおうじ","HachiōJi","","line-11311--chuohonsen-tokyo-shiojiri"
"station-1131102","요츠야","四ツ谷","よつや","Yotsuya","","line-11311--chuohonsen-tokyo-shiojiri"
"station-1131104","키치조지","吉祥寺","きちじょうじ","Kichijoji","","line-11311--chuohonsen-tokyo-shiojiri"
"station-1131105","미타카","三鷹","みたか","Mitaka","","line-11311--chuohonsen-tokyo-shiojiri"
"station-1131106","코쿠분지","国分寺","こくぶんじ","Kokubunji","","line-11311--chuohonsen-tokyo-shiojiri"
"station-1131108","히노","日野","ひの","Hino","","line-11311--chuohonsen-tokyo-shiojiri"
"station-1131109","토요다","豊田","とよだ","Toyoda","","line-11311--chuohonsen-tokyo-shiojiri"
"station-1131111","니시하치오지","西八王子","にしはちおうじ","NishihachiōJi","","line-11311--chuohonsen-tokyo-shiojiri"
"station-1131112","타카오","高尾","たかお","Takao","","line-11311--chuohonsen-tokyo-shiojiri"
"station-1131113","사가미코","相模湖","さがみこ","Sagamiko","","line-11311--chuohonsen-tokyo-shiojiri"
"station-1131114","후지노","藤野","ふじの","Fujino","","line-11311--chuohonsen-tokyo-shiojiri"
"station-1131115","우에노하라","上野原","うえのはら","Uenohara","","line-11311--chuohonsen-tokyo-shiojiri"
"station-1131116","시오츠","四方津","しおつ","Shiotsu","","line-11311--chuohonsen-tokyo-shiojiri"
"station-1131117","하시카와","梁川","はしかわ","Hashikawa","","line-11311--chuohonsen-tokyo-shiojiri"
"station-1131118","토리사와","鳥沢","とりさわ","Torisawa","","line-11311--chuohonsen-tokyo-shiojiri"
"station-1131119","사루하시","猿橋","さるはし","Saruhashi","","line-11311--chuohonsen-tokyo-shiojiri"
"station-1131120","오츠키","大月","おおつき","ōTsuki","","line-11311--chuohonsen-tokyo-shiojiri"
"station-1131121","하츠카리","初狩","はつかり","Hatsukari","","line-11311--chuohonsen-tokyo-shiojiri"
"station-1131122","사사고","笹子","ささご","Sasago","","line-11311--chuohonsen-tokyo-shiojiri"
"station-1131123","카이다이와","甲斐大和","かいだいわ","Kaidaiwa","","line-11311--chuohonsen-tokyo-shiojiri"
"station-1131124","카츠누마부도사토","勝沼ぶどう郷","かつぬまぶどうさと","KatsunumabudōSato","","line-11311--chuohonsen-tokyo-shiojiri"
"station-1131125","시오야마","塩山","しおやま","Shioyama","","line-11311--chuohonsen-tokyo-shiojiri"
"station-1131126","히가시야마나시","東山梨","ひがしやまなし","Higashiyamanashi","","line-11311--chuohonsen-tokyo-shiojiri"
"station-1131127","야마나시시","山梨市","やまなしし","Yamanashishi","","line-11311--chuohonsen-tokyo-shiojiri"
"station-1131128","카스가이마치","春日居町","かすがいまち","Kasugaimachi","","line-11311--chuohonsen-tokyo-shiojiri"
"station-1131129","이사와온선","石和温泉","いさわおんせん","Isawaonsen","","line-11311--chuohonsen-tokyo-shiojiri"
"station-1131130","사카오리","酒折","さかおり","Sakaori","","line-11311--chuohonsen-tokyo-shiojiri"
"station-1131131","코후","甲府","こうふ","KōFu","","line-11311--chuohonsen-tokyo-shiojiri"
"station-1131132","류오","竜王","りゅうおう","Ryūō","","line-11311--chuohonsen-tokyo-shiojiri"
"station-1131133","시오자키","塩崎","しおざき","Shiozaki","","line-11311--chuohonsen-tokyo-shiojiri"
"station-1131134","니라사키","韮崎","にらさき","Nirasaki","","line-11311--chuohonsen-tokyo-shiojiri"
"station-1131135","신후","新府","しんふ","Shinfu","","line-11311--chuohonsen-tokyo-shiojiri"
"station-1131136","아나야마","穴山","あなやま","Anayama","","line-11311--chuohonsen-tokyo-shiojiri"
"station-1131137","히노하루","日野春","ひのはる","Hinoharu","","line-11311--chuohonsen-tokyo-shiojiri"
"station-1131138","나가사카","長坂","ながさか","Nagasaka","","line-11311--chuohonsen-tokyo-shiojiri"
"station-1131139","코부치자와","小淵沢","こぶちざわ","Kobuchizawa","","line-11311--chuohonsen-tokyo-shiojiri"
"station-1131140","시나노사카이","信濃境","しなのさかい","Shinanosakai","","line-11311--chuohonsen-tokyo-shiojiri"
"station-1131141","후지미","富士見","ふじみ","Fujimi","","line-11311--chuohonsen-tokyo-shiojiri"
"station-1131142","스즈란노사토","すずらんの里","すずらんのさと","Suzurannosato","","line-11311--chuohonsen-tokyo-shiojiri"
"station-1131143","아오야기","青柳","あおやぎ","Aoyagi","","line-11311--chuohonsen-tokyo-shiojiri"
"station-1131144","치노","茅野","ちの","Chino","","line-11311--chuohonsen-tokyo-shiojiri"
"station-1131145","카미스와","上諏訪","かみすわ","Kamisuwa","","line-11311--chuohonsen-tokyo-shiojiri"
"station-1131146","시모스와","下諏訪","しもすわ","Shimosuwa","","line-11311--chuohonsen-tokyo-shiojiri"
"station-1131147","오카야","岡谷","おかや","Okaya","","line-11311--chuohonsen-tokyo-shiojiri"
"station-1131148","미도리코","みどり湖","みどりこ","Midoriko","","line-11311--chuohonsen-tokyo-shiojiri"
"station-1131149","카와기시","川岸","かわぎし","Kawagishi","","line-11311--chuohonsen-tokyo-shiojiri"
"station-1131150","타츠노","辰野","たつの","Tatsuno","","line-11311--chuohonsen-tokyo-shiojiri"
"station-1131151","시나노카와시마","信濃川島","しなのかわしま","Shinanokawashima","","line-11311--chuohonsen-tokyo-shiojiri"
"station-1131152","오노","小野","おの","Ono","","line-11311--chuohonsen-tokyo-shiojiri"
"station-1131153","시오지리","塩尻","しおじり","Shiojiri","","line-11311--chuohonsen-tokyo-shiojiri"
"station-1131216","아사가야","阿佐ケ谷","あさがや","Asagaya","","line-11312"
"station-mlit-003568","나카노","中野","なかの","Nakano","","line-11312"
"station-mlit-003573","코엔지","高円寺","こうえんじ","Koenji","","line-11312"
"station-mlit-003575","오기쿠보","荻窪","おぎくぼ","Ogikubo","","line-11312"
"station-mlit-003579","니시오기쿠보","西荻窪","にしおぎくぼ","Nishiogikubo","","line-11312"
"station-mlit-003590","무사시사카이","武蔵境","むさしさかい","Musashisakai","","line-11312"
"station-mlit-003594","히가시코가네이","東小金井","ひがしこがねい","Higashikoganei","","line-11312"
"station-mlit-003600","무사시코가네이","武蔵小金井","むさしこがねい","Musashikoganei","","line-11312"
"station-mlit-003615","오차노미즈","御茶ノ水","おちゃのみず","Ochanomizu","","line-11312"
"station-mlit-003622","코쿠리츠","国立","こくりつ","Kokuritsu","","line-11312"
"station-1131312","센다가야","千駄ケ谷","せんだがや","Sendagaya","","line-11313"
"station-1131315","이치가야","市ケ谷","いちがや","Ichigaya","","line-11313"
"station-mlit-003360","코이와","小岩","こいわ","Koiwa","","line-11313"
"station-mlit-003403","이치카와","市川","いちかわ","Ichikawa","","line-11313"
"station-mlit-003449","모토야와타","本八幡","もとやわた","Motoyawata","","line-11313"
"station-mlit-003486","신코이와","新小岩","しんこいわ","Shinkoiwa","","line-11313"
"station-mlit-003498","시모사나카야마","下総中山","しもうさなかやま","ShimōSanakayama","","line-11313"
"station-mlit-003549","히가시나카노","東中野","ひがしなかの","Higashinakano","","line-11313"
"station-mlit-003561","히라이","平井","ひらい","Hirai","","line-11313"
"station-mlit-003580","스이도바시","水道橋","すいどうばし","SuidōBashi","","line-11313"
"station-mlit-003589","후나바시","船橋","ふなばし","Funabashi","","line-11313"
"station-mlit-003595","이다바시","飯田橋","いいだばし","Iidabashi","","line-11313"
"station-mlit-003604","오쿠보","大久保","おおくぼ","ōKubo","","line-11313"
"station-mlit-003613","히가시후나바시","東船橋","ひがしふなばし","Higashifunabashi","","line-11313"
"station-mlit-003635","카메이도","亀戸","かめいど","Kameido","","line-11313"
"station-mlit-003636","아사쿠사바시","浅草橋","あさくさばし","Asakusabashi","","line-11313"
"station-mlit-003639","킨시쵸","錦糸町","きんしまち","Kinshimachi","","line-11313"
"station-mlit-003654","료고쿠","両国","りょうこく","RyōKoku","","line-11313"
"station-mlit-003681","츠다누마","津田沼","つだぬま","Tsudanuma","","line-11313"
"station-mlit-003774","시나노마치","信濃町","しなのまち","Shinanomachi","","line-11313"
"station-mlit-003815","마쿠하리혼고","幕張本郷","まくはりほんごう","Makuharihongō","","line-11313"
"station-mlit-003919","마쿠하리","幕張","まくはり","Makuhari","","line-11313"
"station-mlit-003965","신케미가와","新検見川","しんけみがわ","Shinkemigawa","","line-11313"
"station-mlit-004047","이나게","稲毛","いなげ","Inage","","line-11313"
"station-mlit-004124","니시치바","西千葉","にしちば","Nishichiba","","line-11313"
"station-mlit-004173","치바","千葉","ちば","Chiba","","line-11313"
"station-mlit-003275","사루타","猿田","さるた","Saruta","","line-11314"
"station-mlit-003317","마츠기시","松岸","まつぎし","Matsugishi","","line-11314"
"station-mlit-003332","쿠라하시","倉橋","くらはし","Kurahashi","","line-11314"
"station-mlit-003396","이이오카","飯岡","いいおか","īOka","","line-11314"
"station-mlit-003397","초시","銚子","ちょうし","ChōShi","","line-11314"
"station-mlit-003457","아사히","旭","あさひ","Asahi","","line-11314"
"station-mlit-003478","히가타","干潟","ひがた","Higata","","line-11314"
"station-mlit-003531","사쿠라","佐倉","さくら","Sakura","","line-11314"
"station-mlit-003576","미나미시스이","南酒々井","みなみしすい","Minamishisui","","line-11314"
"station-mlit-003621","요카이치바","八日市場","ようかいちば","YōKaichiba","","line-11314"
"station-mlit-003668","바쿠로마치","馬喰町","ばくろまち","Bakuromachi","","line-11314"
"station-mlit-003703","신니혼바시","新日本橋","しんにほんばし","Shinnihombashi","","line-11314"
"station-mlit-003727","모노이","物井","ものい","Monoi","","line-11314"
"station-mlit-003732","이이쿠라","飯倉","いいくら","īKura","","line-11314"
"station-mlit-003741","에노키도","榎戸","えのきど","Enokido","","line-11314"
"station-mlit-003895","야마치","八街","やまち","Yamachi","","line-11314"
"station-mlit-003898","요츠카이도","四街道","よつかいどう","Yotsukaidō","","line-11314"
"station-mlit-003907","요코시바","横芝","よこしば","Yokoshiba","","line-11314"
"station-mlit-004054","마츠오","松尾","まつお","Matsuo","","line-11314"
"station-mlit-004057","츠가","都賀","つが","Tsuga","","line-11314"
"station-mlit-004096","히나타","日向","ひなた","Hinata","","line-11314"
"station-mlit-004151","히가시치바","東千葉","ひがしちば","Higashichiba","","line-11314"
"station-mlit-004189","나루토","成東","なるとう","Narutō","","line-11314"
"station-mlit-003053","후루사토","古里","ふるさと","Furusato","","line-11315"
"station-mlit-003058","하토노스","鳩ノ巣","はとのす","Hatonosu","","line-11315"
"station-mlit-003062","카와이","川井","かわい","Kawai","","line-11315"
"station-mlit-003065","시로마루","白丸","しろまる","Shiromaru","","line-11315"
"station-mlit-003069","오쿠타마","奥多摩","おくたま","Okutama","","line-11315"
"station-mlit-003074","이쿠사바타","軍畑","いくさばた","Ikusabata","","line-11315"
"station-mlit-003076","사와이","沢井","さわい","Sawai","","line-11315"
"station-mlit-003080","후타마타오","二俣尾","ふたまたお","Futamatao","","line-11315"
"station-mlit-003087","미타케","御嶽","みたけ","Mitake","","line-11315"
"station-mlit-003096","이시가미마에","石神前","いしがみまえ","Ishigamimae","","line-11315"
"station-mlit-003110","오메","青梅","おうめ","Oume","","line-11315"
"station-mlit-003113","히가시오메","東青梅","ひがしおうめ","Higashioume","","line-11315"
"station-mlit-003121","히나타와다","日向和田","ひなたわだ","Hinatawada","","line-11315"
"station-mlit-003127","미야노히라","宮ノ平","みやのひら","Miyanohira","","line-11315"
"station-mlit-003134","카와베","河辺","かわべ","Kawabe","","line-11315"
"station-mlit-003168","코사쿠","小作","こさく","Kosaku","","line-11315"
"station-mlit-003226","하무라","羽村","はむら","Hamura","","line-11315"
"station-mlit-003300","훗사","福生","ふっさ","Fussa","","line-11315"
"station-mlit-003353","우시하마","牛浜","うしはま","Ushihama","","line-11315"
"station-mlit-003462","하이지마","拝島","はいじま","Haijima","","line-11315"
"station-mlit-003507","아키시마","昭島","あきしま","Akishima","","line-11315"
"station-mlit-003536","나카가미","中神","なかがみ","Nakagami","","line-11315"
"station-mlit-003562","히가시나카신","東中神","ひがしなかしん","Higashinakashin","","line-11315"
"station-mlit-003581","니시타치카와","西立川","にしたちかわ","Nishitachikawa","","line-11315"
"station-mlit-003372","무사시이츠카이치","武蔵五日市","むさしいつかいち","Musashiitsukaichi","","line-11316"
"station-mlit-003383","무사시마스코","武蔵増戸","むさしますこ","Musashimasuko","","line-11316"
"station-mlit-003395","무사시히키타","武蔵引田","むさしひきた","Musashihikita","","line-11316"
"station-mlit-003411","쿠마카와","熊川","くまかわ","Kumakawa","","line-11316"
"station-mlit-003413","아키카와","秋川","あきかわ","Akikawa","","line-11316"
"station-mlit-003433","히가시아키루","東秋留","ひがしあきる","Higashiakiru","","line-11316"
"station-1131706","하코네가사키","箱根ケ崎","はこねがさき","Hakonegasaki","","line-11317"
"station-mlit-002927","코마가와","高麗川","こまがわ","Komagawa","","line-11317"
"station-mlit-002997","히가시한노","東飯能","ひがしはんのう","Higashihannō","","line-11317"
"station-mlit-003067","카네코","金子","かねこ","Kaneko","","line-11317"
"station-mlit-003282","히가시훗사","東福生","ひがしふっさ","Higashifussa","","line-11317"
"station-mlit-003726","코미야","小宮","こみや","Komiya","","line-11317"
"station-mlit-003841","키타하치오지","北八王子","きたはちおうじ","KitahachiōJi","","line-11317"
"station-1131506","하이지마","拝島","はいじま","Haijima","","line-11317--hachikosen-hachioji-komagawa"
"station-1131702","키타하치오지","北八王子","きたはちおうじ","KitahachiōJi","","line-11317--hachikosen-hachioji-komagawa"
"station-1131703","코미야","小宮","こみや","Komiya","","line-11317--hachikosen-hachioji-komagawa"
"station-1131705","히가시훗사","東福生","ひがしふっさ","Higashifussa","","line-11317--hachikosen-hachioji-komagawa"
"station-1131707","카네코","金子","かねこ","Kaneko","","line-11317--hachikosen-hachioji-komagawa"
"station-1131708","히가시한노","東飯能","ひがしはんのう","Higashihannō","","line-11317--hachikosen-hachioji-komagawa"
"station-1131709","코마가와","高麗川","こまがわ","Komagawa","","line-11317--hachikosen-hachioji-komagawa"
"station-1131802","케로","毛呂","けろ","Kero","","line-11318"
"station-1131803","코시오","越生","こしお","Koshio","","line-11318"
"station-1131804","아키라사토시","明覚","あきらさとし","Akirasatoshi","","line-11318"
"station-1131805","오가와마치","小川町","おがわまち","Ogawamachi","","line-11318"
"station-1131806","타케자와","竹沢","たけざわ","Takezawa","","line-11318"
"station-1131807","오리하라","折原","おりはら","Orihara","","line-11318"
"station-1131808","요리이","寄居","よりい","Yorii","","line-11318"
"station-1131809","요도","用土","ようど","YōDo","","line-11318"
"station-1131810","마츠큐","松久","まつきゅう","Matsukyū","","line-11318"
"station-1131811","코다마","児玉","こだま","Kodama","","line-11318"
"station-1131812","탄소","丹荘","たんそう","Tansō","","line-11318"
"station-1131813","군마후지오카","群馬藤岡","ぐんまふじおか","Gummafujioka","","line-11318"
"station-1131814","키타후지오카","北藤岡","きたふじおか","Kitafujioka","","line-11318"
"station-1131815","쿠라가노","倉賀野","くらがの","Kuragano","","line-11318"
"station-1131816","타카사키","高崎","たかさき","Takasaki","","line-11318"
"station-mlit-001705","쿠로이소","黒磯","くろいそ","Kuroiso","","line-11319"
"station-mlit-001720","나스시오바라","那須塩原","なすしおばら","Nasushiobara","","line-11319"
"station-mlit-001737","니시나스노","西那須野","にしなすの","Nishinasuno","","line-11319"
"station-mlit-001771","노사키","野崎","のさき","Nosaki","","line-11319"
"station-mlit-001789","야이타","矢板","やいた","Yaita","","line-11319"
"station-mlit-001847","카타오카","片岡","かたおか","Kataoka","","line-11319"
"station-mlit-001895","카마스사카","蒲須坂","かますさか","Kamasusaka","","line-11319"
"station-mlit-001974","우지이에","氏家","うじいえ","Ujiie","","line-11319"
"station-mlit-002046","호샤쿠지","宝積寺","ほうしゃくじ","HōShakuji","","line-11319"
"station-mlit-002072","오카모토","岡本","おかもと","Okamoto","","line-11319"
"station-mlit-002113","우츠노미야","宇都宮","うつのみや","Utsunomiya","","line-11319"
"station-mlit-002183","스즈메노미야","雀宮","すずめのみや","Suzumenomiya","","line-11319"
"station-mlit-002225","이시바시","石橋","いしばし","Ishibashi","","line-11319"
"station-mlit-002277","지치이다이","自治医大","じちいだい","Jichiidai","","line-11319"
"station-mlit-002309","코가네이","小金井","こがねい","Koganei","","line-11319"
"station-mlit-002407","코야마","小山","こやま","Koyama","","line-11319"
"station-mlit-002476","마마다","間々田","ままだ","Mamada","","line-11319"
"station-mlit-002509","노기","野木","のぎ","Nogi","","line-11319"
"station-mlit-002547","후루카와","古河","ふるかわ","Furukawa","","line-11319"
"station-mlit-002592","쿠리하시","栗橋","くりはし","Kurihashi","","line-11319"
"station-mlit-002643","히가시와시미야","東鷲宮","ひがしわしみや","Higashiwashimiya","","line-11319"
"station-mlit-002683","쿠키","久喜","くき","Kuki","","line-11319"
"station-mlit-002716","신시라오카","新白岡","しんしらおか","Shinshiraoka","","line-11319"
"station-mlit-002737","시라오카","白岡","しらおか","Shiraoka","","line-11319"
"station-mlit-002781","하스다","蓮田","はすだ","Hasuda","","line-11319"
"station-mlit-002838","히가시오미야","東大宮","ひがしおおみや","HigashiōMiya","","line-11319"
"station-mlit-002859","토로","土呂","とろ","Toro","","line-11319"
"station-mlit-002914","오미야","大宮","おおみや","ōMiya","","line-11319"
"station-mlit-002934","사이타마신토신","さいたま新都心","さいたましんとしん","Saitamashintoshin","","line-11319"
"station-mlit-002989","우라와","浦和","うらわ","Urawa","","line-11319"
"station-mlit-003155","아카바","赤羽","あかば","Akaba","","line-11319"
"station-mlit-003278","오규","尾久","おぎゅう","Ogyū","","line-11319"
"station-1130220","우에노","上野","うえの","Ueno","","line-11320"
"station-mlit-002959","키타카시와","北柏","きたかしわ","Kitakashiwa","","line-11320"
"station-mlit-002965","아비코","我孫子","あびこ","Abiko","","line-11320"
"station-mlit-002967","텐노다이","天王台","てんのうだい","TennōDai","","line-11320"
"station-mlit-002984","카시와","柏","かしわ","Kashiwa","","line-11320"
"station-mlit-003012","미나미카시와","南柏","みなみかしわ","Minamikashiwa","","line-11320"
"station-mlit-003032","키타코가네","北小金","きたこがね","Kitakogane","","line-11320"
"station-mlit-003064","마바시","馬橋","まばし","Mabashi","","line-11320"
"station-mlit-003089","키타마츠도","北松戸","きたまつど","Kitamatsudo","","line-11320"
"station-mlit-003136","마츠도","松戸","まつど","Matsudo","","line-11320"
"station-mlit-003191","카나마치","金町","かなまち","Kanamachi","","line-11320"
"station-mlit-003199","카메아리","亀有","かめあり","Kameari","","line-11320"
"station-mlit-003214","아야세","綾瀬","あやせ","Ayase","","line-11320"
"station-mlit-003260","키타센주","北千住","きたせんじゅ","Kitasenju","","line-11320"
"station-mlit-003359","미카와토","三河島","みかわとう","Mikawatō","","line-11320"
"station-mlit-003363","미나미센주","南千住","みなみせんじゅ","Minamisenju","","line-11320"
"station-1130218","닛포리","日暮里","にっぽり","Nippori","","line-11320--jobansen-ueno-totte"
"station-1130519","신마츠도","新松戸","しんまつど","Shimmatsudo","","line-11320--jobansen-ueno-totte"
"station-1132003","미카와토","三河島","みかわとう","Mikawatō","","line-11320--jobansen-ueno-totte"
"station-1132004","미나미센주","南千住","みなみせんじゅ","Minamisenju","","line-11320--jobansen-ueno-totte"
"station-1132005","키타센주","北千住","きたせんじゅ","Kitasenju","","line-11320--jobansen-ueno-totte"
"station-1132006","아야세","綾瀬","あやせ","Ayase","","line-11320--jobansen-ueno-totte"
"station-1132007","카메아리","亀有","かめあり","Kameari","","line-11320--jobansen-ueno-totte"
"station-1132008","카나마치","金町","かなまち","Kanamachi","","line-11320--jobansen-ueno-totte"
"station-1132009","마츠도","松戸","まつど","Matsudo","","line-11320--jobansen-ueno-totte"
"station-1132010","키타마츠도","北松戸","きたまつど","Kitamatsudo","","line-11320--jobansen-ueno-totte"
"station-1132011","마바시","馬橋","まばし","Mabashi","","line-11320--jobansen-ueno-totte"
"station-1132013","키타코가네","北小金","きたこがね","Kitakogane","","line-11320--jobansen-ueno-totte"
"station-1132014","미나미카시와","南柏","みなみかしわ","Minamikashiwa","","line-11320--jobansen-ueno-totte"
"station-1132015","카시와","柏","かしわ","Kashiwa","","line-11320--jobansen-ueno-totte"
"station-1132016","키타카시와","北柏","きたかしわ","Kitakashiwa","","line-11320--jobansen-ueno-totte"
"station-1132017","아비코","我孫子","あびこ","Abiko","","line-11320--jobansen-ueno-totte"
"station-1132018","텐노다이","天王台","てんのうだい","TennōDai","","line-11320--jobansen-ueno-totte"
"station-mlit-002938","키타요노","北与野","きたよの","Kitayono","","line-11321"
"station-mlit-002951","요노혼마치","与野本町","よのほんまち","Yonohommachi","","line-11321"
"station-mlit-002975","미나미요노","南与野","みなみよの","Minamiyono","","line-11321"
"station-mlit-002995","나카우라카즈","中浦和","なかうらかず","Nakaurakazu","","line-11321"
"station-mlit-003044","키타토다","北戸田","きたとだ","Kitatoda","","line-11321"
"station-mlit-003052","토다","戸田","とだ","Toda","","line-11321"
"station-mlit-003072","토다코엔","戸田公園","とだこうえん","TodakōEn","","line-11321"
"station-mlit-003107","우키마후나토","浮間舟渡","うきまふなと","Ukimafunato","","line-11321"
"station-mlit-003130","키타아카와","北赤羽","きたあかわ","Kitaakawa","","line-11321"
"station-mlit-003218","주조","十条","じゅうじょう","JūJō","","line-11321"
"station-mlit-003286","이타바시","板橋","いたばし","Itabashi","","line-11321"
"station-mlit-002862","닛신","日進","にっしん","Nisshin","","line-11322"
"station-mlit-002877","니시오미야","西大宮","にしおおみや","NishiōMiya","","line-11322"
"station-mlit-002885","니시카와에츠","西川越","にしかわえつ","Nishikawaetsu","","line-11322"
"station-mlit-002889","마토바","的場","まとば","Matoba","","line-11322"
"station-mlit-002891","사시오기","指扇","さしおうぎ","SashiōGi","","line-11322"
"station-mlit-002908","카사하타","笠幡","かさはた","Kasahata","","line-11322"
"station-mlit-002909","카와고에","川越","かわごえ","Kawagoe","","line-11322"
"station-mlit-002919","미나미후루야","南古谷","みなみふるや","Minamifuruya","","line-11322"
"station-mlit-002921","무사시타카하기","武蔵高萩","むさしたかはぎ","Musashitakahagi","","line-11322"
"station-mlit-002389","타카사키","高崎","たかさき","Takasaki","","line-11323"
"station-mlit-002426","쿠라가노","倉賀野","くらがの","Kuragano","","line-11323"
"station-mlit-002458","신마치","新町","しんまち","Shimmachi","","line-11323"
"station-mlit-002484","진보하라","神保原","じんぼはら","Jimbohara","","line-11323"
"station-mlit-002503","혼조","本庄","ほんじょう","Honjō","","line-11323"
"station-mlit-002541","오카베","岡部","おかべ","Okabe","","line-11323"
"station-mlit-002553","후카야","深谷","ふかや","Fukaya","","line-11323"
"station-mlit-002561","카고하라","籠原","かごはら","Kagohara","","line-11323"
"station-mlit-002589","쿠마가이","熊谷","くまがい","Kumagai","","line-11323"
"station-mlit-002619","교다","行田","ぎょうだ","GyōDa","","line-11323"
"station-mlit-002627","후키아게","吹上","ふきあげ","Fukiage","","line-11323"
"station-mlit-002652","키타코노스","北鴻巣","きたこうのす","KitakōNosu","","line-11323"
"station-mlit-002691","코노스","鴻巣","こうのす","KōNosu","","line-11323"
"station-mlit-002720","키타모토","北本","きたもと","Kitamoto","","line-11323"
"station-mlit-002761","오케가와","桶川","おけがわ","Okegawa","","line-11323"
"station-mlit-002775","키타아게오","北上尾","きたあげお","Kitaageo","","line-11323"
"station-mlit-002796","아게오","上尾","あげお","Ageo","","line-11323"
"station-mlit-002847","미야하라","宮原","みやはら","Miyahara","","line-11323"
"station-1131339","치바","千葉","ちば","Chiba","","line-11324"
"station-1132402","혼치바","本千葉","ほんちば","Honchiba","","line-11324"
"station-1132403","소가","蘇我","そが","Soga","","line-11324"
"station-1132404","카마토리","鎌取","かまとり","Kamatori","","line-11324"
"station-1132405","혼다","誉田","ほんだ","Honda","","line-11324"
"station-1132406","츠치케","土気","つちけ","Tsuchike","","line-11324"
"station-1132407","오아미","大網","おおあみ","ōAmi","","line-11324"
"station-1132408","나가타","永田","ながた","Nagata","","line-11324"
"station-1132409","혼노","本納","ほんのう","Honnō","","line-11324"
"station-1132410","신모바라","新茂原","しんもばら","Shimmobara","","line-11324"
"station-1132411","시게하라","茂原","しげはら","Shigehara","","line-11324"
"station-1132412","야츠미","八積","やつみ","Yatsumi","","line-11324"
"station-1132413","카츠사이치노미야","上総一ノ宮","かつさいちのみや","Katsusaichinomiya","","line-11324"
"station-1132414","토라미","東浪見","とらみ","Torami","","line-11324"
"station-1132415","후토시히가시","太東","ふとしひがし","Futoshihigashi","","line-11324"
"station-1132416","초자마치","長者町","ちょうじゃまち","ChōJamachi","","line-11324"
"station-1132417","산몬","三門","さんもん","Sammon","","line-11324"
"station-1132418","오하라","大原","おおはら","ōHara","","line-11324"
"station-1132419","나니와","浪花","なにわ","Naniwa","","line-11324"
"station-1132420","온주쿠","御宿","おんじゅく","Onjuku","","line-11324"
"station-1132421","카츠우라","勝浦","かつうら","Katsuura","","line-11324"
"station-1132422","우하라","鵜原","うはら","Uhara","","line-11324"
"station-1132423","카즈사오키츠","上総興津","かづさおきつ","Kazusaokitsu","","line-11324"
"station-1132424","나메카와아이란도","行川アイランド","なめかわあいらんど","Namekawaairando","","line-11324"
"station-1132425","아와코미나토","安房小湊","あわこみなと","Awakominato","","line-11324"
"station-1132426","아와아마츠","安房天津","あわあまつ","Awaamatsu","","line-11324"
"station-1132427","아와카모가와","安房鴨川","あわかもがわ","Awakamogawa","","line-11324"
"station-1132504","하마노","浜野","はまの","Hamano","","line-11325"
"station-1132505","하치만슈쿠","八幡宿","はちまんしゅく","Hachimanshuku","","line-11325"
"station-1132506","고이","五井","ごい","Goi","","line-11325"
"station-1132507","아네가사키","姉ケ崎","あねがさき","Anegasaki","","line-11325"
"station-1132508","나가우라","長浦","ながうら","Nagaura","","line-11325"
"station-1132509","소데가우라","袖ケ浦","そでがうら","Sodegaura","","line-11325"
"station-1132510","이와네","巌根","いわね","Iwane","","line-11325"
"station-1132511","키사라즈","木更津","きさらづ","Kisarazu","","line-11325"
"station-1132512","키미츠","君津","きみつ","Kimitsu","","line-11325"
"station-1132513","아오호리","青堀","あおほり","Aohori","","line-11325"
"station-1132514","오누키","大貫","おおぬき","ōNuki","","line-11325"
"station-1132515","사누키마치","佐貫町","さぬきまち","Sanukimachi","","line-11325"
"station-1132516","카즈사미나토","上総湊","かずさみなと","Kazusaminato","","line-11325"
"station-1132517","타케오카","竹岡","たけおか","Takeoka","","line-11325"
"station-1132518","하마카나야","浜金谷","はまかなや","Hamakanaya","","line-11325"
"station-1132519","야스다","保田","やすだ","Yasuda","","line-11325"
"station-1132520","아와카츠야마","安房勝山","あわかつやま","Awakatsuyama","","line-11325"
"station-1132521","이와이","岩井","いわい","Iwai","","line-11325"
"station-1132522","토미우라","富浦","とみうら","Tomiura","","line-11325"
"station-1132523","나고후나카타","那古船形","なごふなかた","Nagofunakata","","line-11325"
"station-1132524","타테야마","館山","たてやま","Tateyama","","line-11325"
"station-1132525","코코노에","九重","ここのえ","Kokonoe","","line-11325"
"station-1132526","치쿠라","千倉","ちくら","Chikura","","line-11325"
"station-1132527","치토세","千歳","ちとせ","Chitose","","line-11325"
"station-1132528","미나미하라","南三原","みなみはら","Minamihara","","line-11325"
"station-1132529","와다우라","和田浦","わだうら","Wadaura","","line-11325"
"station-1132530","에미","江見","えみ","Emi","","line-11325"
"station-1132531","후토미","太海","ふとみ","Futomi","","line-11325"
"station-mlit-003682","후타마타신마치","二俣新町","ふたまたしんまち","Futamatashimmachi","","line-11326"
"station-mlit-003761","미나미후나바시","南船橋","みなみふなばし","Minamifunabashi","","line-11326"
"station-mlit-003785","도쿄","東京","とうきょう","Tokyo","","line-11326"
"station-mlit-003797","핫초보리","八丁堀","はっちょうぼり","HatchōBori","","line-11326"
"station-mlit-003859","엣츄지마","越中島","えっちゅうじま","EtchūJima","","line-11326"
"station-mlit-003863","신나라시노","新習志野","しんならしの","Shinnarashino","","line-11326"
"station-mlit-003870","이치카와시오하마","市川塩浜","いちかわしおはま","Ichikawashiohama","","line-11326"
"station-mlit-003928","시오미","潮見","しおみ","Shiomi","","line-11326"
"station-mlit-003978","신우라야스","新浦安","しんうらやす","Shin'Urayasu","","line-11326"
"station-mlit-003984","카이힌마쿠하리","海浜幕張","かいひんまくはり","Kaihimmakuhari","","line-11326"
"station-mlit-003997","신키바","新木場","しんきば","Shinkiba","","line-11326"
"station-mlit-004012","카사이린카이코엔","葛西臨海公園","かさいりんかいこうえん","KasairinkaikōEn","","line-11326"
"station-mlit-004049","케미가와하마","検見川浜","けみがわはま","Kemigawahama","","line-11326"
"station-mlit-004055","마이하마","舞浜","まいはま","Maihama","","line-11326"
"station-mlit-004093","이나게카이간","稲毛海岸","いなげかいがん","Inagekaigan","","line-11326"
"station-mlit-004201","치바미나토","千葉みなと","ちばみなと","Chibaminato","","line-11326"
"station-mlit-004281","소가","蘇我","そが","Soga","","line-11326"
"station-1131415","사쿠라","佐倉","さくら","Sakura","","line-11327"
"station-1131430","마츠기시","松岸","まつぎし","Matsugishi","","line-11327"
"station-1131431","초시","銚子","ちょうし","ChōShi","","line-11327"
"station-1132702","시스이","酒々井","しすい","Shisui","","line-11327"
"station-1132703","나리타","成田","なりた","Narita","","line-11327"
"station-1132705","나리타공항(제1여객터미널)","成田空港（第１旅客ターミナル）","なりたくうこう（だい１りょかくたーみなる）","NaritakūKō(Dai1ryokakutāMinaru)","","line-11327"
"station-1132706","히사즈미","久住","ひさずみ","Hisazumi","","line-11327"
"station-1132707","나메가와","滑河","なめがわ","Namegawa","","line-11327"
"station-1132708","시모사코자키","下総神崎","しもうさこうざき","ShimousakōZaki","","line-11327"
"station-1132709","오도","大戸","おおど","ōDo","","line-11327"
"station-1132710","사하라","佐原","さはら","Sahara","","line-11327"
"station-1132711","카토리","香取","かとり","Katori","","line-11327"
"station-1132712","스이고","水郷","すいごう","Suigō","","line-11327"
"station-1132713","오미가와","小見川","おみがわ","Omigawa","","line-11327"
"station-1132714","사사가와","笹川","ささがわ","Sasagawa","","line-11327"
"station-1132715","시모사타치바나","下総橘","しもうさたちばな","ShimōSatachibana","","line-11327"
"station-1132716","시모사토요사토","下総豊里","しもうさとよさと","Shimousatoyosato","","line-11327"
"station-1132717","시이시바","椎柴","しいしば","Shiishiba","","line-11327"
"station-1132721","히가시아비코","東我孫子","ひがしあびこ","Higashiabiko","","line-11327"
"station-1132722","코호쿠","湖北","こほく","Kohoku","","line-11327"
"station-1132723","아라키","新木","あらき","Araki","","line-11327"
"station-1132724","후사","布佐","ふさ","Fusa","","line-11327"
"station-1132725","키노시타","木下","きのした","Kinoshita","","line-11327"
"station-1132726","코바야시","小林","こばやし","Kobayashi","","line-11327"
"station-1132727","아지키","安食","あじき","Ajiki","","line-11327"
"station-1132728","시모사만자키","下総松崎","しもうさまんざき","Shimousamanzaki","","line-11327"
"station-1132813","공항 제2빌딩(제2여객터미널)","空港第２ビル（第２旅客ターミナル）","くうこうだい２びる（だい２りょかくたーみなる）","KūKōDai2biru(Dai2ryokakutāMinaru)","","line-11327"
"station-mlit-003161","나리타","成田","なりた","Narita","","line-11328"
"station-1132903","주니쿄","十二橋","じゅうにきょう","JūNikyō","","line-11329"
"station-1132904","이타코","潮来","いたこ","Itako","","line-11329"
"station-1132905","노부카타","延方","のぶかた","Nobukata","","line-11329"
"station-1132906","카시마진구","鹿島神宮","かしまじんぐう","Kashimajingū","","line-11329"
"station-1132907","카시마삿카스타지아무","鹿島サッカースタジアム（臨）","かしまさっかーすたじあむ（臨）","KashimasakkāSutajiamu(臨)","","line-11329"
"station-1133002","기온","祇園","ぎおん","Gion","","line-11330"
"station-1133003","카즈사키요카와","上総清川","かずさきよかわ","Kazusakiyokawa","","line-11330"
"station-1133004","히가시키요카와","東清川","ひがしきよかわ","Higashikiyokawa","","line-11330"
"station-1133005","요코타","横田","よこた","Yokota","","line-11330"
"station-1133006","히가시요코타","東横田","ひがしよこた","Higashiyokota","","line-11330"
"station-1133007","우마라이타","馬来田","うまらいた","Umaraita","","line-11330"
"station-1133008","시모고오리","下郡","しもごおり","ShimogōRi","","line-11330"
"station-1133009","쇼히츠","小櫃","しょうひつ","ShōHitsu","","line-11330"
"station-1133010","타와라다","俵田","たわらだ","Tawarada","","line-11330"
"station-1133011","쿠루리","久留里","くるり","Kururi","","line-11330"
"station-1133012","히라야마","平山","ひらやま","Hirayama","","line-11330"
"station-1133013","카츠사마츠오카","上総松丘","かつさまつおか","Katsusamatsuoka","","line-11330"
"station-1133014","카츠사카메야마","上総亀山","かつさかめやま","Katsusakameyama","","line-11330"
"station-1131420","나루토","成東","なるとう","Narutō","","line-11331"
"station-1133102","후쿠타와라","福俵","ふくたわら","Fukutawara","","line-11331"
"station-1133103","토가네","東金","とうがね","TōGane","","line-11331"
"station-1133104","구묘","求名","ぐみょう","Gumyō","","line-11331"
"station-mlit-002947","요노","与野","よの","Yono","","line-11332"
"station-mlit-002968","키타우라카즈","北浦和","きたうらかず","Kitaurakazu","","line-11332"
"station-mlit-003041","와라비","蕨","わらび","Warabi","","line-11332"
"station-mlit-003055","니시카와구치","西川口","にしかわぐち","Nishikawaguchi","","line-11332"
"station-mlit-003086","카와구치","川口","かわぐち","Kawaguchi","","line-11332"
"station-mlit-003210","히가시주조","東十条","ひがしじゅうじょう","HigashijūJō","","line-11332"
"station-mlit-003236","오지","王子","おうじ","ōJi","","line-11332"
"station-mlit-003277","카미나카자토","上中里","かみなかざと","Kaminakazato","","line-11332"
"station-mlit-004197","오이마치","大井町","おおいまち","ōImachi","","line-11332"
"station-mlit-004264","오모리","大森","おおもり","ōMori","","line-11332"
"station-mlit-004330","카마타","蒲田","かまた","Kamata","","line-11332"
"station-mlit-004562","신코야스","新子安","しんこやす","Shinkoyasu","","line-11332"
"station-1131925","호샤쿠지","宝積寺","ほうしゃくじ","HōShakuji","","line-11334"
"station-1133402","시모즈케하나오카","下野花岡","しもづけはなおか","Shimozukehanaoka","","line-11334"
"station-1133403","니이다","仁井田","にいだ","Niida","","line-11334"
"station-1133404","코노야마","鴻野山","こうのやま","KōNoyama","","line-11334"
"station-1133405","타이킨","大金","たいきん","Taikin","","line-11334"
"station-1133406","코바나","小塙","こばな","Kobana","","line-11334"
"station-1133407","타키","滝","たき","Taki","","line-11334"
"station-1133408","카라스야마","烏山","からすやま","Karasuyama","","line-11334"
"station-1133501","시부카와","渋川","しぶかわ","Shibukawa","","line-11335"
"station-1133502","카네지마","金島","かねじま","Kanejima","","line-11335"
"station-1133503","우바시마","祖母島","うばしま","Ubashima","","line-11335"
"station-1133504","오노가미","小野上","おのがみ","Onogami","","line-11335"
"station-1133505","오노가미온선","小野上温泉","おのがみおんせん","Onogamionsen","","line-11335"
"station-1133506","이치시로","市城","いちしろ","Ichishiro","","line-11335"
"station-1133507","나카노조","中之条","なかのじょう","Nakanojō","","line-11335"
"station-1133508","군마하라마치","群馬原町","ぐんまはらまち","Gummaharamachi","","line-11335"
"station-1133509","고하라","郷原","ごうはら","GōHara","","line-11335"
"station-1133510","야쿠라","矢倉","やくら","Yakura","","line-11335"
"station-1133511","이와시마","岩島","いわしま","Iwashima","","line-11335"
"station-1133512","카와라유온선","川原湯温泉","かわらゆおんせん","Kawarayuonsen","","line-11335"
"station-1133513","나가노하라쿠사츠구치","長野原草津口","ながのはらくさつぐち","Naganoharakusatsuguchi","","line-11335"
"station-1133514","군마오츠","群馬大津","ぐんまおおつ","GummaōTsu","","line-11335"
"station-1133515","하네오","羽根尾","はねお","Haneo","","line-11335"
"station-1133516","후쿠로구라","袋倉","ふくろぐら","Fukurogura","","line-11335"
"station-1133517","만자카자와구치","万座・鹿沢口","まんざかざわぐち","Manzakazawaguchi","","line-11335"
"station-1133518","오마에","大前","おおまえ","ōMae","","line-11335"
"station-1133702","키타타카사키","北高崎","きたたかさき","Kitatakasaki","","line-11337"
"station-1133703","군마야와타","群馬八幡","ぐんまやわた","Gummayawata","","line-11337"
"station-1133704","안나카","安中","あんなか","Annaka","","line-11337"
"station-1133705","이소베","磯部","いそべ","Isobe","","line-11337"
"station-1133706","마츠이다","松井田","まついだ","Matsuida","","line-11337"
"station-1133707","니시마츠이다","西松井田","にしまついだ","Nishimatsuida","","line-11337"
"station-1133708","요코카와","横川","よこかわ","Yokokawa","","line-11337"
"station-1133802","히타치아오야기","常陸青柳","ひたちあおやぎ","Hitachiaoyagi","","line-11338"
"station-1133803","히타치츠다","常陸津田","ひたちつだ","Hitachitsuda","","line-11338"
"station-1133804","고다이","後台","ごだい","Godai","","line-11338"
"station-1133805","시모스게다니","下菅谷","しもすげだに","Shimosugedani","","line-11338"
"station-1133806","츄스게노야","中菅谷","ちゅうすげのや","ChūSugenoya","","line-11338"
"station-1133807","카미스가다니","上菅谷","かみすがだに","Kamisugadani","","line-11338"
"station-1133808","미나미사카이데","南酒出","みなみさかいで","Minamisakaide","","line-11338"
"station-1133809","누카타","額田","ぬかた","Nukata","","line-11338"
"station-1133810","카와이","河合","かわい","Kawai","","line-11338"
"station-1133811","야가와라","谷河原","やがわら","Yagawara","","line-11338"
"station-1133812","히타치오타","常陸太田","ひたちおおた","HitachiōTa","","line-11338"
"station-1133813","히타치코노스","常陸鴻巣","ひたちこうのす","HitachikōNosu","","line-11338"
"station-1133814","우리즈라","瓜連","うりづら","Urizura","","line-11338"
"station-1133815","세이","静","せい","Sei","","line-11338"
"station-1133816","히타치오미야","常陸大宮","ひたちおおみや","HitachiōMiya","","line-11338"
"station-1133817","타마가와무라","玉川村","たまがわむら","Tamagawamura","","line-11338"
"station-1133818","노가미하라","野上原","のがみはら","Nogamihara","","line-11338"
"station-1133819","야마가타야도","山方宿","やまがたやど","Yamagatayado","","line-11338"
"station-1133820","나카후뉴","中舟生","なかふにゅう","Nakafunyū","","line-11338"
"station-1133821","시모오가와","下小川","しもおがわ","Shimoogawa","","line-11338"
"station-1133822","사이가네","西金","さいがね","Saigane","","line-11338"
"station-1133823","카미오가와","上小川","かみおがわ","Kamiogawa","","line-11338"
"station-1133824","후쿠로다","袋田","ふくろだ","Fukuroda","","line-11338"
"station-1133825","히타치다이고","常陸大子","ひたちだいご","Hitachidaigo","","line-11338"
"station-1133826","시모노미야","下野宮","しものみや","Shimonomiya","","line-11338"
"station-1133827","야마츠리야마","矢祭山","やまつりやま","Yamatsuriyama","","line-11338"
"station-1133828","히가시다테","東館","ひがしだて","Higashidate","","line-11338"
"station-1133829","미나미이시이","南石井","みなみいしい","Minamiishii","","line-11338"
"station-1133830","이와키이시이","磐城石井","いわきいしい","Iwakiishii","","line-11338"
"station-1133831","이와키하나와","磐城塙","いわきはなわ","Iwakihanawa","","line-11338"
"station-1133832","치카츠","近津","ちかつ","Chikatsu","","line-11338"
"station-1133833","나카유타카","中豊","なかゆたか","Nakayutaka","","line-11338"
"station-1133834","이와키타나구라","磐城棚倉","いわきたなぐら","Iwakitanagura","","line-11338"
"station-1133835","이와키아사카와","磐城浅川","いわきあさかわ","Iwakiasakawa","","line-11338"
"station-1133836","사토시라이시","里白石","さとしらいし","Satoshiraishi","","line-11338"
"station-1133837","이와키이시카와","磐城石川","いわきいしかわ","Iwakiishikawa","","line-11338"
"station-1133838","노기사와","野木沢","のぎさわ","Nogisawa","","line-11338"
"station-1133839","카와베오키","川辺沖","かわべおき","Kawabeoki","","line-11338"
"station-1133840","이즈미고","泉郷","いずみごう","Izumigō","","line-11338"
"station-1133841","카와히가시","川東","かわひがし","Kawahigashi","","line-11338"
"station-1133842","쇼시오노에","小塩江","しょうしおのえ","ShōShionoe","","line-11338"
"station-1133843","야타가와","谷田川","やたがわ","Yatagawa","","line-11338"
"station-1133844","이와키모리야마","磐城守山","いわきもりやま","Iwakimoriyama","","line-11338"
"station-1131918","코야마","小山","こやま","Koyama","","line-11339"
"station-1133902","오다린","小田林","おだりん","Odarin","","line-11339"
"station-1133903","유키","結城","ゆうき","YūKi","","line-11339"
"station-1133904","히가시유키","東結城","ひがしゆうき","HigashiyūKi","","line-11339"
"station-1133905","카와시마","川島","かわしま","Kawashima","","line-11339"
"station-1133906","타마도","玉戸","たまど","Tamado","","line-11339"
"station-1133907","시모다테","下館","しもだて","Shimodate","","line-11339"
"station-1133908","니이하루","新治","にいはる","NīHaru","","line-11339"
"station-1133909","야마토","大和","やまと","Yamato","","line-11339"
"station-1133910","이와세","岩瀬","いわせ","Iwase","","line-11339"
"station-1133911","하구로","羽黒","はぐろ","Haguro","","line-11339"
"station-1133912","후쿠하라","福原","ふくはら","Fukuhara","","line-11339"
"station-1133913","이나다","稲田","いなだ","Inada","","line-11339"
"station-1133914","카사마","笠間","かさま","Kasama","","line-11339"
"station-1133915","시시도","宍戸","ししど","Shishido","","line-11339"
"station-1131923","우츠노미야","宇都宮","うつのみや","Utsunomiya","","line-11340"
"station-1134002","츠루타","鶴田","つるた","Tsuruta","","line-11340"
"station-1134003","카누마","鹿沼","かぬま","Kanuma","","line-11340"
"station-1134004","분쿄","文挟","ぶんきょう","Bunkyō","","line-11340"
"station-1134005","시모즈케오사와","下野大沢","しもづけおおさわ","ShimozukeōSawa","","line-11340"
"station-1134006","이마이치","今市","いまいち","Imaichi","","line-11340"
"station-1134007","닛코","日光","にっこう","Nikkō","","line-11340"
"station-1134102","타카사키톤야마치","高崎問屋町","たかさきとんやまち","Takasakiton'Yamachi","","line-11341"
"station-1134103","이노","井野","いの","Ino","","line-11341"
"station-1134104","신마에바시","新前橋","しんまえばし","Shimmaebashi","","line-11341"
"station-1134105","마에바시","前橋","まえばし","Maebashi","","line-11341"
"station-1134106","마에바시오시마","前橋大島","まえばしおおしま","MaebashiōShima","","line-11341"
"station-1134107","코마가타","駒形","こまがた","Komagata","","line-11341"
"station-1134108","이세사키","伊勢崎","いせさき","Isesaki","","line-11341"
"station-1134109","코쿠테이","国定","こくてい","Kokutei","","line-11341"
"station-1134110","이와야도","岩宿","いわやど","Iwayado","","line-11341"
"station-1134111","키류","桐生","きりゅう","Kiryū","","line-11341"
"station-1134112","오마타","小俣","おまた","Omata","","line-11341"
"station-1134113","야마마에","山前","やままえ","Yamamae","","line-11341"
"station-1134114","아시카가","足利","あしかが","Ashikaga","","line-11341"
"station-1134115","토미타","富田","とみた","Tomita","","line-11341"
"station-1134116","사노","佐野","さの","Sano","","line-11341"
"station-1134117","이와후네","岩舟","いわふね","Iwafune","","line-11341"
"station-1134118","오히라시타","大平下","おおひらした","ōHirashita","","line-11341"
"station-1134119","토치기","栃木","とちぎ","Tochigi","","line-11341"
"station-1134120","오모이가와","思川","おもいがわ","Omoigawa","","line-11341"
"station-1134122","아시카가후라와파쿠","あしかがフラワーパーク","あしかがふらわーぱーく","AshikagafurawāPāKu","","line-11341"
"station-1134205","군마소자","群馬総社","ぐんまそうじゃ","GummasōJa","","line-11342"
"station-1134206","야기하라","八木原","やぎはら","Yagihara","","line-11342"
"station-1134208","시키시마","敷島","しきしま","Shikishima","","line-11342"
"station-1134209","츠쿠다","津久田","つくだ","Tsukuda","","line-11342"
"station-1134210","이와모토","岩本","いわもと","Iwamoto","","line-11342"
"station-1134211","누마타","沼田","ぬまた","Numata","","line-11342"
"station-1134212","고칸","後閑","ごかん","Gokan","","line-11342"
"station-1134213","칸마키","上牧","かんまき","Kammaki","","line-11342"
"station-1134214","스이조","水上","すいじょう","Suijō","","line-11342"
"station-1134215","유비소","湯檜曽","ゆびそ","Yubiso","","line-11342"
"station-1134216","도아이","土合","どあい","Doai","","line-11342"
"station-1134217","츠치다루","土樽","つちだる","Tsuchidaru","","line-11342"
"station-1134218","에치고나카자토","越後中里","えちごなかざと","Echigonakazato","","line-11342"
"station-1134219","이와하라스키조마에","岩原スキー場前","いわはらすきーじょうまえ","IwaharasukīJōMae","","line-11342"
"station-1134220","에치고유자와","越後湯沢","えちごゆざわ","Echigoyuzawa","","line-11342"
"station-1134221","이시우치","石打","いしうち","Ishiuchi","","line-11342"
"station-1134222","오사와","大沢","おおさわ","ōSawa","","line-11342"
"station-1134223","조에츠코쿠사이스키조마에","上越国際スキー場前","じょうえつこくさいすきーじょうまえ","JōEtsukokusaisukīJōMae","","line-11342"
"station-1134224","시오자와","塩沢","しおざわ","Shiozawa","","line-11342"
"station-1134225","무이카마치","六日町","むいかまち","Muikamachi","","line-11342"
"station-1134226","이츠카마치","五日町","いつかまち","Itsukamachi","","line-11342"
"station-1134227","우라사","浦佐","うらさ","Urasa","","line-11342"
"station-1134228","하치쇼쿠","八色","はちしょく","Hachishoku","","line-11342"
"station-1134230","에치고호리노치","越後堀之内","えちごほりのうち","Echigohorinouchi","","line-11342"
"station-1134231","키타호리노치","北堀之内","きたほりのうち","Kitahorinouchi","","line-11342"
"station-1134232","에치고카와구치","越後川口","えちごかわぐち","Echigokawaguchi","","line-11342"
"station-1134233","오지야","小千谷","おじや","Ojiya","","line-11342"
"station-1134234","에치고타키다니","越後滝谷","えちごたきだに","Echigotakidani","","line-11342"
"station-1134235","쿠나이","宮内","くない","Kunai","","line-11342"
"station-1134236","나가오카","長岡","ながおか","Nagaoka","","line-11342"
"station-1140102","카이코이즈미","甲斐小泉","かいこいずみ","Kaikoizumi","","line-11401"
"station-1140103","카이오이즈미","甲斐大泉","かいおおいずみ","KaiōIzumi","","line-11401"
"station-1140104","키요사토","清里","きよさと","Kiyosato","","line-11401"
"station-1140105","노베야마","野辺山","のべやま","Nobeyama","","line-11401"
"station-1140106","시나노카와카미","信濃川上","しなのかわかみ","Shinanokawakami","","line-11401"
"station-1140107","사쿠히로세","佐久広瀬","さくひろせ","Sakuhirose","","line-11401"
"station-1140108","사쿠우미노쿠치","佐久海ノ口","さくうみのくち","Sakuuminokuchi","","line-11401"
"station-1140109","카이지리","海尻","かいじり","Kaijiri","","line-11401"
"station-1140110","마츠바라코","松原湖","まつばらこ","Matsubarako","","line-11401"
"station-1140111","코카이","小海","こかい","Kokai","","line-11401"
"station-1140112","마나가시","馬流","まながし","Managashi","","line-11401"
"station-1140113","타카이와","高岩","たかいわ","Takaiwa","","line-11401"
"station-1140114","야치호","八千穂","やちほ","Yachiho","","line-11401"
"station-1140115","카이제","海瀬","かいぜ","Kaize","","line-11401"
"station-1140116","하구로시타","羽黒下","はぐろした","Haguroshita","","line-11401"
"station-1140117","아오누마","青沼","あおぬま","Aonuma","","line-11401"
"station-1140118","우스다","臼田","うすだ","Usuda","","line-11401"
"station-1140119","타츠오카조","龍岡城","たつおかじょう","Tatsuokajō","","line-11401"
"station-1140120","오타베","太田部","おおたべ","ōTabe","","line-11401"
"station-1140121","나카고메","中込","なかごめ","Nakagome","","line-11401"
"station-1140122","나메즈","滑津","なめづ","Namezu","","line-11401"
"station-1140123","키타나카고메","北中込","きたなかごめ","Kitanakagome","","line-11401"
"station-1140124","이와무라타","岩村田","いわむらた","Iwamurata","","line-11401"
"station-1140125","사큐헤이","佐久平","さきゅうへい","SakyūHei","","line-11401"
"station-1140126","츄사토","中佐都","ちゅうさと","ChūSato","","line-11401"
"station-1140127","미사토","美里","みさと","Misato","","line-11401"
"station-1140128","미츠오카","三岡","みつおか","Mitsuoka","","line-11401"
"station-1140129","오토메","乙女","おとめ","Otome","","line-11401"
"station-1140130","히가시코모로","東小諸","ひがしこもろ","Higashikomoro","","line-11401"
"station-1140131","코모로","小諸","こもろ","Komoro","","line-11401"
"station-1140201","후지","富士","ふじ","Fuji","","line-11402"
"station-1140202","유노키","柚木","ゆのき","Yunoki","","line-11402"
"station-1140203","타테호리","竪堀","たてほり","Tatehori","","line-11402"
"station-1140204","이리야마세","入山瀬","いりやませ","Iriyamase","","line-11402"
"station-1140205","후지네","富士根","ふじね","Fujine","","line-11402"
"station-1140206","겐도지","源道寺","げんどうじ","GendōJi","","line-11402"
"station-1140207","후지노미야","富士宮","ふじのみや","Fujinomiya","","line-11402"
"station-1140208","니시후지노미야","西富士宮","にしふじのみや","Nishifujinomiya","","line-11402"
"station-1140209","누마쿠보","沼久保","ぬまくぼ","Numakubo","","line-11402"
"station-1140210","시바카와","芝川","しばかわ","Shibakawa","","line-11402"
"station-1140211","이네코","稲子","いねこ","Ineko","","line-11402"
"station-1140212","토시마","十島","としま","Toshima","","line-11402"
"station-1140213","이데","井出","いで","Ide","","line-11402"
"station-1140214","요리하타","寄畑","よりはた","Yorihata","","line-11402"
"station-1140215","우치부나","内船","うちぶな","Uchibuna","","line-11402"
"station-1140216","카이오시마","甲斐大島","かいおおしま","KaiōShima","","line-11402"
"station-1140217","미노부","身延","みのぶ","Minobu","","line-11402"
"station-1140218","시오노사와","塩之沢","しおのさわ","Shionosawa","","line-11402"
"station-1140219","하다카지마","波高島","はだかじま","Hadakajima","","line-11402"
"station-1140220","시모베온선","下部温泉","しもべおんせん","Shimobeonsen","","line-11402"
"station-1140221","카이토키와","甲斐常葉","かいときわ","Kaitokiwa","","line-11402"
"station-1140222","이치노세","市ノ瀬","いちのせ","Ichinose","","line-11402"
"station-1140223","쿠나도","久那土","くなど","Kunado","","line-11402"
"station-1140224","카이이와마","甲斐岩間","かいいわま","Kaiiwama","","line-11402"
"station-1140225","오치이","落居","おちい","Ochii","","line-11402"
"station-1140226","카지카자와구치","鰍沢口","かじかざわぐち","Kajikazawaguchi","","line-11402"
"station-1140227","이치카와다이몬","市川大門","いちかわだいもん","Ichikawadaimon","","line-11402"
"station-1140228","이치카와혼마치","市川本町","いちかわほんまち","Ichikawahommachi","","line-11402"
"station-1140229","아시카와","芦川","あしかわ","Ashikawa","","line-11402"
"station-1140230","카이우에노","甲斐上野","かいうえの","Kaiueno","","line-11402"
"station-1140231","히가시하나와","東花輪","ひがしはなわ","Higashihanawa","","line-11402"
"station-1140232","코이카와","小井川","こいかわ","Koikawa","","line-11402"
"station-1140233","츠네히사시","常永","つねひさし","Tsunehisashi","","line-11402"
"station-1140234","코쿠보","国母","こくぼ","Kokubo","","line-11402"
"station-1140235","카이스미요시","甲斐住吉","かいすみよし","Kaisumiyoshi","","line-11402"
"station-1140236","미나미코후","南甲府","みなみこうふ","MinamikōFu","","line-11402"
"station-1140237","젠코지","善光寺","ぜんこうじ","ZenkōJi","","line-11402"
"station-1140238","카넨테","金手","かねんて","Kanente","","line-11402"
"station-1140301","시노노이","篠ノ井","しののい","Shinonoi","","line-11403"
"station-1140302","이마이","今井","いまい","Imai","","line-11403"
"station-1140303","카와나카지마","川中島","かわなかじま","Kawanakajima","","line-11403"
"station-1140304","아모리","安茂里","あもり","Amori","","line-11403"
"station-1140305","나가노","長野","ながの","Nagano","","line-11403"
"station-1140321","나오에츠","直江津","なおえつ","Naoetsu","","line-11404"
"station-1140402","쿠로이","黒井","くろい","Kuroi","","line-11404"
"station-1140403","사이가타","犀潟","さいがた","Saigata","","line-11404"
"station-1140404","도소코하마","土底浜","どそこはま","Dosokohama","","line-11404"
"station-1140405","카타마치","潟町","かたまち","Katamachi","","line-11404"
"station-1140406","조케하마","上下浜","じょうけはま","JōKehama","","line-11404"
"station-1140407","카키자키","柿崎","かきざき","Kakizaki","","line-11404"
"station-1140408","요네야마","米山","よねやま","Yoneyama","","line-11404"
"station-1140409","카사지마","笠島","かさじま","Kasajima","","line-11404"
"station-1140410","오미가와","青海川","おうみがわ","ōMigawa","","line-11404"
"station-1140411","게이하","鯨波","げいは","Geiha","","line-11404"
"station-1140412","카시와자키","柏崎","かしわざき","Kashiwazaki","","line-11404"
"station-1140413","이바라메","茨目","いばらめ","Ibarame","","line-11404"
"station-1140414","야스다","安田","やすだ","Yasuda","","line-11404"
"station-1140415","호조","北条","ほうじょう","HōJō","","line-11404"
"station-1140416","에치고히로타","越後広田","えちごひろた","Echigohirota","","line-11404"
"station-1140417","나가토리","長鳥","ながとり","Nagatori","","line-11404"
"station-1140418","츠카야마","塚山","つかやま","Tsukayama","","line-11404"
"station-1140419","에치고이와츠카","越後岩塚","えちごいわつか","Echigoiwatsuka","","line-11404"
"station-1140420","라이코지","来迎寺","らいこうじ","RaikōJi","","line-11404"
"station-1140421","마에카와","前川","まえかわ","Maekawa","","line-11404"
"station-1140424","키타나가오카","北長岡","きたながおか","Kitanagaoka","","line-11404"
"station-1140425","오시키리","押切","おしきり","Oshikiri","","line-11404"
"station-1140426","미츠케","見附","みつけ","Mitsuke","","line-11404"
"station-1140427","오비오리","帯織","おびおり","Obiori","","line-11404"
"station-1140428","토코지","東光寺","とうこうじ","TōKōJi","","line-11404"
"station-1140429","산조","三条","さんじょう","Sanjō","","line-11404"
"station-1140430","히가시산조","東三条","ひがしさんじょう","Higashisanjō","","line-11404"
"station-1140431","호나이","保内","ほない","Honai","","line-11404"
"station-1140432","카모","加茂","かも","Kamo","","line-11404"
"station-1140433","하뉴다","羽生田","はにゅうだ","HanyūDa","","line-11404"
"station-1140434","타우에","田上","たうえ","Taue","","line-11404"
"station-1140435","야시로다","矢代田","やしろだ","Yashiroda","","line-11404"
"station-1140436","후루츠","古津","ふるつ","Furutsu","","line-11404"
"station-1140438","사츠키노","さつき野","さつきの","Satsukino","","line-11404"
"station-1140439","오기카와","荻川","おぎかわ","Ogikawa","","line-11404"
"station-1140440","카메다","亀田","かめだ","Kameda","","line-11404"
"station-1140441","에치고이시야마","越後石山","えちごいしやま","Echigoishiyama","","line-11404"
"station-1140442","니이가타","新潟","にいがた","NīGata","","line-11404"
"station-1140602","히가시니이가타","東新潟","ひがしにいがた","HigashinīGata","","line-11406"
"station-1140603","오가타","大形","おおがた","ōGata","","line-11406"
"station-1140604","아라사키","新崎","あらさき","Arasaki","","line-11406"
"station-1140605","하야도리","早通","はやどおり","HayadōRi","","line-11406"
"station-1140606","토요히데","豊栄","とよひで","Toyohide","","line-11406"
"station-1140607","쿠로야마","黒山","くろやま","Kuroyama","","line-11406"
"station-1140608","사사키","佐々木","ささき","Sasaki","","line-11406"
"station-1140609","니시시바타","西新発田","にししばた","Nishishibata","","line-11406"
"station-1140306","키타나가노","北長野","きたながの","Kitanagano","","line-11407"
"station-1140307","산사이","三才","さんさい","Sansai","","line-11407"
"station-1140308","토요노","豊野","とよの","Toyono","","line-11407"
"station-1140705","시나노아사노","信濃浅野","しなのあさの","Shinanoasano","","line-11407"
"station-1140706","타테가하나","立ケ花","たてがはな","Tategahana","","line-11407"
"station-1140707","카미이마이","上今井","かみいまい","Kamiimai","","line-11407"
"station-1140708","카에사","替佐","かえさ","Kaesa","","line-11407"
"station-1140709","하치스","蓮","はちす","Hachisu","","line-11407"
"station-1140710","이이야마","飯山","いいやま","īYama","","line-11407"
"station-1140711","키타이이노야마","北飯山","きたいいのやま","KitaīNoyama","","line-11407"
"station-1140712","시나노다이라","信濃平","しなのだいら","Shinanodaira","","line-11407"
"station-1140713","토가리노자와온선","戸狩野沢温泉","とがりのざわおんせん","Togarinozawaonsen","","line-11407"
"station-1140714","카미사카이","上境","かみさかい","Kamisakai","","line-11407"
"station-1140715","카미쿠와나가와","上桑名川","かみくわながわ","Kamikuwanagawa","","line-11407"
"station-1140716","쿠와나가와","桑名川","くわながわ","Kuwanagawa","","line-11407"
"station-1140717","니시오타키","西大滝","にしおおたき","NishiōTaki","","line-11407"
"station-1140718","시나노시라토리","信濃白鳥","しなのしらとり","Shinanoshiratori","","line-11407"
"station-1140719","히라타키","平滝","ひらたき","Hirataki","","line-11407"
"station-1140720","요코쿠라","横倉","よこくら","Yokokura","","line-11407"
"station-1140721","모리미야노하라","森宮野原","もりみやのはら","Morimiyanohara","","line-11407"
"station-1140722","아시다키","足滝","あしだき","Ashidaki","","line-11407"
"station-1140723","에치고타나카","越後田中","えちごたなか","Echigotanaka","","line-11407"
"station-1140724","츠난","津南","つなん","Tsunan","","line-11407"
"station-1140725","에치고시카와타시","越後鹿渡","えちごしかわたし","Echigoshikawatashi","","line-11407"
"station-1140726","에치고타자와","越後田沢","えちごたざわ","Echigotazawa","","line-11407"
"station-1140727","에치고미즈사와","越後水沢","えちごみずさわ","Echigomizusawa","","line-11407"
"station-1140728","도이치","土市","どいち","Doichi","","line-11407"
"station-1140729","토오카마치","十日町","とおかまち","TōKamachi","","line-11407"
"station-1140730","우오누마나카조","魚沼中条","うおぬまなかじょう","Uonumanakajō","","line-11407"
"station-1140731","시모조","下条","しもじょう","Shimojō","","line-11407"
"station-1140732","에치고이와사와","越後岩沢","えちごいわさわ","Echigoiwasawa","","line-11407"
"station-1140733","우치가마키","内ケ巻","うちがまき","Uchigamaki","","line-11407"
"station-1140802","히가시카시와자키","東柏崎","ひがしかしわざき","Higashikashiwazaki","","line-11408"
"station-1140803","니시나카도리","西中通","にしなかどおり","NishinakadōRi","","line-11408"
"station-1140804","아라하마","荒浜","あらはま","Arahama","","line-11408"
"station-1140805","카리와","刈羽","かりわ","Kariwa","","line-11408"
"station-1140806","니시야마","西山","にしやま","Nishiyama","","line-11408"
"station-1140807","레이하이","礼拝","れいはい","Reihai","","line-11408"
"station-1140808","이시지","石地","いしじ","Ishiji","","line-11408"
"station-1140809","오기노조","小木ノ城","おぎのじょう","Oginojō","","line-11408"
"station-1140810","이즈모자키","出雲崎","いずもざき","Izumozaki","","line-11408"
"station-1140811","묘호지","妙法寺","みょうほうじ","MyōHōJi","","line-11408"
"station-1140812","코지마타니","小島谷","こじまたに","Kojimatani","","line-11408"
"station-1140813","키리하라","桐原","きりはら","Kirihara","","line-11408"
"station-1140814","테라도마리","寺泊","てらどまり","Teradomari","","line-11408"
"station-1140815","분스이","分水","ぶんすい","Bunsui","","line-11408"
"station-1140816","아오즈","粟生津","あおうづ","AōZu","","line-11408"
"station-1140817","미나미요시타","南吉田","みなみよした","Minamiyoshita","","line-11408"
"station-1140818","요시다","吉田","よしだ","Yoshida","","line-11408"
"station-1140819","키타요시다","北吉田","きたよしだ","Kitayoshida","","line-11408"
"station-1140820","이와무로","岩室","いわむろ","Iwamuro","","line-11408"
"station-1140821","마키","巻","まき","Maki","","line-11408"
"station-1140822","에치고소네","越後曽根","えちごそね","Echigosone","","line-11408"
"station-1140823","에치고아카츠카","越後赤塚","えちごあかつか","Echigoakatsuka","","line-11408"
"station-1140824","나이야니시가오카","内野西が丘","ないやにしがおか","Naiyanishigaoka","","line-11408"
"station-1140825","나이야","内野","ないや","Naiya","","line-11408"
"station-1140826","니이가타다이가쿠마에","新潟大学前","にいがただいがくまえ","NīGatadaigakumae","","line-11408"
"station-1140827","테라오","寺尾","てらお","Terao","","line-11408"
"station-1140828","코바리","小針","こばり","Kobari","","line-11408"
"station-1140829","아오야마","青山","あおやま","Aoyama","","line-11408"
"station-1140830","세키야","関屋","せきや","Sekiya","","line-11408"
"station-1140831","하쿠산","白山","はくさん","Hakusan","","line-11408"
"station-1140516","이토이가와","糸魚川","いといがわ","Itoigawa","","line-11409"
"station-1140901","마츠모토","松本","まつもと","Matsumoto","","line-11409"
"station-1140902","키타마츠혼","北松本","きたまつほん","Kitamatsuhon","","line-11409"
"station-1140903","토나이","島内","とうない","TōNai","","line-11409"
"station-1140904","시마타카마츠","島高松","しまたかまつ","Shimatakamatsu","","line-11409"
"station-1140905","아즈사바시","梓橋","あずさばし","Azusabashi","","line-11409"
"station-1140906","이치니치시조","一日市場","いちにちしじょう","Ichinichishijō","","line-11409"
"station-1140907","츄카야","中萱","ちゅうかや","ChūKaya","","line-11409"
"station-1140908","미나미토요시나","南豊科","みなみとよしな","Minamitoyoshina","","line-11409"
"station-1140909","토요시나","豊科","とよしな","Toyoshina","","line-11409"
"station-1140910","하쿠야초","柏矢町","はくやちょう","Hakuyachō","","line-11409"
"station-1140911","호타카","穂高","ほたか","Hotaka","","line-11409"
"station-1140912","아리아케","有明","ありあけ","Ariake","","line-11409"
"station-1140913","아즈미오이와케","安曇追分","あずみおいわけ","Azumioiwake","","line-11409"
"station-1140914","호소노","細野","ほその","Hosono","","line-11409"
"station-1140915","키타호소노","北細野","きたほその","Kitahosono","","line-11409"
"station-1140916","시나노마츠카와","信濃松川","しなのまつかわ","Shinanomatsukawa","","line-11409"
"station-1140917","아즈미쿠츠카케","安曇沓掛","あずみくつかけ","Azumikutsukake","","line-11409"
"station-1140918","시나노토키와","信濃常盤","しなのときわ","Shinanotokiwa","","line-11409"
"station-1140919","미나미오마치","南大町","みなみおおまち","MinamiōMachi","","line-11409"
"station-1140920","시나노오마치","信濃大町","しなのおおまち","ShinanoōMachi","","line-11409"
"station-1140921","키타오마치","北大町","きたおおまち","KitaōMachi","","line-11409"
"station-1140922","시나노키자키","信濃木崎","しなのきざき","Shinanokizaki","","line-11409"
"station-1140923","이나오","稲尾","いなお","Inao","","line-11409"
"station-1140924","우미노쿠치","海ノ口","うみのくち","Uminokuchi","","line-11409"
"station-1140925","야나바","簗場","やなば","Yanaba","","line-11409"
"station-1140927","미나미카미시로","南神城","みなみかみしろ","Minamikamishiro","","line-11409"
"station-1140928","신조","神城","しんじょう","Shinjō","","line-11409"
"station-1140929","이이모리","飯森","いいもり","īMori","","line-11409"
"station-1140930","하쿠바","白馬","はくば","Hakuba","","line-11409"
"station-1140931","시나노모리우에","信濃森上","しなのもりうえ","Shinanomoriue","","line-11409"
"station-1140932","하쿠바오이케","白馬大池","はくばおおいけ","HakubaōIke","","line-11409"
"station-1140933","센코쿠","千国","せんこく","Senkoku","","line-11409"
"station-1140934","미나미코타니","南小谷","みなみこたに","Minamikotani","","line-11409"
"station-1140935","나카츠치","中土","なかつち","Nakatsuchi","","line-11409"
"station-1140936","키타오타리","北小谷","きたおたり","Kitaotari","","line-11409"
"station-1140937","히라이와","平岩","ひらいわ","Hiraiwa","","line-11409"
"station-1140938","코다키","小滝","こだき","Kodaki","","line-11409"
"station-1140939","네치","根知","ねち","Nechi","","line-11409"
"station-1140940","쿠비키오노","頸城大野","くびきおおの","KubikiōNo","","line-11409"
"station-1140941","히메카와","姫川","ひめかわ","Himekawa","","line-11409"
"station-1141001","야히코","弥彦","やひこ","Yahiko","","line-11410"
"station-1141002","야사쿠","矢作","やさく","Yasaku","","line-11410"
"station-1141004","니시츠바메","西燕","にしつばめ","Nishitsubame","","line-11410"
"station-1141005","츠바메","燕","つばめ","Tsubame","","line-11410"
"station-1141006","츠바메산조","燕三条","つばめさんじょう","Tsubamesanjō","","line-11410"
"station-1141007","키타산조","北三条","きたさんじょう","Kitasanjō","","line-11410"
"station-1141101","나고야","名古屋","なごや","Nagoya","","line-11411"
"station-1141102","카나야마","金山","かなやま","Kanayama","","line-11411"
"station-1141103","츠루마이","鶴舞","つるまい","Tsurumai","","line-11411"
"station-1141104","치쿠사","千種","ちくさ","Chikusa","","line-11411"
"station-1141105","오소네","大曽根","おおそね","ōSone","","line-11411"
"station-1141106","신모리야마","新守山","しんもりやま","Shimmoriyama","","line-11411"
"station-1141107","카치가와","勝川","かちがわ","Kachigawa","","line-11411"
"station-1141108","카스가이","春日井","かすがい","Kasugai","","line-11411"
"station-1141109","신료","神領","しんりょう","Shinryō","","line-11411"
"station-1141110","코조지","高蔵寺","こうぞうじ","KōZōJi","","line-11411"
"station-1141111","테이코지","定光寺","ていこうじ","TeikōJi","","line-11411"
"station-1141112","코코케이","古虎渓","ここけい","Kokokei","","line-11411"
"station-1141113","타지미","多治見","たじみ","Tajimi","","line-11411"
"station-1141114","토키시","土岐市","ときし","Tokishi","","line-11411"
"station-1141115","미즈나미","瑞浪","みずなみ","Mizunami","","line-11411"
"station-1141116","카마도","釜戸","かまど","Kamado","","line-11411"
"station-1141117","타케나미","武並","たけなみ","Takenami","","line-11411"
"station-1141118","에나","恵那","えな","Ena","","line-11411"
"station-1141119","요시노사카모토","美乃坂本","よしのさかもと","Yoshinosakamoto","","line-11411"
"station-1141120","나카츠가와","中津川","なかつがわ","Nakatsugawa","","line-11411"
"station-1141121","오치아이가와","落合川","おちあいがわ","Ochiaigawa","","line-11411"
"station-1141122","사카시타","坂下","さかした","Sakashita","","line-11411"
"station-1141123","타다치","田立","ただち","Tadachi","","line-11411"
"station-1141124","나기소","南木曽","なぎそ","Nagiso","","line-11411"
"station-1141125","주니켄","十二兼","じゅうにけん","JūNiken","","line-11411"
"station-1141126","노지리","野尻","のじり","Nojiri","","line-11411"
"station-1141127","오쿠와","大桑","おおくわ","ōKuwa","","line-11411"
"station-1141128","스하라","須原","すはら","Suhara","","line-11411"
"station-1141129","쿠라모토","倉本","くらもと","Kuramoto","","line-11411"
"station-1141130","우에마츠","上松","うえまつ","Uematsu","","line-11411"
"station-1141131","키소후쿠시마","木曽福島","きそふくしま","Kisofukushima","","line-11411"
"station-1141132","겐야","原野","げんや","Gen'Ya","","line-11411"
"station-1141133","미야노코시","宮ノ越","みやのこし","Miyanokoshi","","line-11411"
"station-1141134","야부하라","藪原","やぶはら","Yabuhara","","line-11411"
"station-1141135","나라이","奈良井","ならい","Narai","","line-11411"
"station-1141136","키소히라사와","木曽平沢","きそひらさわ","Kisohirasawa","","line-11411"
"station-1141137","니에카와","贄川","にえかわ","Niekawa","","line-11411"
"station-1141138","히노데시오","日出塩","ひのでしお","Hinodeshio","","line-11411"
"station-1141139","세바","洗馬","せば","Seba","","line-11411"
"station-1141202","히로오카","広丘","ひろおか","Hirooka","","line-11412"
"station-1141203","무라이","村井","むらい","Murai","","line-11412"
"station-1141204","미나미마츠모토","南松本","みなみまつもと","Minamimatsumoto","","line-11412"
"station-1141206","타자와","田沢","たざわ","Tazawa","","line-11412"
"station-1141207","아카시나","明科","あかしな","Akashina","","line-11412"
"station-1141208","사이조","西条","さいじょう","Saijō","","line-11412"
"station-1141209","사카키타","坂北","さかきた","Sakakita","","line-11412"
"station-1141210","히지리코겐","聖高原","ひじりこうげん","HijirikōGen","","line-11412"
"station-1141211","칸무리기","冠着","かんむりぎ","Kammurigi","","line-11412"
"station-1141212","오바스테","姨捨","おばすて","Obasute","","line-11412"
"station-1141213","이나리야마","稲荷山","いなりやま","Inariyama","","line-11412"
"station-1141215","히라타","平田","ひらた","Hirata","","line-11412"
"station-1141301","토요하시","豊橋","とよはし","Toyohashi","","line-11413"
"station-1141302","후나마치","船町","ふなまち","Funamachi","","line-11413"
"station-1141303","시타지","下地","したじ","Shitaji","","line-11413"
"station-1141304","코자카이","小坂井","こざかい","Kozakai","","line-11413"
"station-1141305","우시쿠보","牛久保","うしくぼ","Ushikubo","","line-11413"
"station-1141306","토요카와","豊川","とよかわ","Toyokawa","","line-11413"
"station-1141307","미카와이치노미야","三河一宮","みかわいちのみや","Mikawaichinomiya","","line-11413"
"station-1141308","나가야마","長山","ながやま","Nagayama","","line-11413"
"station-1141309","에지마","江島","えじま","Ejima","","line-11413"
"station-1141310","토조","東上","とうじょう","TōJō","","line-11413"
"station-1141311","노다조","野田城","のだじょう","Nodajō","","line-11413"
"station-1141312","신조","新城","しんじょう","Shinjō","","line-11413"
"station-1141313","토신마치","東新町","とうしんまち","TōShinmachi","","line-11413"
"station-1141314","차우스야마","茶臼山","ちゃうすやま","Chausuyama","","line-11413"
"station-1141315","미카와토고","三河東郷","みかわとうごう","MikawatōGō","","line-11413"
"station-1141316","오미","大海","おおうみ","ōUmi","","line-11413"
"station-1141317","토리이","鳥居","とりい","Torii","","line-11413"
"station-1141318","나가시노조","長篠城","ながしのじょう","Nagashinojō","","line-11413"
"station-1141319","혼나가시노","本長篠","ほんながしの","Honnagashino","","line-11413"
"station-1141320","미카와오노","三河大野","みかわおおの","MikawaōNo","","line-11413"
"station-1141321","유야온선","湯谷温泉","ゆやおんせん","Yuyaonsen","","line-11413"
"station-1141322","미카와마키하라","三河槙原","みかわまきはら","Mikawamakihara","","line-11413"
"station-1141323","카키다이라","柿平","かきだいら","Kakidaira","","line-11413"
"station-1141324","미카와카와이","三河川合","みかわかわい","Mikawakawai","","line-11413"
"station-1141325","이케바","池場","いけば","Ikeba","","line-11413"
"station-1141326","토에이","東栄","とうえい","TōEi","","line-11413"
"station-1141327","슈츠바","出馬","しゅつば","Shutsuba","","line-11413"
"station-1141328","카미이치바","上市場","かみいちば","Kamiichiba","","line-11413"
"station-1141329","우라카와","浦川","うらかわ","Urakawa","","line-11413"
"station-1141330","하야세","早瀬","はやせ","Hayase","","line-11413"
"station-1141331","시모카와이","下川合","しもかわい","Shimokawai","","line-11413"
"station-1141332","츄부텐류","中部天竜","ちゅうぶてんりゅう","ChūButenryū","","line-11413"
"station-1141333","사쿠마","佐久間","さくま","Sakuma","","line-11413"
"station-1141334","아이즈키","相月","あいづき","Aizuki","","line-11413"
"station-1141335","조사이","城西","じょうさい","JōSai","","line-11413"
"station-1141336","코시조","向市場","こうしじょう","KōShijō","","line-11413"
"station-1141337","미사쿠보","水窪","みさくぼ","Misakubo","","line-11413"
"station-1141338","오아라시","大嵐","おおあらし","ōArashi","","line-11413"
"station-1141339","코와다","小和田","こわだ","Kowada","","line-11413"
"station-1141340","나카이사무라이","中井侍","なかいさむらい","Nakaisamurai","","line-11413"
"station-1141341","이나코자와","伊那小沢","いなこざわ","Inakozawa","","line-11413"
"station-1141342","우구이스스","鶯巣","うぐいすす","Uguisusu","","line-11413"
"station-1141343","히라오카","平岡","ひらおか","Hiraoka","","line-11413"
"station-1141344","타메쿠리","為栗","ためくり","Tamekuri","","line-11413"
"station-1141345","온다","温田","おんだ","Onda","","line-11413"
"station-1141346","타모토","田本","たもと","Tamoto","","line-11413"
"station-1141347","카도토","門島","かどとう","Kadotō","","line-11413"
"station-1141348","토가사","唐笠","とうがさ","TōGasa","","line-11413"
"station-1141349","콘노","金野","こんの","Konno","","line-11413"
"station-1141350","치요","千代","ちよ","Chiyo","","line-11413"
"station-1141351","텐류쿄","天竜峡","てんりゅうきょう","TenryūKyō","","line-11413"
"station-1141402","카와지","川路","かわじ","Kawaji","","line-11414"
"station-1141403","토키마타","時又","ときまた","Tokimata","","line-11414"
"station-1141404","다시나","駄科","だしな","Dashina","","line-11414"
"station-1141405","케가","毛賀","けが","Kega","","line-11414"
"station-1141406","이나야와타","伊那八幡","いなやわた","Inayawata","","line-11414"
"station-1141407","시모야마무라","下山村","しもやまむら","Shimoyamamura","","line-11414"
"station-1141408","카나에","鼎","かなえ","Kanae","","line-11414"
"station-1141409","키리이시","切石","きりいし","Kiriishi","","line-11414"
"station-1141410","이이다","飯田","いいだ","īDa","","line-11414"
"station-1141411","사쿠라마치","桜町","さくらまち","Sakuramachi","","line-11414"
"station-1141412","이나카미사토","伊那上郷","いなかみさと","Inakamisato","","line-11414"
"station-1141413","모토젠코지","元善光寺","もとぜんこうじ","MotozenkōJi","","line-11414"
"station-1141414","시모이치다","下市田","しもいちだ","Shimoichida","","line-11414"
"station-1141415","이치다","市田","いちだ","Ichida","","line-11414"
"station-1141416","시모히라","下平","しもひら","Shimohira","","line-11414"
"station-1141417","야마부키","山吹","やまぶき","Yamabuki","","line-11414"
"station-1141418","이나오시마","伊那大島","いなおおしま","InaōShima","","line-11414"
"station-1141419","카미카타기리","上片桐","かみかたぎり","Kamikatagiri","","line-11414"
"station-1141420","이나타지마","伊那田島","いなたじま","Inatajima","","line-11414"
"station-1141421","타카토오바라","高遠原","たかとおばら","TakatōBara","","line-11414"
"station-1141422","나나쿠보","七久保","ななくぼ","Nanakubo","","line-11414"
"station-1141423","이나혼고","伊那本郷","いなほんごう","Inahongō","","line-11414"
"station-1141424","이이지마","飯島","いいじま","īJima","","line-11414"
"station-1141425","타기리","田切","たぎり","Tagiri","","line-11414"
"station-1141426","이나후쿠오카","伊那福岡","いなふくおか","Inafukuoka","","line-11414"
"station-1141427","코마치야","小町屋","こまちや","Komachiya","","line-11414"
"station-1141428","코마가네","駒ケ根","こまがね","Komagane","","line-11414"
"station-1141429","오타기리","大田切","おおたぎり","ōTagiri","","line-11414"
"station-1141430","미야타","宮田","みやた","Miyata","","line-11414"
"station-1141431","아카기","赤木","あかぎ","Akagi","","line-11414"
"station-1141432","사와와타리","沢渡","さわわたり","Sawawatari","","line-11414"
"station-1141433","시모지마","下島","しもじま","Shimojima","","line-11414"
"station-1141434","이나시","伊那市","いなし","Inashi","","line-11414"
"station-1141435","이나키타","伊那北","いなきた","Inakita","","line-11414"
"station-1141436","타하타","田畑","たはた","Tahata","","line-11414"
"station-1141437","키타도노","北殿","きたどの","Kitadono","","line-11414"
"station-1141438","키노시타","木ノ下","きのした","Kinoshita","","line-11414"
"station-1141439","이나마츠시마","伊那松島","いなまつしま","Inamatsushima","","line-11414"
"station-1141440","사와","沢","さわ","Sawa","","line-11414"
"station-1141441","하바","羽場","はば","Haba","","line-11414"
"station-1141442","이나신마치","伊那新町","いなしんまち","Inashimmachi","","line-11414"
"station-1141443","미야기","宮木","みやぎ","Miyagi","","line-11414"
"station-1141501","마이바라","米原","まいばら","Maibara","","line-11415"
"station-1141502","사카타","坂田","さかた","Sakata","","line-11415"
"station-1141503","타무라","田村","たむら","Tamura","","line-11415"
"station-1141504","나가하마","長浜","ながはま","Nagahama","","line-11415"
"station-1141505","토라히메","虎姫","とらひめ","Torahime","","line-11415"
"station-1141506","카와케","河毛","かわけ","Kawake","","line-11415"
"station-1141507","타카츠키","高月","たかつき","Takatsuki","","line-11415"
"station-1141508","키노모토","木ノ本","きのもと","Kinomoto","","line-11415"
"station-1141509","요고","余呉","よご","Yogo","","line-11415"
"station-1141510","오미시오츠","近江塩津","おうみしおつ","ōMishiotsu","","line-11415"
"station-1141511","신히키타","新疋田","しんひきた","Shinhikita","","line-11415"
"station-1141512","츠루가","敦賀","つるが","Tsuruga","","line-11415"
"station-1141513","미나미이마조","南今庄","みなみいまじょう","Minamiimajō","","line-11415"
"station-1141514","이마조","今庄","いまじょう","Imajō","","line-11415"
"station-1141515","유오","湯尾","ゆお","Yuo","","line-11415"
"station-1141516","난조","南条","なんじょう","Nanjō","","line-11415"
"station-1141517","오시오","王子保","おうしお","ōShio","","line-11415"
"station-1141518","타케후","武生","たけふ","Takefu","","line-11415"
"station-1141519","사바에","鯖江","さばえ","Sabae","","line-11415"
"station-1141520","키타사바에","北鯖江","きたさばえ","Kitasabae","","line-11415"
"station-1141521","오도로","大土呂","おおどろ","ōDoro","","line-11415"
"station-1141522","에치젠하난도","越前花堂","えちぜんはなんどう","Echizenhanandō","","line-11415"
"station-1141523","후쿠이","福井","ふくい","Fukui","","line-11415"
"station-1141524","모리타","森田","もりた","Morita","","line-11415"
"station-1141525","하루에","春江","はるえ","Harue","","line-11415"
"station-1141526","마루오카","丸岡","まるおか","Maruoka","","line-11415"
"station-1141527","아와라온선","芦原温泉","あわらおんせん","Awaraonsen","","line-11415"
"station-1141528","호소로기","細呂木","ほそろぎ","Hosorogi","","line-11415"
"station-1141529","우시노야","牛ノ谷","うしのや","Ushinoya","","line-11415"
"station-1141530","다이쇼지","大聖寺","だいしょうじ","DaishōJi","","line-11415"
"station-1141531","카가온선","加賀温泉","かがおんせん","Kagaonsen","","line-11415"
"station-1141532","이부리하시","動橋","いぶりはし","Iburihashi","","line-11415"
"station-1141533","아와즈","粟津","あわづ","Awazu","","line-11415"
"station-1141534","코마츠","小松","こまつ","Komatsu","","line-11415"
"station-1141535","메이호","明峰","めいほう","Meihō","","line-11415"
"station-1141536","노미네아가리","能美根上","のみねあがり","Nomineagari","","line-11415"
"station-1141537","쇼마이코","小舞子","しょうまいこ","ShōMaiko","","line-11415"
"station-1141538","미카와","美川","みかわ","Mikawa","","line-11415"
"station-1141539","카가카사마","加賀笠間","かがかさま","Kagakasama","","line-11415"
"station-1141540","맛토","松任","まっとう","Mattō","","line-11415"
"station-1141541","노노이치","野々市","ののいち","Nonoichi","","line-11415"
"station-1141542","니시카나자와","西金沢","にしかなざわ","Nishikanazawa","","line-11415"
"station-1141543","카나자와","金沢","かなざわ","Kanazawa","","line-11415"
"station-1140501","토야마","富山","とやま","Toyama","","line-11416"
"station-1141601","기후","岐阜","ぎふ","Gifu","","line-11416"
"station-1141602","나가모리","長森","ながもり","Nagamori","","line-11416"
"station-1141603","나카","那加","なか","Naka","","line-11416"
"station-1141604","소하라","蘇原","そはら","Sohara","","line-11416"
"station-1141605","카가미가하라","各務ケ原","かがみがはら","Kagamigahara","","line-11416"
"station-1141606","우누마","鵜沼","うぬま","Unuma","","line-11416"
"station-1141607","사카호기","坂祝","さかほぎ","Sakahogi","","line-11416"
"station-1141608","미노오타","美濃太田","みのおおた","MinoōTa","","line-11416"
"station-1141609","후루이","古井","ふるい","Furui","","line-11416"
"station-1141610","나카카와베","中川辺","なかかわべ","Nakakawabe","","line-11416"
"station-1141611","시모아사오","下麻生","しもあさお","Shimoasao","","line-11416"
"station-1141612","카미아사오","上麻生","かみあさお","Kamiasao","","line-11416"
"station-1141613","시로카와구치","白川口","しろかわぐち","Shirokawaguchi","","line-11416"
"station-1141614","시모유이","下油井","しもゆい","Shimoyui","","line-11416"
"station-1141615","히다카나야마","飛騨金山","ひだかなやま","Hidakanayama","","line-11416"
"station-1141616","야케이시","焼石","やけいし","Yakeishi","","line-11416"
"station-1141617","게로","下呂","げろ","Gero","","line-11416"
"station-1141618","젠쇼지","禅昌寺","ぜんしょうじ","ZenshōJi","","line-11416"
"station-1141619","히다하기와라","飛騨萩原","ひだはぎわら","Hidahagiwara","","line-11416"
"station-1141620","조로","上呂","じょうろ","JōRo","","line-11416"
"station-1141621","히다미야타","飛騨宮田","ひだみやた","Hidamiyata","","line-11416"
"station-1141622","히다오사카","飛騨小坂","ひだおさか","Hidaosaka","","line-11416"
"station-1141623","나기사","渚","なぎさ","Nagisa","","line-11416"
"station-1141624","쿠구노","久々野","くぐの","Kuguno","","line-11416"
"station-1141625","히다이치노미야","飛騨一ノ宮","ひだいちのみや","Hidaichinomiya","","line-11416"
"station-1141626","타카야마","高山","たかやま","Takayama","","line-11416"
"station-1141627","호츠에","上枝","ほつえ","Hotsue","","line-11416"
"station-1141628","히다코쿠후","飛騨国府","ひだこくふ","Hidakokufu","","line-11416"
"station-1141629","히다후루카와","飛騨古川","ひだふるかわ","Hidafurukawa","","line-11416"
"station-1141630","스기사키","杉崎","すぎさき","Sugisaki","","line-11416"
"station-1141631","히다호소에","飛騨細江","ひだほそえ","Hidahosoe","","line-11416"
"station-1141632","카도카와","角川","かどかわ","Kadokawa","","line-11416"
"station-1141633","사카가미","坂上","さかがみ","Sakagami","","line-11416"
"station-1141634","우츠보","打保","うつぼ","Utsubo","","line-11416"
"station-1141635","스기하라","杉原","すぎはら","Sugihara","","line-11416"
"station-1141636","이노타니","猪谷","いのたに","Inotani","","line-11416"
"station-1141637","니레하라","楡原","にれはら","Nirehara","","line-11416"
"station-1141638","사사즈","笹津","ささづ","Sasazu","","line-11416"
"station-1141639","히가시야츠오","東八尾","ひがしやつお","Higashiyatsuo","","line-11416"
"station-1141640","엣츄야츠오","越中八尾","えっちゅうやつお","EtchūYatsuo","","line-11416"
"station-1141641","센리","千里","せんり","Senri","","line-11416"
"station-1141642","하야호시","速星","はやほし","Hayahoshi","","line-11416"
"station-1141643","니시토야마","西富山","にしとやま","Nishitoyama","","line-11416"
"station-1141645","후츄사카","婦中鵜坂","ふちゅううさか","FuchūUsaka","","line-11416"
"station-100917","신타카오카","新高岡","しんたかおか","Shintakaoka","","line-11417"
"station-1141551","타카오카","高岡","たかおか","Takaoka","","line-11417"
"station-1141702","후타츠카","二塚","ふたつか","Futatsuka","","line-11417"
"station-1141703","하야시","林","はやし","Hayashi","","line-11417"
"station-1141704","토이데","戸出","といで","Toide","","line-11417"
"station-1141705","유덴","油田","ゆでん","Yuden","","line-11417"
"station-1141706","토나미","砺波","となみ","Tonami","","line-11417"
"station-1141707","토노시리","東野尻","とうのしり","TōNoshiri","","line-11417"
"station-1141708","타카기","高儀","たかぎ","Takagi","","line-11417"
"station-1141709","후쿠노","福野","ふくの","Fukuno","","line-11417"
"station-1141710","토세키쿠로","東石黒","とうせきくろ","TōSekikuro","","line-11417"
"station-1141711","후쿠미츠","福光","ふくみつ","Fukumitsu","","line-11417"
"station-1141712","엣츄야마다","越中山田","えっちゅうやまだ","EtchūYamada","","line-11417"
"station-1141713","조하나","城端","じょうはな","JōHana","","line-11417"
"station-1141802","엣츄나카가와","越中中川","えっちゅうなかがわ","EtchūNakagawa","","line-11418"
"station-1141803","노마치","能町","のうまち","NōMachi","","line-11418"
"station-1141804","후시키","伏木","ふしき","Fushiki","","line-11418"
"station-1141805","에츠츄고쿠분","越中国分","えつちゅうごくぶん","EtsuchūGokubun","","line-11418"
"station-1141806","아마하라시","雨晴","あまはらし","Amaharashi","","line-11418"
"station-1141807","시마오","島尾","しまお","Shimao","","line-11418"
"station-1141808","히미","氷見","ひみ","Himi","","line-11418"
"station-1141546","츠바타","津幡","つばた","Tsubata","","line-11419"
"station-1141902","나카츠바타","中津幡","なかつばた","Nakatsubata","","line-11419"
"station-1141903","혼츠바타","本津幡","ほんつばた","Hontsubata","","line-11419"
"station-1141904","노세","能瀬","のせ","Nose","","line-11419"
"station-1141905","우노케","宇野気","うのけ","Unoke","","line-11419"
"station-1141906","요코야마","横山","よこやま","Yokoyama","","line-11419"
"station-1141907","타카마츠","高松","たかまつ","Takamatsu","","line-11419"
"station-1141908","멘다","免田","めんだ","Menda","","line-11419"
"station-1141909","타카라이타루","宝達","たからいたる","Takaraitaru","","line-11419"
"station-1141910","시키나미","敷浪","しきなみ","Shikinami","","line-11419"
"station-1141911","미나미하쿠이","南羽咋","みなみはくい","Minamihakui","","line-11419"
"station-1141912","하쿠이","羽咋","はくい","Hakui","","line-11419"
"station-1141913","치지","千路","ちじ","Chiji","","line-11419"
"station-1141914","카네마루","金丸","かねまる","Kanemaru","","line-11419"
"station-1141915","노토베","能登部","のとべ","Notobe","","line-11419"
"station-1141916","요시카와","良川","よしかわ","Yoshikawa","","line-11419"
"station-1141917","노토니노미야","能登二宮","のとにのみや","Notoninomiya","","line-11419"
"station-1141918","토쿠타","徳田","とくた","Tokuta","","line-11419"
"station-1141919","나나비","七尾","ななび","Nanabi","","line-11419"
"station-1141920","와쿠라온선","和倉温泉","わくらおんせん","Wakuraonsen","","line-11419"
"station-1142103","로쿠조","六条","ろくじょう","Rokujō","","line-11421"
"station-1142104","아스와","足羽","あすわ","Asuwa","","line-11421"
"station-1142105","에치젠토고","越前東郷","えちぜんとうごう","EchizentōGō","","line-11421"
"station-1142106","이치조타니","一乗谷","いちじょうたに","IchijōTani","","line-11421"
"station-1142107","에치젠타카다","越前高田","えちぜんたかだ","Echizentakada","","line-11421"
"station-1142108","이치나미","市波","いちなみ","Ichinami","","line-11421"
"station-1142109","코와쇼즈","小和清水","こわしょうず","KowashōZu","","line-11421"
"station-1142110","미야마","美山","みやま","Miyama","","line-11421"
"station-1142111","에치젠쿠스시","越前薬師","えちぜんくすし","Echizenkusushi","","line-11421"
"station-1142112","에치젠오미야","越前大宮","えちぜんおおみや","EchizenōMiya","","line-11421"
"station-1142113","하카리이시","計石","はかりいし","Hakariishi","","line-11421"
"station-1142114","우시가하라","牛ケ原","うしがはら","Ushigahara","","line-11421"
"station-1142115","키타오노","北大野","きたおおの","KitaōNo","","line-11421"
"station-1142116","에치젠오노","越前大野","えちぜんおおの","Echizen'ōNo","","line-11421"
"station-1142117","에치젠타노","越前田野","えちぜんたの","Echizentano","","line-11421"
"station-1142118","에치젠토미타","越前富田","えちぜんとみた","Echizentomita","","line-11421"
"station-1142119","시모유이노","下唯野","しもゆいの","Shimoyuino","","line-11421"
"station-1142120","카키가시마","柿ケ島","かきがしま","Kakigashima","","line-11421"
"station-1142121","카도하라","勝原","かどはら","Kadohara","","line-11421"
"station-1142122","에치젠게잔","越前下山","えちぜんげざん","Echizengezan","","line-11421"
"station-1142123","쿠즈류코","九頭竜湖","くずりゅうこ","KuzuryūKo","","line-11421"
"station-1142201","히가시마이즈루","東舞鶴","ひがしまいづる","Higashimaizuru","","line-11422"
"station-1142202","마츠노오데라","松尾寺","まつのおでら","Matsunoodera","","line-11422"
"station-1142203","아오노고","青郷","あおのごう","Aonogō","","line-11422"
"station-1142204","미마츠","三松","みまつ","Mimatsu","","line-11422"
"station-1142205","와카사타카하마","若狭高浜","わかさたかはま","Wakasatakahama","","line-11422"
"station-1142206","와카사와다","若狭和田","わかさわだ","Wakasawada","","line-11422"
"station-1142207","와카사혼고","若狭本郷","わかさほんごう","Wakasahongō","","line-11422"
"station-1142208","카도","加斗","かど","Kado","","line-11422"
"station-1142209","제이하마","勢浜","ぜいはま","Zeihama","","line-11422"
"station-1142210","오바마","小浜","おばま","Obama","","line-11422"
"station-1142211","히가시코하마","東小浜","ひがしこはま","Higashikohama","","line-11422"
"station-1142212","신히라노","新平野","しんひらの","Shinhirano","","line-11422"
"station-1142213","카미나카","上中","かみなか","Kaminaka","","line-11422"
"station-1142214","와카사아리타","若狭有田","わかさありた","Wakasaarita","","line-11422"
"station-1142215","오토바","大鳥羽","おおとば","ōToba","","line-11422"
"station-1142216","주무라","十村","じゅうむら","JūMura","","line-11422"
"station-1142217","후지이","藤井","ふじい","Fujii","","line-11422"
"station-1142218","산포","三方","さんぽう","Sanpō","","line-11422"
"station-1142219","키야마","気山","きやま","Kiyama","","line-11422"
"station-1142220","미하마","美浜","みはま","Mihama","","line-11422"
"station-1142221","히가시미하마","東美浜","ひがしみはま","Higashimihama","","line-11422"
"station-1142222","아와노","粟野","あわの","Awano","","line-11422"
"station-1142223","니시츠루가","西敦賀","にしつるが","Nishitsuruga","","line-11422"
"station-1150102","칸나미","函南","かんなみ","Kannami","","line-11501"
"station-1150103","미시마","三島","みしま","Mishima","","line-11501"
"station-1150104","누마즈","沼津","ぬまづ","Numazu","","line-11501"
"station-1150105","카타하마","片浜","かたはま","Katahama","","line-11501"
"station-1150106","하라","原","はら","Hara","","line-11501"
"station-1150107","히가시타고노라","東田子の浦","ひがしたごのうら","Higashitagonoura","","line-11501"
"station-1150108","요시하라","吉原","よしはら","Yoshihara","","line-11501"
"station-1150110","후지카와","富士川","ふじかわ","Fujikawa","","line-11501"
"station-1150111","신칸바라","新蒲原","しんかんばら","Shinkambara","","line-11501"
"station-1150112","칸바라","蒲原","かんばら","Kambara","","line-11501"
"station-1150113","유히","由比","ゆひ","Yuhi","","line-11501"
"station-1150114","오키츠","興津","おきつ","Okitsu","","line-11501"
"station-1150115","시미즈","清水","しみず","Shimizu","","line-11501"
"station-1150116","쿠사나기","草薙","くさなぎ","Kusanagi","","line-11501"
"station-1150117","히가시시즈오카","東静岡","ひがししずおか","Higashishizuoka","","line-11501"
"station-1150118","시즈오카","静岡","しずおか","Shizuoka","","line-11501"
"station-1150119","아베카와","安倍川","あべかわ","Abekawa","","line-11501"
"station-1150120","모치무네","用宗","もちむね","Mochimune","","line-11501"
"station-1150121","야이즈","焼津","やいづ","Yaizu","","line-11501"
"station-1150122","니시야이즈","西焼津","にしやいづ","Nishiyaizu","","line-11501"
"station-1150123","후지에다","藤枝","ふじえだ","Fujieda","","line-11501"
"station-1150124","로쿠고","六合","ろくごう","Rokugō","","line-11501"
"station-1150125","시마다","島田","しまだ","Shimada","","line-11501"
"station-1150126","카나야","金谷","かなや","Kanaya","","line-11501"
"station-1150127","키쿠카와","菊川","きくかわ","Kikukawa","","line-11501"
"station-1150128","카케가와","掛川","かけがわ","Kakegawa","","line-11501"
"station-1150129","아이노","愛野","あいの","Aino","","line-11501"
"station-1150130","후쿠로이","袋井","ふくろい","Fukuroi","","line-11501"
"station-1150131","이와타","磐田","いわた","Iwata","","line-11501"
"station-1150132","토요다마치","豊田町","とよだまち","Toyodamachi","","line-11501"
"station-1150133","텐류가와","天竜川","てんりゅうがわ","TenryūGawa","","line-11501"
"station-1150135","미쿠리야","御厨","みくりや","Mikuriya","","line-11501"
"station-1150201","하마마츠","浜松","はままつ","Hamamatsu","","line-11501"
"station-1150203","타카츠카","高塚","たかつか","Takatsuka","","line-11502"
"station-1150204","마이사카","舞阪","まいさか","Maisaka","","line-11502"
"station-1150205","벤텐지마","弁天島","べんてんじま","Bentenjima","","line-11502"
"station-1150206","니노이마치","新居町","にのいまち","Ninoimachi","","line-11502"
"station-1150207","와시즈","鷲津","わしづ","Washizu","","line-11502"
"station-1150208","신조하라","新所原","しんじょはら","Shinjohara","","line-11502"
"station-1150209","후타가와","二川","ふたがわ","Futagawa","","line-11502"
"station-1150211","니시코자카이","西小坂井","にしこざかい","Nishikozakai","","line-11502"
"station-1150212","아이치미토","愛知御津","あいちみと","Aichimito","","line-11502"
"station-1150213","미카와오츠카","三河大塚","みかわおおつか","MikawaōTsuka","","line-11502"
"station-1150214","미카와미타니","三河三谷","みかわみたに","Mikawamitani","","line-11502"
"station-1150215","카바노군","蒲郡","かばのぐん","Kabanogun","","line-11502"
"station-1150216","미카와시오츠","三河塩津","みかわしおつ","Mikawashiotsu","","line-11502"
"station-1150217","산가네","三ケ根","さんがね","Sangane","","line-11502"
"station-1150218","코다","幸田","こうだ","KōDa","","line-11502"
"station-1150219","오카자키","岡崎","おかざき","Okazaki","","line-11502"
"station-1150220","니시오카자키","西岡崎","にしおかざき","Nishiokazaki","","line-11502"
"station-1150221","아키","安城","あき","Aki","","line-11502"
"station-1150222","미카와안조","三河安城","みかわあんじょう","Mikawaanjō","","line-11502"
"station-1150223","히가시카리야","東刈谷","ひがしかりや","Higashikariya","","line-11502"
"station-1150224","카리야","刈谷","かりや","Kariya","","line-11502"
"station-1150225","아이즈마","逢妻","あいづま","Aizuma","","line-11502"
"station-1150226","오후","大府","おおふ","ōFu","","line-11502"
"station-1150227","쿄와","共和","きょうわ","KyōWa","","line-11502"
"station-1150228","오타카","大高","おおたか","ōTaka","","line-11502"
"station-1150229","카사데라","笠寺","かさでら","Kasadera","","line-11502"
"station-1150230","아츠타","熱田","あつた","Atsuta","","line-11502"
"station-1150232","오토바시","尾頭橋","おとうばし","OtōBashi","","line-11502"
"station-1150234","비와지마","枇杷島","びわじま","Biwajima","","line-11502"
"station-1150235","키요스","清洲","きよす","Kiyosu","","line-11502"
"station-1150236","이나자와","稲沢","いなざわ","Inazawa","","line-11502"
"station-1150237","오와리이치노미야","尾張一宮","おわりいちのみや","Owariichinomiya","","line-11502"
"station-1150238","키소가와","木曽川","きそがわ","Kisogawa","","line-11502"
"station-1150240","노다신마치","野田新町","のだしんまち","Nodashimmachi","","line-11502"
"station-1150241","미나미오다카","南大高","みなみおおだか","MinamiōDaka","","line-11502"
"station-1150242","아이미","相見","あいみ","Aimi","","line-11502"
"station-1150302","니시기후","西岐阜","にしぎふ","Nishigifu","","line-11503"
"station-1150303","호즈미","穂積","ほづみ","Hozumi","","line-11503"
"station-1150304","오가키","大垣","おおがき","ōGaki","","line-11503"
"station-1150305","아라오","荒尾","あらお","Arao","","line-11503"
"station-1150306","미노아카사카","美濃赤坂","みのあかさか","Minoakasaka","","line-11503"
"station-1150307","타루이","垂井","たるい","Tarui","","line-11503"
"station-1150308","세키가하라","関ケ原","せきがはら","Sekigahara","","line-11503"
"station-1150309","카시와바라","柏原","かしわばら","Kashiwabara","","line-11503"
"station-1150310","오미나가오카","近江長岡","おうみながおか","ōMinagaoka","","line-11503"
"station-1150311","사메가이","醒ケ井","さめがい","Samegai","","line-11503"
"station-1150402","쿠루미야","来宮","くるみや","Kurumiya","","line-11504"
"station-1150403","이즈타가","伊豆多賀","いずたが","Izutaga","","line-11504"
"station-1150404","아지로","網代","あじろ","Ajiro","","line-11504"
"station-1150405","우사미","宇佐美","うさみ","Usami","","line-11504"
"station-1150406","이토","伊東","いとう","Itō","","line-11504"
"station-1150502","시모소가","下曽我","しもそが","Shimosoga","","line-11505"
"station-1150503","카미오이","上大井","かみおおい","KamiōI","","line-11505"
"station-1150504","사가미카네코","相模金子","さがみかねこ","Sagamikaneko","","line-11505"
"station-1150505","마츠다","松田","まつだ","Matsuda","","line-11505"
"station-1150506","히가시야마키타","東山北","ひがしやまきた","Higashiyamakita","","line-11505"
"station-1150507","야마키타","山北","やまきた","Yamakita","","line-11505"
"station-1150508","코쿠가","谷峨","こくが","Kokuga","","line-11505"
"station-1150509","스루가코야마","駿河小山","するがこやま","Surugakoyama","","line-11505"
"station-1150510","아시가라","足柄","あしがら","Ashigara","","line-11505"
"station-1150511","고텐바","御殿場","ごてんば","Gotemba","","line-11505"
"station-1150512","미나미고텐바","南御殿場","みなみごてんば","Minamigotemba","","line-11505"
"station-1150513","후지오카","富士岡","ふじおか","Fujioka","","line-11505"
"station-1150514","이와나미","岩波","いわなみ","Iwanami","","line-11505"
"station-1150515","스소노","裾野","すその","Susono","","line-11505"
"station-1150516","나가이즈미나메리","長泉なめり","ながいずみなめり","Nagaizuminameri","","line-11505"
"station-1150517","시모토가리","下土狩","しもとがり","Shimotogari","","line-11505"
"station-1150518","오오카","大岡","おおおか","ōOka","","line-11505"
"station-1150602","오와리모리오카","尾張森岡","おわりもりおか","Owarimorioka","","line-11506"
"station-1150603","오가와","緒川","おがわ","Ogawa","","line-11506"
"station-1150604","이시하마","石浜","いしはま","Ishihama","","line-11506"
"station-1150605","히가시우라","東浦","ひがしうら","Higashiura","","line-11506"
"station-1150606","카메자키","亀崎","かめざき","Kamezaki","","line-11506"
"station-1150607","오토가와","乙川","おとがわ","Otogawa","","line-11506"
"station-1150608","한다","半田","はんだ","Handa","","line-11506"
"station-1150609","히가시나라와","東成岩","ひがしならわ","Higashinarawa","","line-11506"
"station-1150610","타케유타카","武豊","たけゆたか","Takeyutaka","","line-11506"
"station-1150702","코이즈미","小泉","こいずみ","Koizumi","","line-11507"
"station-1150703","콘폰","根本","こんぽん","Kompon","","line-11507"
"station-1150704","히메","姫","ひめ","Hime","","line-11507"
"station-1150705","시모기리","下切","しもぎり","Shimogiri","","line-11507"
"station-1150706","카니","可児","かに","Kani","","line-11507"
"station-1150707","미노카와이","美濃川合","みのかわい","Minokawai","","line-11507"
"station-1150802","핫타","八田","はった","Hatta","","line-11508"
"station-1150803","하루타","春田","はるた","Haruta","","line-11508"
"station-1150804","카니에","蟹江","かにえ","Kanie","","line-11508"
"station-1150805","에이와","永和","えいわ","Eiwa","","line-11508"
"station-1150806","야토미","弥富","やとみ","Yatomi","","line-11508"
"station-1150807","나가시마","長島","ながしま","Nagashima","","line-11508"
"station-1150808","쿠와나","桑名","くわな","Kuwana","","line-11508"
"station-1150809","아사히","朝日","あさひ","Asahi","","line-11508"
"station-1150810","토미타","富田","とみた","Tomita","","line-11508"
"station-1150811","토미타하마","富田浜","とみたはま","Tomitahama","","line-11508"
"station-1150812","욧카이치","四日市","よっかいち","Yokkaichi","","line-11508"
"station-1150813","미나미욧카시","南四日市","みなみよっかし","Minamiyokkashi","","line-11508"
"station-1150814","카와라다","河原田","かわらだ","Kawarada","","line-11508"
"station-1150815","카와노","河曲","かわの","Kawano","","line-11508"
"station-1150816","카사도","加佐登","かさど","Kasado","","line-11508"
"station-1150817","이다가와","井田川","いだがわ","Idagawa","","line-11508"
"station-1150818","카메야마","亀山","かめやま","Kameyama","","line-11508"
"station-1150902","세키","関","せき","Seki","","line-11509"
"station-1150903","카부토","加太","かぶと","Kabuto","","line-11509"
"station-1150904","츠게","柘植","つげ","Tsuge","","line-11509"
"station-1150905","신도","新堂","しんどう","Shindō","","line-11509"
"station-1150906","사나구","佐那具","さなぐ","Sanagu","","line-11509"
"station-1150907","이가우에노","伊賀上野","いがうえの","Igaueno","","line-11509"
"station-1150908","시마가하라","島ケ原","しまがはら","Shimagahara","","line-11509"
"station-1150909","츠키가세구치","月ケ瀬口","つきがせぐち","Tsukigaseguchi","","line-11509"
"station-1150910","오카와라","大河原","おおかわら","ōKawara","","line-11509"
"station-1150911","카사기","笠置","かさぎ","Kasagi","","line-11509"
"station-1150912","카모","加茂","かも","Kamo","","line-11509"
"station-1151002","시모노쇼","下庄","しものしょう","Shimonoshō","","line-11510"
"station-1151003","이신덴","一身田","いしんでん","Ishinden","","line-11510"
"station-1151004","츠","津","つ","Tsu","","line-11510"
"station-1151005","아코기","阿漕","あこぎ","Akogi","","line-11510"
"station-1151006","타카차야","高茶屋","たかちゃや","Takachaya","","line-11510"
"station-1151007","로쿠켄","六軒","ろくけん","Rokuken","","line-11510"
"station-1151008","마츠자카","松阪","まつざか","Matsuzaka","","line-11510"
"station-1151009","노리카즈","徳和","のりかず","Norikazu","","line-11510"
"station-1151010","타키","多気","たき","Taki","","line-11510"
"station-1151011","쇼카","相可","しょうか","ShōKa","","line-11510"
"station-1151012","사나","佐奈","さな","Sana","","line-11510"
"station-1151013","토치하라","栃原","とちはら","Tochihara","","line-11510"
"station-1151014","카와조에","川添","かわぞえ","Kawazoe","","line-11510"
"station-1151015","미세타니","三瀬谷","みせたに","Misetani","","line-11510"
"station-1151016","타키하라","滝原","たきはら","Takihara","","line-11510"
"station-1151017","아소","阿曽","あそ","Aso","","line-11510"
"station-1151018","이세카시와자키","伊勢柏崎","いせかしわざき","Isekashiwazaki","","line-11510"
"station-1151019","오치야마","大内山","おおうちやま","ōUchiyama","","line-11510"
"station-1151020","우메가타니","梅ケ谷","うめがたに","Umegatani","","line-11510"
"station-1151021","키이나가시마","紀伊長島","きいながしま","Kiinagashima","","line-11510"
"station-1151022","미노세","三野瀬","みのせ","Minose","","line-11510"
"station-1151023","후나츠","船津","ふなつ","Funatsu","","line-11510"
"station-1151024","아이가","相賀","あいが","Aiga","","line-11510"
"station-1151025","오와세","尾鷲","おわせ","Owase","","line-11510"
"station-1151026","오소네우라","大曽根浦","おおそねうら","ōSoneura","","line-11510"
"station-1151027","쿠키","九鬼","くき","Kuki","","line-11510"
"station-1151028","미키사토","三木里","みきさと","Mikisato","","line-11510"
"station-1151029","요시타","賀田","よした","Yoshita","","line-11510"
"station-1151030","니기시마","二木島","にぎしま","Nigishima","","line-11510"
"station-1151031","아타시카","新鹿","あたしか","Atashika","","line-11510"
"station-1151032","하다스","波田須","はだす","Hadasu","","line-11510"
"station-1151033","다이하쿠","大泊","だいはく","Daihaku","","line-11510"
"station-1151034","쿠마노시","熊野市","くまのし","Kumanoshi","","line-11510"
"station-1151035","아리이","有井","ありい","Arii","","line-11510"
"station-1151036","카미시무라산","神志山","かみしむらさん","Kamishimurasan","","line-11510"
"station-1151037","키이이치기","紀伊市木","きいいちぎ","Kiiichigi","","line-11510"
"station-1151038","아타와","阿田和","あたわ","Atawa","","line-11510"
"station-1151039","키이이다","紀伊井田","きいいだ","Kiiida","","line-11510"
"station-1151040","우도노","鵜殿","うどの","Udono","","line-11510"
"station-1151041","신구우","新宮","しんぐう","Shingū","","line-11510"
"station-1151102","아부라히","油日","あぶらひ","Aburahi","","line-11511"
"station-1151103","코가","甲賀","こうが","KōGa","","line-11511"
"station-1151104","테라쇼","寺庄","てらしょう","Terashō","","line-11511"
"station-1151105","코난","甲南","こうなん","KōNan","","line-11511"
"station-1151106","키부카와","貴生川","きぶかわ","Kibukawa","","line-11511"
"station-1151107","미쿠모","三雲","みくも","Mikumo","","line-11511"
"station-1151108","코사이","甲西","こうさい","KōSai","","line-11511"
"station-1151109","이시베","石部","いしべ","Ishibe","","line-11511"
"station-1151110","테하라","手原","てはら","Tehara","","line-11511"
"station-1151111","쿠사츠","草津","くさつ","Kusatsu","","line-11511"
"station-1151202","소토조덴","外城田","そとじょうでん","SotojōDen","","line-11512"
"station-1151203","타마루","田丸","たまる","Tamaru","","line-11512"
"station-1151204","미야가와","宮川","みやがわ","Miyagawa","","line-11512"
"station-1151205","야마다카미구치","山田上口","やまだかみぐち","Yamadakamiguchi","","line-11512"
"station-1151206","이세시","伊勢市","いせし","Iseshi","","line-11512"
"station-1151207","이스즈케오카","五十鈴ケ丘","いすずけおか","Isuzukeoka","","line-11512"
"station-1151208","후타미노라","二見浦","ふたみのうら","Futaminoura","","line-11512"
"station-1151209","마츠시타","松下","まつした","Matsushita","","line-11512"
"station-1151211","토바","鳥羽","とば","Toba","","line-11512"
"station-1151302","카미노쇼","上ノ庄","かみのしょう","Kaminoshō","","line-11513"
"station-1151303","곤겐마에","権現前","ごんげんまえ","Gongemmae","","line-11513"
"station-1151304","이세핫타","伊勢八太","いせはった","Isehatta","","line-11513"
"station-1151305","카즈시","一志","かずし","Kazushi","","line-11513"
"station-1151306","이세키","井関","いせき","Iseki","","line-11513"
"station-1151307","이세오이","伊勢大井","いせおおい","IseōI","","line-11513"
"station-1151308","이세카와구치","伊勢川口","いせかわぐち","Isekawaguchi","","line-11513"
"station-1151309","세키노미야","関ノ宮","せきのみや","Sekinomiya","","line-11513"
"station-1151310","이에키","家城","いえき","Ieki","","line-11513"
"station-1151311","이세타케하라","伊勢竹原","いせたけはら","Isetakehara","","line-11513"
"station-1151312","이세카마쿠라","伊勢鎌倉","いせかまくら","Isekamakura","","line-11513"
"station-1151313","이세야치","伊勢八知","いせやち","Iseyachi","","line-11513"
"station-1151314","히츠","比津","ひつ","Hitsu","","line-11513"
"station-1151315","이세오키츠","伊勢奥津","いせおきつ","Iseokitsu","","line-11513"
"station-1160102","히코네","彦根","ひこね","Hikone","","line-11601"
"station-1160103","미나미히코네","南彦根","みなみひこね","Minamihikone","","line-11601"
"station-1160104","카와세","河瀬","かわせ","Kawase","","line-11601"
"station-1160105","이나에","稲枝","いなえ","Inae","","line-11601"
"station-1160106","노토가와","能登川","のとがわ","Notogawa","","line-11601"
"station-1160107","아즈치","安土","あづち","Azuchi","","line-11601"
"station-1160108","오미하치만","近江八幡","おうみはちまん","ōMihachiman","","line-11601"
"station-1160109","시노하라","篠原","しのはら","Shinohara","","line-11601"
"station-1160110","야스","野洲","やす","Yasu","","line-11601"
"station-1160111","모리야마","守山","もりやま","Moriyama","","line-11601"
"station-1160112","릿토","栗東","りっとう","Rittō","","line-11601"
"station-1160114","미나미쿠사츠","南草津","みなみくさつ","Minamikusatsu","","line-11601"
"station-1160115","세타","瀬田","せた","Seta","","line-11601"
"station-1160116","이시야마","石山","いしやま","Ishiyama","","line-11601"
"station-1160117","제제","膳所","ぜぜ","Zeze","","line-11601"
"station-1160118","오츠","大津","おおつ","ōTsu","","line-11601"
"station-1160119","야마시나","山科","やましな","Yamashina","","line-11601"
"station-1160120","교토","京都","きょうと","KyōTo","","line-11601"
"station-1160202","니시오로","西大路","にしおおろ","NishiōRo","","line-11602"
"station-1160203","무코마치","向日町","むこうまち","MukōMachi","","line-11602"
"station-1160204","나가오카쿄","長岡京","ながおかきょう","Nagaokakyō","","line-11602"
"station-1160205","야마자키","山崎","やまざき","Yamazaki","","line-11602"
"station-1160206","타카츠키","高槻","たかつき","Takatsuki","","line-11602"
"station-1160207","셋츠토미타","摂津富田","せっつとみた","Settsutomita","","line-11602"
"station-1160208","이바라기","茨木","いばらぎ","Ibaragi","","line-11602"
"station-1160209","센리오카","千里丘","せんりおか","Senrioka","","line-11602"
"station-1160210","키시베","岸辺","きしべ","Kishibe","","line-11602"
"station-1160211","스이타","吹田","すいた","Suita","","line-11602"
"station-1160212","히가시요도가와","東淀川","ひがしよどがわ","Higashiyodogawa","","line-11602"
"station-1160213","신오사카","新大阪","しんおおさか","Shin'ōSaka","","line-11602"
"station-1160214","오사카","大阪","おおさか","Osaka","","line-11602"
"station-1160215","시마모토","島本","しまもと","Shimamoto","","line-11602"
"station-1160216","카츠라가와","桂川","かつらがわ","Katsuragawa","","line-11602"
"station-1160217","jr소지지","JR総持寺","jrそうじじ","JRsōJiji","","line-11602"
"station-1160302","츠카모토","塚本","つかもと","Tsukamoto","","line-11603"
"station-1160303","아마가사키","尼崎","あまがさき","Amagasaki","","line-11603"
"station-1160304","타치바나","立花","たちばな","Tachibana","","line-11603"
"station-1160305","코시엔구치","甲子園口","こうしえんぐち","KōShienguchi","","line-11603"
"station-1160306","니시노미야","西宮","にしのみや","Nishinomiya","","line-11603"
"station-1160307","아시야","芦屋","あしや","Ashiya","","line-11603"
"station-1160308","코난야마테","甲南山手","こうなんやまて","KōNanyamate","","line-11603"
"station-1160309","셋츠모토야마","摂津本山","せっつもとやま","Settsumotoyama","","line-11603"
"station-1160310","스미요시","住吉","すみよし","Sumiyoshi","","line-11603"
"station-1160311","롯코미치","六甲道","ろっこうみち","RokkōMichi","","line-11603"
"station-1160312","나다","灘","なだ","Nada","","line-11603"
"station-1160313","산노미야","三ノ宮","さんのみや","Sannomiya","","line-11603"
"station-1160314","모토마치","元町","もとまち","Motomachi","","line-11603"
"station-1160315","코베","神戸","こうべ","KōBe","","line-11603"
"station-1160316","사쿠라슈쿠가와","さくら夙川","さくらしゅくがわ","Sakurashukugawa","","line-11603"
"station-1160317","마야","摩耶","まや","Maya","","line-11603"
"station-1160503","오츠미야코","大津京","おおつみやこ","ōTsumiyako","","line-11605"
"station-1160504","카라사키","唐崎","からさき","Karasaki","","line-11605"
"station-1160505","히에이잔사카모토","比叡山坂本","ひえいざんさかもと","Hieizansakamoto","","line-11605"
"station-1160506","오고토온선","おごと温泉","おごとおんせん","Ogotoonsen","","line-11605"
"station-1160507","카타다","堅田","かただ","Katada","","line-11605"
"station-1160508","오노","小野","おの","Ono","","line-11605"
"station-1160509","카즈","和邇","かず邇","Kazu邇","","line-11605"
"station-1160510","호라이","蓬莱","ほうらい","HōRai","","line-11605"
"station-1160511","시가","志賀","しが","Shiga","","line-11605"
"station-1160512","비라","比良","びら","Bira","","line-11605"
"station-1160513","오미마이코","近江舞子","おうみまいこ","ōMimaiko","","line-11605"
"station-1160514","키타코마츠","北小松","きたこまつ","Kitakomatsu","","line-11605"
"station-1160515","오미타카시마","近江高島","おうみたかしま","ōMitakashima","","line-11605"
"station-1160516","아도가와","安曇川","あどがわ","Adogawa","","line-11605"
"station-1160517","신아사히","新旭","しんあさひ","Shin'Asahi","","line-11605"
"station-1160518","오미이마즈","近江今津","おうみいまづ","ōMiimazu","","line-11605"
"station-1160519","오미나카쇼","近江中庄","おうみなかしょう","ōMinakashō","","line-11605"
"station-1160520","마키노","マキノ","まきの","Makino","","line-11605"
"station-1160521","나가하라","永原","ながはら","Nagahara","","line-11605"
"station-1160702","키즈","木津","きづ","Kizu","","line-11607"
"station-1160703","나라야마","平城山","ならやま","Narayama","","line-11607"
"station-1160704","나라","奈良","なら","Nara","","line-11607"
"station-1160705","코오리야마","郡山","こおりやま","Kooriyama","","line-11607"
"station-1160706","야마토코이즈미","大和小泉","やまとこいずみ","Yamatokoizumi","","line-11607"
"station-1160707","호류지","法隆寺","ほうりゅうじ","HōRyūJi","","line-11607"
"station-1160708","오지","王寺","おうじ","ōJi","","line-11607"
"station-1160709","미사토","三郷","みさと","Misato","","line-11607"
"station-1160710","카와치카타카미","河内堅上","かわちかたかみ","Kawachikatakami","","line-11607"
"station-1160711","타카이다","高井田","たかいだ","Takaida","","line-11607"
"station-1160712","카시와바라","柏原","かしわばら","Kashiwabara","","line-11607"
"station-1160713","시키","志紀","しき","Shiki","","line-11607"
"station-1160714","야오","八尾","やお","Yao","","line-11607"
"station-1160715","큐호지","久宝寺","きゅうほうじ","KyūHōJi","","line-11607"
"station-1160716","카미","加美","かみ","Kami","","line-11607"
"station-1160717","헤이야","平野","へいや","Heiya","","line-11607"
"station-1160718","토부시조마에","東部市場前","とうぶしじょうまえ","TōBushijōMae","","line-11607"
"station-1160719","텐노지","天王寺","てんのうじ","TennōJi","","line-11607"
"station-1160720","신이마미야","新今宮","しんいまみや","Shin'Imamiya","","line-11607"
"station-1160721","이마미야","今宮","いまみや","Imamiya","","line-11607"
"station-1160722","ｊｒ난바","ＪＲ難波","ｊｒなんば","ＪＲNamba","","line-11607"
"station-1160802","효고","兵庫","ひょうご","HyōGo","","line-11608"
"station-1160803","신나가타","新長田","しんながた","Shinnagata","","line-11608"
"station-1160804","타카토리","鷹取","たかとり","Takatori","","line-11608"
"station-1160805","스마","須磨","すま","Suma","","line-11608"
"station-1160806","시오야","塩屋","しおや","Shioya","","line-11608"
"station-1160807","타루미","垂水","たるみ","Tarumi","","line-11608"
"station-1160808","마이코","舞子","まいこ","Maiko","","line-11608"
"station-1160809","아사기리","朝霧","あさぎり","Asagiri","","line-11608"
"station-1160810","아카시","明石","あかし","Akashi","","line-11608"
"station-1160811","니시아카시","西明石","にしあかし","Nishiakashi","","line-11608"
"station-1160812","오쿠보","大久保","おおくぼ","ōKubo","","line-11608"
"station-1160813","우오즈미","魚住","うおずみ","Uozumi","","line-11608"
"station-1160814","츠치야마","土山","つちやま","Tsuchiyama","","line-11608"
"station-1160815","히가시카코가와","東加古川","ひがしかこがわ","Higashikakogawa","","line-11608"
"station-1160816","카코가와","加古川","かこがわ","Kakogawa","","line-11608"
"station-1160817","호덴","宝殿","ほうでん","HōDen","","line-11608"
"station-1160818","소네","曽根","そね","Sone","","line-11608"
"station-1160819","히메지벳쇼","ひめじ別所","ひめじべっしょ","Himejibessho","","line-11608"
"station-1160820","고차쿠","御着","ごちゃく","Gochaku","","line-11608"
"station-1160821","히메지","姫路","ひめじ","Himeji","","line-11608"
"station-1160822","스마카이힌코엔","須磨海浜公園","すまかいひんこうえん","SumakaihinkōEn","","line-11608"
"station-1160823","히가시히메지","東姫路","ひがしひめじ","Higashihimeji","","line-11608"
"station-1160902","아가호","英賀保","あがほ","Agaho","","line-11609"
"station-1160903","아보시","網干","あぼし","Aboshi","","line-11609"
"station-1160904","타츠노","竜野","たつの","Tatsuno","","line-11609"
"station-1160905","아이오이","相生","あいおい","Aioi","","line-11609"
"station-1160906","유넨","有年","ゆうねん","YūNen","","line-11609"
"station-1160907","카미고오리","上郡","かみごおり","KamigōRi","","line-11609"
"station-1160908","산세키","三石","さんせき","Sanseki","","line-11609"
"station-1160909","요시나가","吉永","よしなが","Yoshinaga","","line-11609"
"station-1160910","와키","和気","わき","Waki","","line-11609"
"station-1160911","쿠마야마","熊山","くまやま","Kumayama","","line-11609"
"station-1160912","만토미","万富","まんとみ","Mantomi","","line-11609"
"station-1160913","세토","瀬戸","せと","Seto","","line-11609"
"station-1160914","조토","上道","じょうとう","JōTō","","line-11609"
"station-1160915","히가시오카야마","東岡山","ひがしおかやま","Higashiokayama","","line-11609"
"station-1160916","타카시마","高島","たかしま","Takashima","","line-11609"
"station-1160917","오카야마","岡山","おかやま","Okayama","","line-11609"
"station-1160918","하리마카츠하라","はりま勝原","はりまかつはら","Harimakatsuhara","","line-11609"
"station-1160919","니시카와라","西川原","にしかわら","Nishikawara","","line-11609"
"station-1161002","키타나가세","北長瀬","きたながせ","Kitanagase","","line-11610"
"station-1161003","니와세","庭瀬","にわせ","Niwase","","line-11610"
"station-1161004","나카쇼","中庄","なかしょう","Nakashō","","line-11610"
"station-1161005","쿠라시키","倉敷","くらしき","Kurashiki","","line-11610"
"station-1161006","니시아치","西阿知","にしあち","Nishiachi","","line-11610"
"station-1161007","니이쿠라시키","新倉敷","にいくらしき","NīKurashiki","","line-11610"
"station-1161008","카네미츠","金光","かねみつ","Kanemitsu","","line-11610"
"station-1161009","카모가타","鴨方","かもがた","Kamogata","","line-11610"
"station-1161010","사토쇼","里庄","さとしょう","Satoshō","","line-11610"
"station-1161011","카사오카","笠岡","かさおか","Kasaoka","","line-11610"
"station-1161012","다이몬","大門","だいもん","Daimon","","line-11610"
"station-1161013","히가시후쿠야마","東福山","ひがしふくやま","Higashifukuyama","","line-11610"
"station-1161014","후쿠야마","福山","ふくやま","Fukuyama","","line-11610"
"station-1161015","빈고아카사카","備後赤坂","びんごあかさか","Bingoakasaka","","line-11610"
"station-1161016","마츠나가","松永","まつなが","Matsunaga","","line-11610"
"station-1161017","히가시오노미치","東尾道","ひがしおのみち","Higashionomichi","","line-11610"
"station-1161018","오노미치","尾道","おのみち","Onomichi","","line-11610"
"station-1161019","이토자키","糸崎","いとざき","Itozaki","","line-11610"
"station-1161020","미하라","三原","みはら","Mihara","","line-11610"
"station-1161102","혼고","本郷","ほんごう","Hongō","","line-11611"
"station-1161103","카와우치","河内","かわうち","Kawauchi","","line-11611"
"station-1161104","이리노","入野","いりの","Irino","","line-11611"
"station-1161105","시로시","白市","しろし","Shiroshi","","line-11611"
"station-1161106","니시타카야","西高屋","にしたかや","Nishitakaya","","line-11611"
"station-1161107","사이조","西条","さいじょう","Saijō","","line-11611"
"station-1161108","하치혼마츠","八本松","はちほんまつ","Hachihommatsu","","line-11611"
"station-1161109","세노","瀬野","せの","Seno","","line-11611"
"station-1161110","나카노히가시","中野東","なかのひがし","Nakanohigashi","","line-11611"
"station-1161111","아키나카노","安芸中野","あきなかの","Akinakano","","line-11611"
"station-1161112","카이타시","海田市","かいたし","Kaitashi","","line-11611"
"station-1161113","코요","向洋","こうよう","KōYō","","line-11611"
"station-1161114","텐진카와","天神川","てんじんかわ","Tenjinkawa","","line-11611"
"station-1161115","히로시마","広島","ひろしま","Hiroshima","","line-11611"
"station-1161116","요코카와","横川","よこかわ","Yokokawa","","line-11611"
"station-1161117","니시히로시마","西広島","にしひろしま","Nishihiroshima","","line-11611"
"station-1161118","신이노쿠치","新井口","しんいのくち","Shin'Inokuchi","","line-11611"
"station-1161119","이츠카이치","五日市","いつかいち","Itsukaichi","","line-11611"
"station-1161120","하츠카이치","廿日市","はつかいち","Hatsukaichi","","line-11611"
"station-1161121","미야우치쿠시도","宮内串戸","みやうちくしど","Miyauchikushido","","line-11611"
"station-1161122","아지나","阿品","あじな","Ajina","","line-11611"
"station-1161123","미야지마구치","宮島口","みやじまぐち","Miyajimaguchi","","line-11611"
"station-1161124","마에조라","前空","まえぞら","Maezora","","line-11611"
"station-1161125","오노라","大野浦","おおのうら","ōNoura","","line-11611"
"station-1161126","쿠바","玖波","くば","Kuba","","line-11611"
"station-1161127","오타케","大竹","おおたけ","ōTake","","line-11611"
"station-1161128","이와쿠니","岩国","いわくに","Iwakuni","","line-11611"
"station-1161129","와키","和木","わき","Waki","","line-11611"
"station-1161130","신시로지마","新白島","しんしろじま","Shinshirojima","","line-11611"
"station-1161131","지케이","寺家","じけい","Jikei","","line-11611"
"station-1161202","미나미이와쿠니","南岩国","みなみいわくに","Minamiiwakuni","","line-11612"
"station-1161203","후주","藤生","ふじゅう","Fujū","","line-11612"
"station-1161204","츠즈","通津","つづ","Tsuzu","","line-11612"
"station-1161205","유","由宇","ゆう","Yuu","","line-11612"
"station-1161206","카미요","神代","かみよ","Kamiyo","","line-11612"
"station-1161207","오하타","大畠","おおはた","ōHata","","line-11612"
"station-1161208","야나이코","柳井港","やないこう","Yanaikō","","line-11612"
"station-1161209","야나이","柳井","やない","Yanai","","line-11612"
"station-1161210","타부세","田布施","たぶせ","Tabuse","","line-11612"
"station-1161211","이와타","岩田","いわた","Iwata","","line-11612"
"station-1161212","시마다","島田","しまだ","Shimada","","line-11612"
"station-1161213","히카리","光","ひかり","Hikari","","line-11612"
"station-1161214","쿠다마츠","下松","くだまつ","Kudamatsu","","line-11612"
"station-1161215","쿠시가하마","櫛ケ浜","くしがはま","Kushigahama","","line-11612"
"station-1161216","토쿠야마","徳山","とくやま","Tokuyama","","line-11612"
"station-1161217","신난요","新南陽","しんなんよう","Shinnan'Yō","","line-11612"
"station-1161218","후쿠가와","福川","ふくがわ","Fukugawa","","line-11612"
"station-1161219","토다","戸田","とだ","Toda","","line-11612"
"station-1161220","토도미","富海","とどみ","Todomi","","line-11612"
"station-1161221","호후","防府","ほうふ","HōFu","","line-11612"
"station-1161222","다이도","大道","だいどう","Daidō","","line-11612"
"station-1161223","요츠츠지","四辻","よつつじ","Yotsutsuji","","line-11612"
"station-1161224","신야마구치","新山口","しんやまぐち","Shinyamaguchi","","line-11612"
"station-1161225","카가와","嘉川","かがわ","Kagawa","","line-11612"
"station-1161226","혼유라","本由良","ほんゆら","Hon'Yura","","line-11612"
"station-1161227","아츠히가시","厚東","あつひがし","Atsuhigashi","","line-11612"
"station-1161228","우베","宇部","うべ","Ube","","line-11612"
"station-1161229","오노다","小野田","おのだ","Onoda","","line-11612"
"station-1161230","아사","厚狭","あさ","Asa","","line-11612"
"station-1161231","하부","埴生","はぶ","Habu","","line-11612"
"station-1161232","오즈키","小月","おづき","Ozuki","","line-11612"
"station-1161233","초후","長府","ちょうふ","ChōFu","","line-11612"
"station-1161234","신시모노세키","新下関","しんしものせき","Shinshimonoseki","","line-11612"
"station-1161235","하타부","幡生","はたぶ","Hatabu","","line-11612"
"station-1161236","시모노세키","下関","しものせき","Shimonoseki","","line-11612"
"station-1161237","모지","門司","もじ","Moji","","line-11612"
"station-1161302","와다미사키","和田岬","わだみさき","Wadamisaki","","line-11613"
"station-1161402","탄바구치","丹波口","たんばぐち","Tambaguchi","","line-11614"
"station-1161403","니조","二条","にじょう","Nijō","","line-11614"
"station-1161404","엔마치","円町","えんまち","Enmachi","","line-11614"
"station-1161405","하나조노","花園","はなぞの","Hanazono","","line-11614"
"station-1161406","우즈마사","太秦","うずまさ","Uzumasa","","line-11614"
"station-1161407","사가아라시야마","嵯峨嵐山","さがあらしやま","Sagaarashiyama","","line-11614"
"station-1161408","호즈쿄","保津峡","ほづきょう","Hozukyō","","line-11614"
"station-1161409","마보리","馬堀","まぼり","Mabori","","line-11614"
"station-1161410","카메오카","亀岡","かめおか","Kameoka","","line-11614"
"station-1161411","나미카와","並河","なみかわ","Namikawa","","line-11614"
"station-1161412","치요카와","千代川","ちよかわ","Chiyokawa","","line-11614"
"station-1161413","하치보쿠","八木","はちぼく","Hachiboku","","line-11614"
"station-1161414","요시토미","吉富","よしとみ","Yoshitomi","","line-11614"
"station-1161415","소노베","園部","そのべ","Sonobe","","line-11614"
"station-1161416","우메코지쿄토니시","梅小路京都西","うめこうじきょうとにし","UmekōJikyōTonishi","","line-11614"
"station-1161502","후나오카","船岡","ふなおか","Funaoka","","line-11615"
"station-1161503","히요시","日吉","ひよし","Hiyoshi","","line-11615"
"station-1161504","신큐다이가쿠마에","鍼灸大学前","鍼やいとだいがくまえ","鍼Yaitodaigakumae","","line-11615"
"station-1161505","고마","胡麻","ごま","Goma","","line-11615"
"station-1161506","게잔","下山","げざん","Gezan","","line-11615"
"station-1161507","와치","和知","わち","Wachi","","line-11615"
"station-1161508","아세리","安栖里","あせり","Aseri","","line-11615"
"station-1161509","타치키","立木","たちき","Tachiki","","line-11615"
"station-1161510","야마가","山家","やまが","Yamaga","","line-11615"
"station-1161511","아야베","綾部","あやべ","Ayabe","","line-11615"
"station-1161512","타카츠","高津","たかつ","Takatsu","","line-11615"
"station-1161513","이시하라","石原","いしはら","Ishihara","","line-11615"
"station-1161514","후쿠치야마","福知山","ふくちやま","Fukuchiyama","","line-11615"
"station-1161515","카미카와구치","上川口","かみかわぐち","Kamikawaguchi","","line-11615"
"station-1161516","시모야쿠노","下夜久野","しもやくの","Shimoyakuno","","line-11615"
"station-1161517","카미야쿠노","上夜久野","かみやくの","Kamiyakuno","","line-11615"
"station-1161518","야나세","梁瀬","やなせ","Yanase","","line-11615"
"station-1161519","와다야마","和田山","わだやま","Wadayama","","line-11615"
"station-1161520","요후","養父","ようふ","YōFu","","line-11615"
"station-1161521","요카","八鹿","ようか","YōKa","","line-11615"
"station-1161522","에바라","江原","えばら","Ebara","","line-11615"
"station-1161523","코쿠후","国府","こくふ","Kokufu","","line-11615"
"station-1161524","토요오카","豊岡","とよおか","Toyooka","","line-11615"
"station-1161602","겐부도","玄武洞","げんぶどう","Gembudō","","line-11616"
"station-1161603","키노사키온선","城崎温泉","きのさきおんせん","Kinosakionsen","","line-11616"
"station-1161604","타케노","竹野","たけの","Takeno","","line-11616"
"station-1161606","사츠","佐津","さつ","Satsu","","line-11616"
"station-1161607","시바야마","柴山","しばやま","Shibayama","","line-11616"
"station-1161608","카스미","香住","かすみ","Kasumi","","line-11616"
"station-1161609","요로이","鎧","よろい","Yoroi","","line-11616"
"station-1161610","부","餘部","餘ぶ","餘Bu","","line-11616"
"station-1161611","쿠타니","久谷","くたに","Kutani","","line-11616"
"station-1161612","하마사카","浜坂","はまさか","Hamasaka","","line-11616"
"station-1161613","모로요세","諸寄","もろよせ","Moroyose","","line-11616"
"station-1161614","이구미","居組","いぐみ","Igumi","","line-11616"
"station-1161615","히가시하마","東浜","ひがしはま","Higashihama","","line-11616"
"station-1161616","이와미","岩美","いわみ","Iwami","","line-11616"
"station-1161617","오이와","大岩","おおいわ","ōIwa","","line-11616"
"station-1161618","후쿠베","福部","ふくべ","Fukube","","line-11616"
"station-1161619","톳토리","鳥取","とっとり","Tottori","","line-11616"
"station-1161620","코잔","湖山","こざん","Kozan","","line-11616"
"station-1161621","톳토리다이가쿠마에","鳥取大学前","とっとりだいがくまえ","Tottoridaigakumae","","line-11616"
"station-1161622","스에츠네","末恒","すえつね","Suetsune","","line-11616"
"station-1161623","호기","宝木","ほうぎ","HōGi","","line-11616"
"station-1161624","하마무라","浜村","はまむら","Hamamura","","line-11616"
"station-1161625","아오야","青谷","あおや","Aoya","","line-11616"
"station-1161626","토마리","泊","とまり","Tomari","","line-11616"
"station-1161627","마츠자키","松崎","まつざき","Matsuzaki","","line-11616"
"station-1161628","쿠라요시","倉吉","くらよし","Kurayoshi","","line-11616"
"station-1161629","시모호조","下北条","しもほうじょう","ShimohōJō","","line-11616"
"station-1161630","유라","由良","ゆら","Yura","","line-11616"
"station-1161631","우라야스","浦安","うらやす","Urayasu","","line-11616"
"station-1161632","하치쿄","八橋","はちきょう","Hachikyō","","line-11616"
"station-1161633","아카사키","赤碕","あかさき","Akasaki","","line-11616"
"station-1161634","나카야마구치","中山口","なかやまぐち","Nakayamaguchi","","line-11616"
"station-1161635","시모이치","下市","しもいち","Shimoichi","","line-11616"
"station-1161636","미쿠리야","御来屋","みくりや","Mikuriya","","line-11616"
"station-1161637","나와","名和","なわ","Nawa","","line-11616"
"station-1161638","다이센구치","大山口","だいせんぐち","Daisenguchi","","line-11616"
"station-1161639","요도에","淀江","よどえ","Yodoe","","line-11616"
"station-1161640","호키다이선","伯耆大山","ほうきだいせん","HōKidaisen","","line-11616"
"station-1161641","히가시야마코엔","東山公園","ひがしやまこうえん","HigashiyamakōEn","","line-11616"
"station-1161642","요나고","米子","よなご","Yonago","","line-11616"
"station-1161702","니시키즈","西木津","にしきづ","Nishikizu","","line-11617"
"station-1161703","호소노","祝園","ほうその","HōSono","","line-11617"
"station-1161704","시모코마","下狛","しもこま","Shimokoma","","line-11617"
"station-1161705","ｊｒ미야마키","ＪＲ三山木","ｊｒみやまき","ＪＲMiyamaki","","line-11617"
"station-1161706","도시샤마에","同志社前","どうししゃまえ","DōShishamae","","line-11617"
"station-1161707","쿄타나베","京田辺","きょうたなべ","KyōTanabe","","line-11617"
"station-1161708","오스미","大住","おおすみ","ōSumi","","line-11617"
"station-1161709","마츠이야마테","松井山手","まついやまて","Matsuiyamate","","line-11617"
"station-1161710","초비","長尾","ちょうび","ChōBi","","line-11617"
"station-1161711","후지사카","藤阪","ふじさか","Fujisaka","","line-11617"
"station-1161712","츠다","津田","つだ","Tsuda","","line-11617"
"station-1161713","카와우치이와오선","河内磐船","かわうちいわおせん","Kawauchiiwaosen","","line-11617"
"station-1161714","호시다","星田","ほしだ","Hoshida","","line-11617"
"station-1161715","네야가와코엔","寝屋川公園","ねやがわこうえん","NeyagawakōEn","","line-11617"
"station-1161716","시노부케오카","忍ケ丘","しのぶけおか","Shinobukeoka","","line-11617"
"station-1161717","시조나와테","四条畷","しじょうなわて","ShijōNawate","","line-11617"
"station-1161718","노사키","野崎","のさき","Nosaki","","line-11617"
"station-1161719","스미노도","住道","すみのどう","Suminodō","","line-11617"
"station-1161720","코노이케닛타","鴻池新田","こうのいけにった","KōNoikenitta","","line-11617"
"station-1161721","토쿠안","徳庵","とくあん","Tokuan","","line-11617"
"station-1161722","호슈츠","放出","ほうしゅつ","HōShutsu","","line-11617"
"station-1161723","시기노","鴫野","しぎの","Shigino","","line-11617"
"station-1161724","교바시","京橋","きょうばし","Kyobashi","","line-11617"
"station-1161802","토후쿠지","東福寺","とうふくじ","TōFukuji","","line-11618"
"station-1161803","이나리","稲荷","いなり","Inari","","line-11618"
"station-1161804","ｊｒ후지모리","ＪＲ藤森","ｊｒふじもり","ＪＲFujimori","","line-11618"
"station-1161805","모모야마","桃山","ももやま","Momoyama","","line-11618"
"station-1161806","로쿠지조","六地蔵","ろくじぞう","Rokujizō","","line-11618"
"station-1161807","키바타","木幡","きばた","Kibata","","line-11618"
"station-1161808","오바쿠","黄檗","おうばく","ōBaku","","line-11618"
"station-1161809","우지","宇治","うじ","Uji","","line-11618"
"station-1161810","ｊｒ코쿠라","ＪＲ小倉","ｊｒこくら","ＪＲKokura","","line-11618"
"station-1161811","닛타","新田","にった","Nitta","","line-11618"
"station-1161812","조요","城陽","じょうよう","JōYō","","line-11618"
"station-1161813","나가이케","長池","ながいけ","Nagaike","","line-11618"
"station-1161814","야마시로아오야","山城青谷","やましろあおや","Yamashiroaoya","","line-11618"
"station-1161815","야마시로타가","山城多賀","やましろたが","Yamashirotaga","","line-11618"
"station-1161816","타마미즈","玉水","たまみず","Tamamizu","","line-11618"
"station-1161817","타나구라","棚倉","たなぐら","Tanagura","","line-11618"
"station-1161818","카미코마","上狛","かみこま","Kamikoma","","line-11618"
"station-1162205","후치카키","淵垣","ふちかき","Fuchikaki","","line-11622"
"station-1162206","우메자코","梅迫","うめざこ","Umezako","","line-11622"
"station-1162207","마쿠라","真倉","まくら","Makura","","line-11622"
"station-1162208","니시마이즈루","西舞鶴","にしまいづる","Nishimaizuru","","line-11622"
"station-1162304","아시하라바시","芦原橋","あしはらばし","Ashiharabashi","","line-11623"
"station-1162305","타이쇼","大正","たいしょう","Taishō","","line-11623"
"station-1162306","벤텐마치","弁天町","べんてんまち","Bentenmachi","","line-11623"
"station-1162307","니시쿠조","西九条","にしくじょう","Nishikujō","","line-11623"
"station-1162308","노다","野田","のだ","Noda","","line-11623"
"station-1162309","후쿠시마","福島","ふくしま","Fukushima","","line-11623"
"station-1162311","텐마","天満","てんま","Temma","","line-11623"
"station-1162312","사쿠라노미야","桜ノ宮","さくらのみや","Sakuranomiya","","line-11623"
"station-1162314","오사카조코엔","大阪城公園","おおさかじょうこうえん","ōSakajōKōEn","","line-11623"
"station-1162315","모리노미야","森ノ宮","もりのみや","Morinomiya","","line-11623"
"station-1162316","타마츠쿠리","玉造","たまつくり","Tamatsukuri","","line-11623"
"station-1162317","츠루하시","鶴橋","つるはし","Tsuruhashi","","line-11623"
"station-1162318","모모다니","桃谷","ももだに","Momodani","","line-11623"
"station-1162319","테라다마치","寺田町","てらだまち","Teradamachi","","line-11623"
"station-1162402","아지카와구치","安治川口","あじかわぐち","Ajikawaguchi","","line-11624"
"station-1162403","유니바사루시티","ユニバーサルシティ","ゆにばーさるしてぃ","YunibāSarushiti","","line-11624"
"station-1162404","사쿠라지마","桜島","さくらじま","Sakurajima","","line-11624"
"station-1162502","오사카조키타즈메","大阪城北詰","おおさかじょうきたづめ","ōSakajōKitazume","","line-11625"
"station-1162503","오사카텐만구우","大阪天満宮","おおさかてんまんぐう","ōSakatemmangū","","line-11625"
"station-1162506","에비에","海老江","えびえ","Ebie","","line-11625"
"station-1162507","미테지마","御幣島","みてじま","Mitejima","","line-11625"
"station-1162508","카시마","加島","かしま","Kashima","","line-11625"
"station-1162602","비쇼엔","美章園","びしょうえん","BishōEn","","line-11626"
"station-1162603","미나미타나베","南田辺","みなみたなべ","Minamitanabe","","line-11626"
"station-1162604","츠루가오카","鶴ケ丘","つるがおか","Tsurugaoka","","line-11626"
"station-1162605","나가이","長居","ながい","Nagai","","line-11626"
"station-1162606","아비코초","我孫子町","あびこちょう","Abikochō","","line-11626"
"station-1162607","스기모토마치","杉本町","すぎもとまち","Sugimotomachi","","line-11626"
"station-1162608","아사카","浅香","あさか","Asaka","","line-11626"
"station-1162609","사카이시","堺市","さかいし","Sakaishi","","line-11626"
"station-1162610","미쿠니가오카","三国ケ丘","みくにがおか","Mikunigaoka","","line-11626"
"station-1162611","모즈","百舌鳥","もず","Mozu","","line-11626"
"station-1162612","우에노시바","上野芝","うえのしば","Uenoshiba","","line-11626"
"station-1162613","츠쿠노","津久野","つくの","Tsukuno","","line-11626"
"station-1162614","오토리","鳳","おおとり","ōTori","","line-11626"
"station-1162615","토미키","富木","とみき","Tomiki","","line-11626"
"station-1162616","키타시노다","北信太","きたしのだ","Kitashinoda","","line-11626"
"station-1162617","시다산","信太山","しださん","Shidasan","","line-11626"
"station-1162618","이즈미후츄","和泉府中","いずみふちゅう","Izumifuchū","","line-11626"
"station-1162619","쿠메타","久米田","くめた","Kumeta","","line-11626"
"station-1162620","쿠다마츠","下松","くだまつ","Kudamatsu","","line-11626"
"station-1162621","토간와다","東岸和田","とうがんわだ","TōGanwada","","line-11626"
"station-1162622","히가시카이즈카","東貝塚","ひがしかいづか","Higashikaizuka","","line-11626"
"station-1162623","이즈미하시모토","和泉橋本","いずみはしもと","Izumihashimoto","","line-11626"
"station-1162624","히가시사노","東佐野","ひがしさの","Higashisano","","line-11626"
"station-1162625","쿠마토리","熊取","くまとり","Kumatori","","line-11626"
"station-1162626","히네노","日根野","ひねの","Hineno","","line-11626"
"station-1162627","나가타키","長滝","ながたき","Nagataki","","line-11626"
"station-1162628","신야","新家","しんや","Shin'Ya","","line-11626"
"station-1162629","이즈미스나가와","和泉砂川","いずみすながわ","Izumisunagawa","","line-11626"
"station-1162630","이즈미톳토리","和泉鳥取","いずみとっとり","Izumitottori","","line-11626"
"station-1162631","야마나카케이","山中渓","やまなかけい","Yamanakakei","","line-11626"
"station-1162632","키이","紀伊","きい","Kii","","line-11626"
"station-1162633","무소타","六十谷","むそた","Musota","","line-11626"
"station-1162634","키이나카노시마","紀伊中ノ島","きいなかのしま","Kiinakanoshima","","line-11626"
"station-1162635","와카야마","和歌山","わかやま","Wakayama","","line-11626"
"station-1162702","히가시하고로모","東羽衣","ひがしはごろも","Higashihagoromo","","line-11627"
"station-1162802","린쿠타운","りんくうタウン","りんくうたうん","RinkūTaun","","line-11628"
"station-1162803","간사이 공항","関西空港","かんさいくうこう","KansaikūKō","","line-11628"
"station-1162904","츠카구치","塚口","つかぐち","Tsukaguchi","","line-11629"
"station-1162905","이나지","猪名寺","いなじ","Inaji","","line-11629"
"station-1162906","이타미","伊丹","いたみ","Itami","","line-11629"
"station-1162907","키타이타미","北伊丹","きたいたみ","Kitaitami","","line-11629"
"station-1162908","카와니시이케다","川西池田","かわにしいけだ","Kawanishiikeda","","line-11629"
"station-1162909","나카야마지","中山寺","なかやまじ","Nakayamaji","","line-11629"
"station-1162910","타카라즈카","宝塚","たからづか","Takarazuka","","line-11629"
"station-1162911","나마세","生瀬","なませ","Namase","","line-11629"
"station-1162912","니시노미야나지오","西宮名塩","にしのみやなじお","Nishinomiyanajio","","line-11629"
"station-1162913","타케다오","武田尾","たけだお","Takedao","","line-11629"
"station-1162914","도조","道場","どうじょう","DōJō","","line-11629"
"station-1162915","미타","三田","みた","Mita","","line-11629"
"station-1162916","신미타","新三田","しんみた","Shinmita","","line-11629"
"station-1162917","히로노","広野","ひろの","Hirono","","line-11629"
"station-1162918","아이노","相野","あいの","Aino","","line-11629"
"station-1162919","란폰","藍本","らんぽん","Rampon","","line-11629"
"station-1162920","쿠사노","草野","くさの","Kusano","","line-11629"
"station-1162921","후루이치","古市","ふるいち","Furuichi","","line-11629"
"station-1162922","미나미야시로","南矢代","みなみやしろ","Minamiyashiro","","line-11629"
"station-1162923","사사야마구치","篠山口","ささやまぐち","Sasayamaguchi","","line-11629"
"station-1163002","탄바오야마","丹波大山","たんばおおやま","TambaōYama","","line-11630"
"station-1163003","시모타키","下滝","しもたき","Shimotaki","","line-11630"
"station-1163004","타니가와","谷川","たにがわ","Tanigawa","","line-11630"
"station-1163005","카시와바라","柏原","かしわばら","Kashiwabara","","line-11630"
"station-1163006","이소","石生","いそう","Isō","","line-11630"
"station-1163007","쿠로이","黒井","くろい","Kuroi","","line-11630"
"station-1163008","이치지마","市島","いちじま","Ichijima","","line-11630"
"station-1163009","탄바타케다","丹波竹田","たんばたけだ","Tambatakeda","","line-11630"
"station-1163102","니시아이오이","西相生","にしあいおい","Nishiaioi","","line-11631"
"station-1163103","사코시","坂越","さこし","Sakoshi","","line-11631"
"station-1163104","반슈아코","播州赤穂","ばんしゅうあこう","BanshūAkō","","line-11631"
"station-1163105","텐와","天和","てんわ","Tenwa","","line-11631"
"station-1163106","비젠후쿠카와","備前福河","びぜんふくかわ","Bizenfukukawa","","line-11631"
"station-1163107","소고","寒河","そうご","SōGo","","line-11631"
"station-1163108","닛세이","日生","にっせい","Nissei","","line-11631"
"station-1163109","이리","伊里","いり","Iri","","line-11631"
"station-1163110","비젠카타카미","備前片上","びぜんかたかみ","Bizenkatakami","","line-11631"
"station-1163111","니시카타카미","西片上","にしかたかみ","Nishikatakami","","line-11631"
"station-1163112","이베","伊部","いべ","Ibe","","line-11631"
"station-1163113","코토","香登","こうとう","KōTō","","line-11631"
"station-1163114","오사후네","長船","おさふね","Osafune","","line-11631"
"station-1163115","오쿠","邑久","おく","Oku","","line-11631"
"station-1163116","오도미","大富","おおどみ","ōDomi","","line-11631"
"station-1163117","사이다이지","西大寺","さいだいじ","Saidaiji","","line-11631"
"station-1163118","오다라","大多羅","おおだら","ōDara","","line-11631"
"station-1163202","히오카","日岡","ひおか","Hioka","","line-11632"
"station-1163203","카미노","神野","かみの","Kamino","","line-11632"
"station-1163204","야쿠진","厄神","やくじん","Yakujin","","line-11632"
"station-1163205","시조","市場","しじょう","Shijō","","line-11632"
"station-1163206","오노마치","小野町","おのまち","Onomachi","","line-11632"
"station-1163207","아와나","粟生","あわな","Awana","","line-11632"
"station-1163208","카와이니시","河合西","かわいにし","Kawainishi","","line-11632"
"station-1163209","아오노가하라","青野ケ原","あおのがはら","Aonogahara","","line-11632"
"station-1163210","야시로초","社町","やしろちょう","Yashirochō","","line-11632"
"station-1163211","타키노","滝野","たきの","Takino","","line-11632"
"station-1163212","타키","滝","たき","Taki","","line-11632"
"station-1163213","니시와키시","西脇市","にしわきし","Nishiwakishi","","line-11632"
"station-1163214","신니시와키","新西脇","しんにしわき","Shinnishiwaki","","line-11632"
"station-1163215","히에","比延","ひえ","Hie","","line-11632"
"station-1163216","닛폰헤소코엔","日本へそ公園","にっぽんへそこうえん","NipponhesokōEn","","line-11632"
"station-1163217","쿠로다쇼","黒田庄","くろだしょう","Kurodashō","","line-11632"
"station-1163218","혼쿠로다","本黒田","ほんくろだ","Honkuroda","","line-11632"
"station-1163219","후나마치구치","船町口","ふなまちぐち","Funamachiguchi","","line-11632"
"station-1163220","쿠게무라","久下村","くげむら","Kugemura","","line-11632"
"station-1163302","하리마타카오카","播磨高岡","はりまたかおか","Harimatakaoka","","line-11633"
"station-1163303","요베","余部","よべ","Yobe","","line-11633"
"station-1163304","타이시","太市","たいし","Taishi","","line-11633"
"station-1163305","혼타츠노","本竜野","ほんたつの","Hontatsuno","","line-11633"
"station-1163306","히가시하시사키","東觜崎","ひがしはしさき","Higashihashisaki","","line-11633"
"station-1163307","하리마신구우","播磨新宮","はりましんぐう","Harimashingū","","line-11633"
"station-1163308","센본","千本","せんぼん","Sembon","","line-11633"
"station-1163309","니시쿠리스","西栗栖","にしくりす","Nishikurisu","","line-11633"
"station-1163310","미카즈키","三日月","みかづき","Mikazuki","","line-11633"
"station-1163311","하리마토쿠히사","播磨徳久","はりまとくひさ","Harimatokuhisa","","line-11633"
"station-1163312","사요","佐用","さよう","Sayō","","line-11633"
"station-1163402","코즈키","上月","こうづき","KōZuki","","line-11634"
"station-1163403","미사쿠도이","美作土居","みさくどい","Misakudoi","","line-11634"
"station-1163404","미마사카에미","美作江見","みまさかえみ","Mimasakaemi","","line-11634"
"station-1163405","나라하라","楢原","ならはら","Narahara","","line-11634"
"station-1163406","린야","林野","りんや","Rin'Ya","","line-11634"
"station-1163407","카츠마타","勝間田","かつまた","Katsumata","","line-11634"
"station-1163408","니시카츠마다","西勝間田","にしかつまだ","Nishikatsumada","","line-11634"
"station-1163409","미마사카오사키","美作大崎","みまさかおおさき","MimasakaōSaki","","line-11634"
"station-1163410","히가시츠산","東津山","ひがしつさん","Higashitsusan","","line-11634"
"station-1163411","츠야마","津山","つやま","Tsuyama","","line-11634"
"station-1163412","인노쇼","院庄","いんのしょう","Innoshō","","line-11634"
"station-1163413","미사쿠치요","美作千代","みさくちよ","Misakuchiyo","","line-11634"
"station-1163414","츠보이","坪井","つぼい","Tsuboi","","line-11634"
"station-1163415","미마사카오이와케","美作追分","みまさかおいわけ","Mimasakaoiwake","","line-11634"
"station-1163416","미사쿠오치아이","美作落合","みさくおちあい","Misakuochiai","","line-11634"
"station-1163417","후루미","古見","ふるみ","Furumi","","line-11634"
"station-1163418","쿠제","久世","くぜ","Kuze","","line-11634"
"station-1163419","츄고쿠카츠야마","中国勝山","ちゅうごくかつやま","ChūGokukatsuyama","","line-11634"
"station-1163420","츠키다","月田","つきだ","Tsukida","","line-11634"
"station-1163421","토미하라","富原","とみはら","Tomihara","","line-11634"
"station-1163422","오사카베","刑部","おさかべ","Osakabe","","line-11634"
"station-1163423","탄지부","丹治部","たんじぶ","Tanjibu","","line-11634"
"station-1163424","이와야마","岩山","いわやま","Iwayama","","line-11634"
"station-1163425","니이미","新見","にいみ","NīMi","","line-11634"
"station-1163502","쿄구치","京口","きょうぐち","KyōGuchi","","line-11635"
"station-1163503","노자토","野里","のざと","Nozato","","line-11635"
"station-1163504","토호리","砥堀","とほり","Tohori","","line-11635"
"station-1163505","니부노","仁豊野","にぶの","Nibuno","","line-11635"
"station-1163506","코로","香呂","こうろ","KōRo","","line-11635"
"station-1163507","미조구치","溝口","みぞぐち","Mizoguchi","","line-11635"
"station-1163508","후쿠자키","福崎","ふくざき","Fukuzaki","","line-11635"
"station-1163509","아마지","甘地","あまじ","Amaji","","line-11635"
"station-1163510","츠루이","鶴居","つるい","Tsurui","","line-11635"
"station-1163511","신노","新野","しんの","Shinno","","line-11635"
"station-1163512","테라마에","寺前","てらまえ","Teramae","","line-11635"
"station-1163513","나가타니","長谷","ながたに","Nagatani","","line-11635"
"station-1163514","이쿠노","生野","いくの","Ikuno","","line-11635"
"station-1163515","아라이","新井","あらい","Arai","","line-11635"
"station-1163516","아오쿠라","青倉","あおくら","Aokura","","line-11635"
"station-1163517","타케다","竹田","たけだ","Takeda","","line-11635"
"station-1163602","하타다","畠田","はただ","Hatada","","line-11636"
"station-1163603","시즈미","志都美","しづみ","Shizumi","","line-11636"
"station-1163604","카시바","香芝","かしば","Kashiba","","line-11636"
"station-1163605","ｊｒ고이도","ＪＲ五位堂","ｊｒごいどう","ＪＲGoidō","","line-11636"
"station-1163606","타카다","高田","たかだ","Takada","","line-11636"
"station-1163607","야마토신조","大和新庄","やまとしんじょう","Yamatoshinjō","","line-11636"
"station-1163608","고쇼","御所","ごしょ","Gosho","","line-11636"
"station-1163609","타마테","玉手","たまて","Tamate","","line-11636"
"station-1163610","와키가미","掖上","わきがみ","Wakigami","","line-11636"
"station-1163611","요시노구치","吉野口","よしのぐち","Yoshinoguchi","","line-11636"
"station-1163612","키타우치","北宇智","きたうち","Kitauchi","","line-11636"
"station-1163613","고조","五条","ごじょう","Gojō","","line-11636"
"station-1163614","야마토후타미","大和二見","やまとふたみ","Yamatofutami","","line-11636"
"station-1163615","스미타","隅田","すみた","Sumita","","line-11636"
"station-1163616","시모효고","下兵庫","しもひょうご","ShimohyōGo","","line-11636"
"station-1163617","하시모토","橋本","はしもと","Hashimoto","","line-11636"
"station-1163618","키이야마다","紀伊山田","きいやまだ","Kiiyamada","","line-11636"
"station-1163619","코야구치","高野口","こうやぐち","KōYaguchi","","line-11636"
"station-1163620","나카이부리","中飯降","なかいぶり","Nakaiburi","","line-11636"
"station-1163621","묘지","妙寺","みょうじ","MyōJi","","line-11636"
"station-1163622","오야","大谷","おおや","ōYa","","line-11636"
"station-1163623","카사다","笠田","かさだ","Kasada","","line-11636"
"station-1163624","니시카사다","西笠田","にしかさだ","Nishikasada","","line-11636"
"station-1163625","메이슈","名手","めいしゅ","Meishu","","line-11636"
"station-1163626","코카와","粉河","こかわ","Kokawa","","line-11636"
"station-1163627","키이나가타","紀伊長田","きいながた","Kiinagata","","line-11636"
"station-1163628","우치타","打田","うちた","Uchita","","line-11636"
"station-1163629","시모이사카","下井阪","しもいさか","Shimoisaka","","line-11636"
"station-1163630","이와데","岩出","いわで","Iwade","","line-11636"
"station-1163631","후나토","船戸","ふなと","Funato","","line-11636"
"station-1163632","키이코쿠라","紀伊小倉","きいこくら","Kiikokura","","line-11636"
"station-1163633","호시야","布施屋","ほしや","Hoshiya","","line-11636"
"station-1163634","센단","千旦","せんだん","Sendan","","line-11636"
"station-1163635","타이노세","田井ノ瀬","たいのせ","Tainose","","line-11636"
"station-1163702","쿄바테","京終","きょうばて","KyōBate","","line-11637"
"station-1163703","오비토케","帯解","おびとけ","Obitoke","","line-11637"
"station-1163704","이치노모토","櫟本","いちのもと","Ichinomoto","","line-11637"
"station-1163705","텐리","天理","てんり","Tenri","","line-11637"
"station-1163706","나가라","長柄","ながら","Nagara","","line-11637"
"station-1163707","야나기모토","柳本","やなぎもと","Yanagimoto","","line-11637"
"station-1163708","마키무쿠","巻向","まきむく","Makimuku","","line-11637"
"station-1163709","산린","三輪","さんりん","Sanrin","","line-11637"
"station-1163710","사쿠라이","桜井","さくらい","Sakurai","","line-11637"
"station-1163711","카구야마","香久山","かぐやま","Kaguyama","","line-11637"
"station-1163712","우네비","畝傍","うねび","Unebi","","line-11637"
"station-1163713","카나하시","金橋","かなはし","Kanahashi","","line-11637"
"station-1163902","미와사키","三輪崎","みわさき","Miwasaki","","line-11639"
"station-1163903","키이사노","紀伊佐野","きいさの","Kiisano","","line-11639"
"station-1163904","우쿠이","宇久井","うくい","Ukui","","line-11639"
"station-1163905","나치","那智","なち","Nachi","","line-11639"
"station-1163906","키이텐만","紀伊天満","きいてんまん","Kiitemman","","line-11639"
"station-1163907","키이카치우라","紀伊勝浦","きいかちうら","Kiikachiura","","line-11639"
"station-1163908","유카와","湯川","ゆかわ","Yukawa","","line-11639"
"station-1163909","타이치","太地","たいち","Taichi","","line-11639"
"station-1163910","시모자토","下里","しもざと","Shimozato","","line-11639"
"station-1163911","키이우라가미","紀伊浦神","きいうらがみ","Kiiuragami","","line-11639"
"station-1163912","키이타하라","紀伊田原","きいたはら","Kiitahara","","line-11639"
"station-1163913","코자","古座","こざ","Koza","","line-11639"
"station-1163914","키이히메","紀伊姫","きいひめ","Kiihime","","line-11639"
"station-1163915","쿠시모토","串本","くしもと","Kushimoto","","line-11639"
"station-1163916","키이아리타","紀伊有田","きいありた","Kiiarita","","line-11639"
"station-1163917","타나미","田並","たなみ","Tanami","","line-11639"
"station-1163918","타츠코","田子","たつこ","Tatsuko","","line-11639"
"station-1163919","와부카","和深","わぶか","Wabuka","","line-11639"
"station-1163920","에스미","江住","えすみ","Esumi","","line-11639"
"station-1163921","미로즈","見老津","みろづ","Mirozu","","line-11639"
"station-1163922","스사미","周参見","すさみ","Susami","","line-11639"
"station-1163923","키이히오키","紀伊日置","きいひおき","Kiihioki","","line-11639"
"station-1163924","츠바키","椿","つばき","Tsubaki","","line-11639"
"station-1163925","키이토미타","紀伊富田","きいとみた","Kiitomita","","line-11639"
"station-1163926","시라하마","白浜","しらはま","Shirahama","","line-11639"
"station-1163927","초라이","朝来","ちょうらい","ChōRai","","line-11639"
"station-1163928","키이신조","紀伊新庄","きいしんじょう","Kiishinjō","","line-11639"
"station-1163929","키이타나베","紀伊田辺","きいたなべ","Kiitanabe","","line-11639"
"station-1163930","하야","芳養","はや","Haya","","line-11639"
"station-1163931","난부","南部","なんぶ","Nambu","","line-11639"
"station-1163932","이와시로","岩代","いわしろ","Iwashiro","","line-11639"
"station-1163933","키리메","切目","きりめ","Kirime","","line-11639"
"station-1163934","이나미","印南","いなみ","Inami","","line-11639"
"station-1163935","이나하라","稲原","いなはら","Inahara","","line-11639"
"station-1163936","카즈사","和佐","かずさ","Kazusa","","line-11639"
"station-1163937","도조지","道成寺","どうじょうじ","DōJōJi","","line-11639"
"station-1163938","고보","御坊","ごぼう","Gobō","","line-11639"
"station-1163939","키이우치하라","紀伊内原","きいうちはら","Kiiuchihara","","line-11639"
"station-1163940","키이유라","紀伊由良","きいゆら","Kiiyura","","line-11639"
"station-1163941","히로카와비치","広川ビーチ","ひろかわびーち","HirokawabīChi","","line-11639"
"station-1163942","유아사","湯浅","ゆあさ","Yuasa","","line-11639"
"station-1163943","후지나미","藤並","ふじなみ","Fujinami","","line-11639"
"station-1163944","키이미야하라","紀伊宮原","きいみやはら","Kiimiyahara","","line-11639"
"station-1163945","미노시마","箕島","みのしま","Minoshima","","line-11639"
"station-1163946","하츠시마","初島","はつしま","Hatsushima","","line-11639"
"station-1163947","시모츠","下津","しもつ","Shimotsu","","line-11639"
"station-1163948","카모고","加茂郷","かもごう","Kamogō","","line-11639"
"station-1163949","레이스이우라","冷水浦","れいすいうら","Reisuiura","","line-11639"
"station-1163950","카이난","海南","かいなん","Kainan","","line-11639"
"station-1163951","쿠로에","黒江","くろえ","Kuroe","","line-11639"
"station-1163952","키미이데라","紀三井寺","きみいでら","Kimiidera","","line-11639"
"station-1163953","미야마에","宮前","みやまえ","Miyamae","","line-11639"
"station-1164002","키와","紀和","きわ","Kiwa","","line-11640"
"station-1164003","와카야마시","和歌山市","わかやまし","Wakayamashi","","line-11640"
"station-1164102","타카이다츄오","高井田中央","たかいだちゅうおう","Takaidachūō","","line-11641"
"station-1164103","ｊｒ카와치에이와","ＪＲ河内永和","ｊｒかわちえいわ","ＪＲKawachieiwa","","line-11641"
"station-1164104","ｊｒ슌토쿠도","ＪＲ俊徳道","ｊｒしゅんとくどう","ＪＲShuntokudō","","line-11641"
"station-1164105","ｊｒ나가세","ＪＲ長瀬","ｊｒながせ","ＪＲNagase","","line-11641"
"station-1164108","키즈리카미키타","衣摺加美北","きずりかみきた","Kizurikamikita","","line-11641"
"station-1164110","미나미스이타","南吹田","みなみすいた","Minamisuita","","line-11641"
"station-1164112","조호쿠코엔도리","城北公園通","じょうほくこうえんどおり","JōHokukōEndōRi","","line-11641"
"station-3300136","jr노에","JR野江","jrのえ","JRnoe","","line-11641"
"station-3400322","jr아와지","JR淡路","jrあわじ","JRawaji","","line-11641"
"station-1170102","야스기","安来","やすぎ","Yasugi","","line-11701"
"station-1170103","아라시마","荒島","あらしま","Arashima","","line-11701"
"station-1170104","이야","揖屋","いや","Iya","","line-11701"
"station-1170105","히가시마츠에","東松江","ひがしまつえ","Higashimatsue","","line-11701"
"station-1170106","마츠에","松江","まつえ","Matsue","","line-11701"
"station-1170107","노기","乃木","のぎ","Nogi","","line-11701"
"station-1170108","타마츠쿠리온선","玉造温泉","たまつくりおんせん","Tamatsukurionsen","","line-11701"
"station-1170109","키마치","来待","きまち","Kimachi","","line-11701"
"station-1170110","신지","宍道","しんじ","Shinji","","line-11701"
"station-1170111","쇼바라","荘原","しょうばら","ShōBara","","line-11701"
"station-1170112","나오에","直江","なおえ","Naoe","","line-11701"
"station-1170113","이즈모시","出雲市","いずもし","Izumoshi","","line-11701"
"station-1170114","니시데쿠모","西出雲","にしでくも","Nishidekumo","","line-11701"
"station-1170115","이즈모노카미니시","出雲神西","いずものかみにし","Izumonokaminishi","","line-11701"
"station-1170116","코난","江南","こうなん","KōNan","","line-11701"
"station-1170117","오다","小田","おだ","Oda","","line-11701"
"station-1170118","타기","田儀","たぎ","Tagi","","line-11701"
"station-1170119","하네","波根","はね","Hane","","line-11701"
"station-1170120","쿠테","久手","くて","Kute","","line-11701"
"station-1170121","오타시","大田市","おおたし","ōTashi","","line-11701"
"station-1170122","시즈마","静間","しずま","Shizuma","","line-11701"
"station-1170123","이소타케","五十猛","いそたけ","Isotake","","line-11701"
"station-1170124","니마","仁万","にま","Nima","","line-11701"
"station-1170125","우마지","馬路","うまじ","Umaji","","line-11701"
"station-1170126","유사토","湯里","ゆさと","Yusato","","line-11701"
"station-1170127","유노츠","温泉津","ゆのつ","Yunotsu","","line-11701"
"station-1170128","이와미후쿠미츠","石見福光","いわみふくみつ","Iwamifukumitsu","","line-11701"
"station-1170129","쿠로마츠","黒松","くろまつ","Kuromatsu","","line-11701"
"station-1170130","아사리","浅利","あさり","Asari","","line-11701"
"station-1170131","고츠","江津","ごうつ","GōTsu","","line-11701"
"station-1170132","츠노즈","都野津","つのづ","Tsunozu","","line-11701"
"station-1170133","우야가와","敬川","うやがわ","Uyagawa","","line-11701"
"station-1170134","나미코","波子","なみこ","Namiko","","line-11701"
"station-1170135","쿠시로","久代","くしろ","Kushiro","","line-11701"
"station-1170136","시모코","下府","しもこう","Shimokō","","line-11701"
"station-1170137","하마다","浜田","はまだ","Hamada","","line-11701"
"station-1170138","니시하마다","西浜田","にしはまだ","Nishihamada","","line-11701"
"station-1170139","스후","周布","すふ","Sufu","","line-11701"
"station-1170140","오리이","折居","おりい","Orii","","line-11701"
"station-1170141","미호미스미","三保三隅","みほみすみ","Mihomisumi","","line-11701"
"station-1170142","오카미","岡見","おかみ","Okami","","line-11701"
"station-1170143","카마테","鎌手","かまて","Kamate","","line-11701"
"station-1170144","이와미츠다","石見津田","いわみつだ","Iwamitsuda","","line-11701"
"station-1170145","마스다","益田","ますだ","Masuda","","line-11701"
"station-1170202","토다오바마","戸田小浜","とだおばま","Todaobama","","line-11702"
"station-1170203","이이노라","飯浦","いいのうら","īNoura","","line-11702"
"station-1170204","에자키","江崎","えざき","Ezaki","","line-11702"
"station-1170205","스사","須佐","すさ","Susa","","line-11702"
"station-1170206","우타고","宇田郷","うたごう","Utagō","","line-11702"
"station-1170207","키요","木与","きよ","Kiyo","","line-11702"
"station-1170208","나고","奈古","なご","Nago","","line-11702"
"station-1170209","나가토오이","長門大井","ながとおおい","NagatoōI","","line-11702"
"station-1170210","에츠케하마","越ケ浜","えつけはま","Etsukehama","","line-11702"
"station-1170211","히가시하기","東萩","ひがしはぎ","Higashihagi","","line-11702"
"station-1170212","하기","萩","はぎ","Hagi","","line-11702"
"station-1170213","타마에","玉江","たまえ","Tamae","","line-11702"
"station-1170214","산미","三見","さんみ","Sammi","","line-11702"
"station-1170215","이이","飯井","いい","Ii","","line-11702"
"station-1170216","나가토미스미","長門三隅","ながとみすみ","Nagatomisumi","","line-11702"
"station-1170217","나가토시","長門市","ながとし","Nagatoshi","","line-11702"
"station-1170218","키와도","黄波戸","きわど","Kiwado","","line-11702"
"station-1170219","나가토후루이치","長門古市","ながとふるいち","Nagatofuruichi","","line-11702"
"station-1170220","히토마루","人丸","ひとまる","Hitomaru","","line-11702"
"station-1170221","이가미","伊上","いがみ","Igami","","line-11702"
"station-1170222","나가토아와노","長門粟野","ながとあわの","Nagatoawano","","line-11702"
"station-1170223","아가와","阿川","あがわ","Agawa","","line-11702"
"station-1170224","콧토이","特牛","とくうし","Tokuushi","","line-11702"
"station-1170225","타키베","滝部","たきべ","Takibe","","line-11702"
"station-1170226","나가토후타미","長門二見","ながとふたみ","Nagatofutami","","line-11702"
"station-1170227","우카혼고","宇賀本郷","うかほんごう","Ukahongō","","line-11702"
"station-1170228","유다마","湯玉","ゆだま","Yudama","","line-11702"
"station-1170229","코구시","小串","こぐし","Kogushi","","line-11702"
"station-1170230","카와타나온선","川棚温泉","かわたなおんせん","Kawatanaonsen","","line-11702"
"station-1170231","쿠로이무라","黒井村","くろいむら","Kuroimura","","line-11702"
"station-1170232","우메가토","梅ケ峠","うめがとう","Umegatō","","line-11702"
"station-1170233","요시미","吉見","よしみ","Yoshimi","","line-11702"
"station-1170234","후쿠에","福江","ふくえ","Fukue","","line-11702"
"station-1170235","야스오카","安岡","やすおか","Yasuoka","","line-11702"
"station-1170236","아야라기","綾羅木","あやらぎ","Ayaragi","","line-11702"
"station-1170240","카지쿠리사토다이치","梶栗郷台地","かじくりさとだいち","Kajikurisatodaichi","","line-11702"
"station-1170306","세이온","清音","せいおん","Seion","","line-11703"
"station-1170307","소자","総社","そうじゃ","SōJa","","line-11703"
"station-1170308","고케이","豪渓","ごうけい","GōKei","","line-11703"
"station-1170309","니치와","日羽","にちわ","Nichiwa","","line-11703"
"station-1170310","미나기","美袋","みなぎ","Minagi","","line-11703"
"station-1170311","빗츄히로세","備中広瀬","びっちゅうひろせ","BitchūHirose","","line-11703"
"station-1170312","빗츄타카하시","備中高梁","びっちゅうたかはし","BitchūTakahashi","","line-11703"
"station-1170313","키노야마","木野山","きのやま","Kinoyama","","line-11703"
"station-1170314","빗츄카와모","備中川面","びっちゅうかわも","BitchūKawamo","","line-11703"
"station-1170315","호타니","方谷","ほうたに","HōTani","","line-11703"
"station-1170316","이쿠라","井倉","いくら","Ikura","","line-11703"
"station-1170317","이시가","石蟹","いしが","Ishiga","","line-11703"
"station-1170319","빗츄코지로","備中神代","びっちゅうこうじろ","BitchūKōJiro","","line-11703"
"station-1170320","아다치","足立","あだち","Adachi","","line-11703"
"station-1170321","신고","新郷","しんごう","Shingō","","line-11703"
"station-1170322","카미이와미","上石見","かみいわみ","Kamiiwami","","line-11703"
"station-1170323","쇼야마","生山","しょうやま","ShōYama","","line-11703"
"station-1170324","카미스게","上菅","かみすげ","Kamisuge","","line-11703"
"station-1170325","쿠로사카","黒坂","くろさか","Kurosaka","","line-11703"
"station-1170326","네우","根雨","ねう","Neu","","line-11703"
"station-1170327","무코","武庫","むこ","Muko","","line-11703"
"station-1170328","에비","江尾","えび","Ebi","","line-11703"
"station-1170329","호키미조구치","伯耆溝口","ほうきみぞぐち","HōKimizoguchi","","line-11703"
"station-1170330","키시모토","岸本","きしもと","Kishimoto","","line-11703"
"station-1170402","츠노이","津ノ井","つのい","Tsunoi","","line-11704"
"station-1170403","히가시코오게","東郡家","ひがしこおげ","HigashikōGe","","line-11704"
"station-1170404","코오게","郡家","こおげ","KōGe","","line-11704"
"station-1170405","카와하라","河原","かわはら","Kawahara","","line-11704"
"station-1170406","쿠니에이","国英","くにえい","Kuniei","","line-11704"
"station-1170407","타카가리","鷹狩","たかがり","Takagari","","line-11704"
"station-1170408","모치가세","用瀬","もちがせ","Mochigase","","line-11704"
"station-1170409","이나바야시로","因幡社","いなばやしろ","Inabayashiro","","line-11704"
"station-1170410","치즈","智頭","ちず","Chizu","","line-11704"
"station-1170411","하지","土師","はじ","Haji","","line-11704"
"station-1170412","나기","那岐","なぎ","Nagi","","line-11704"
"station-1170413","미마사카카와이","美作河井","みまさかかわい","Mimasakakawai","","line-11704"
"station-1170414","치와","知和","ちわ","Chiwa","","line-11704"
"station-1170415","미마사카카모","美作加茂","みまさかかも","Mimasakakamo","","line-11704"
"station-1170416","미우라","三浦","みうら","Miura","","line-11704"
"station-1170417","미마사카타키오","美作滝尾","みまさかたきお","Mimasakatakio","","line-11704"
"station-1170418","타카노","高野","たかの","Takano","","line-11704"
"station-1170502","바쿠로마치","博労町","ばくろうまち","BakurōMachi","","line-11705"
"station-1170503","후지미마치","富士見町","ふじみまち","Fujimimachi","","line-11705"
"station-1170504","고토","後藤","ごとう","Gotō","","line-11705"
"station-1170505","산본마츠구치","三本松口","さんぼんまつぐち","Sambommatsuguchi","","line-11705"
"station-1170506","카와사키구치","河崎口","かわさきぐち","Kawasakiguchi","","line-11705"
"station-1170507","유미가하마","弓ケ浜","ゆみがはま","Yumigahama","","line-11705"
"station-1170508","와다하마","和田浜","わだはま","Wadahama","","line-11705"
"station-1170509","오시노즈마치","大篠津町","おおしのづまち","ōShinozumachi","","line-11705"
"station-1170510","요나고 공항","米子空港","よなごくうこう","YonagokūKō","","line-11705"
"station-1170511","나카하마","中浜","なかはま","Nakahama","","line-11705"
"station-1170512","타카마츠마치","高松町","たかまつまち","Takamatsumachi","","line-11705"
"station-1170513","요시","余子","よし","Yoshi","","line-11705"
"station-1170514","조토","上道","じょうとう","JōTō","","line-11705"
"station-1170515","바바사키마치","馬場崎町","ばばさきまち","Babasakimachi","","line-11705"
"station-1170516","사카이미나토","境港","さかいみなと","Sakaiminato","","line-11705"
"station-1170602","미나미신지","南宍道","みなみしんじ","Minamishinji","","line-11706"
"station-1170603","카모나카","加茂中","かもなか","Kamonaka","","line-11706"
"station-1170604","하타야","幡屋","はたや","Hataya","","line-11706"
"station-1170605","이즈모다이토","出雲大東","いずもだいとう","Izumodaitō","","line-11706"
"station-1170606","미나미다이토","南大東","みなみだいとう","Minamidaitō","","line-11706"
"station-1170607","키스키","木次","きすき","Kisuki","","line-11706"
"station-1170608","니치토","日登","にちとう","Nichitō","","line-11706"
"station-1170609","시모쿠노","下久野","しもくの","Shimokuno","","line-11706"
"station-1170610","이즈모야시로","出雲八代","いずもやしろ","Izumoyashiro","","line-11706"
"station-1170611","이즈모미츠나리","出雲三成","いずもみつなり","Izumomitsunari","","line-11706"
"station-1170612","카메다케","亀嵩","かめだけ","Kamedake","","line-11706"
"station-1170613","이즈모요코타","出雲横田","いずもよこた","Izumoyokota","","line-11706"
"station-1170614","야카와","八川","やかわ","Yakawa","","line-11706"
"station-1170615","이즈모사카네","出雲坂根","いずもさかね","Izumosakane","","line-11706"
"station-1170616","미이노하라","三井野原","みいのはら","Miinohara","","line-11706"
"station-1170617","유키","油木","ゆき","Yuki","","line-11706"
"station-1170618","빈고오치아이","備後落合","びんごおちあい","Bingoochiai","","line-11706"
"station-1170802","스오시모고","周防下郷","すおうしもごう","SuōShimogō","","line-11708"
"station-1170803","카미사토","上郷","かみさと","Kamisato","","line-11708"
"station-1170804","니호즈","仁保津","にほづ","Nihozu","","line-11708"
"station-1170805","오토시","大歳","おおとし","ōToshi","","line-11708"
"station-1170806","야바라","矢原","やばら","Yabara","","line-11708"
"station-1170807","유다온선","湯田温泉","ゆだおんせん","Yudaonsen","","line-11708"
"station-1170808","야마구치","山口","やまぐち","Yamaguchi","","line-11708"
"station-1170809","카미야마구치","上山口","かみやまぐち","Kamiyamaguchi","","line-11708"
"station-1170810","미야노","宮野","みやの","Miyano","","line-11708"
"station-1170811","니호","仁保","にほ","Niho","","line-11708"
"station-1170812","시노메","篠目","しのめ","Shinome","","line-11708"
"station-1170813","초몬쿄","長門峡","ちょうもんきょう","ChōMonkyō","","line-11708"
"station-1170814","도가와","渡川","どがわ","Dogawa","","line-11708"
"station-1170815","미타니","三谷","みたに","Mitani","","line-11708"
"station-1170816","메이쿠사","名草","めいくさ","Meikusa","","line-11708"
"station-1170817","치후쿠","地福","ちふく","Chifuku","","line-11708"
"station-1170818","나베쿠라","鍋倉","なべくら","Nabekura","","line-11708"
"station-1170819","토쿠사","徳佐","とくさ","Tokusa","","line-11708"
"station-1170820","후네히라야마","船平山","ふねひらやま","Funehirayama","","line-11708"
"station-1170821","츠와노","津和野","つわの","Tsuwano","","line-11708"
"station-1170822","아오노야마","青野山","あおのやま","Aonoyama","","line-11708"
"station-1170823","히노하라","日原","ひのはら","Hinohara","","line-11708"
"station-1170824","아오하라","青原","あおはら","Aohara","","line-11708"
"station-1170825","히가시아오하라","東青原","ひがしあおはら","Higashiaohara","","line-11708"
"station-1170826","이와미요코타","石見横田","いわみよこた","Iwamiyokota","","line-11708"
"station-1170827","혼마타가","本俣賀","ほんまたが","Hommataga","","line-11708"
"station-1170902","오모토","大元","おおもと","ōMoto","","line-11709"
"station-1170903","비젠사이치","備前西市","びぜんさいち","Bizensaichi","","line-11709"
"station-1170904","세노오","妹尾","せのお","Senoo","","line-11709"
"station-1170905","빗츄미시마","備中箕島","びっちゅうみしま","BitchūMishima","","line-11709"
"station-1170906","하야시마","早島","はやしま","Hayashima","","line-11709"
"station-1170907","쿠구하라","久々原","くぐはら","Kuguhara","","line-11709"
"station-1170908","차야마치","茶屋町","ちゃやまち","Chayamachi","","line-11709"
"station-1170909","히코사키","彦崎","ひこさき","Hikosaki","","line-11709"
"station-1170910","비젠카타오카","備前片岡","びぜんかたおか","Bizenkataoka","","line-11709"
"station-1170911","하자카와","迫川","はざかわ","Hazakawa","","line-11709"
"station-1170912","츠네야마","常山","つねやま","Tsuneyama","","line-11709"
"station-1170913","하치하마","八浜","はちはま","Hachihama","","line-11709"
"station-1170914","비젠타이","備前田井","びぜんたい","Bizentai","","line-11709"
"station-1170915","우노","宇野","うの","Uno","","line-11709"
"station-1171002","우에마츠","植松","うえまつ","Uematsu","","line-11710"
"station-1171003","키미","木見","きみ","Kimi","","line-11710"
"station-1171004","카미노초","上の町","かみのちょう","Kaminochō","","line-11710"
"station-1171005","코지마","児島","こじま","Kojima","","line-11710"
"station-1171006","우타즈","宇多津","うたづ","Utazu","","line-11710"
"station-1171302","비젠미카도","備前三門","びぜんみかど","Bizemmikado","","line-11713"
"station-1171303","다이안지","大安寺","だいあんじ","Daianji","","line-11713"
"station-1171304","비젠이치노미야","備前一宮","びぜんいちのみや","Bizenichinomiya","","line-11713"
"station-1171305","키비츠","吉備津","きびつ","Kibitsu","","line-11713"
"station-1171306","빗츄타카마츠","備中高松","びっちゅうたかまつ","BitchūTakamatsu","","line-11713"
"station-1171307","아시모리","足守","あしもり","Ashimori","","line-11713"
"station-1171308","핫토리","服部","はっとり","Hattori","","line-11713"
"station-1171309","히가시소자","東総社","ひがしそうじゃ","HigashisōJa","","line-11713"
"station-1170735","산지","三次","さんじ","Sanji","","line-11714"
"station-1171402","누노하라","布原","ぬのはら","Nunohara","","line-11714"
"station-1171404","사카네","坂根","さかね","Sakane","","line-11714"
"station-1171405","이치오카","市岡","いちおか","Ichioka","","line-11714"
"station-1171406","야가미","矢神","やがみ","Yagami","","line-11714"
"station-1171407","노","野馳","の馳","No馳","","line-11714"
"station-1171408","토조","東城","とうじょう","TōJō","","line-11714"
"station-1171409","빈고야와타","備後八幡","びんごやわた","Bingoyawata","","line-11714"
"station-1171410","우치나","内名","うちな","Uchina","","line-11714"
"station-1171411","오누카","小奴可","おぬか","Onuka","","line-11714"
"station-1171412","도고야마","道後山","どうごやま","DōGoyama","","line-11714"
"station-1171414","히바산","比婆山","ひばさん","Hibasan","","line-11714"
"station-1171415","빈고사이조","備後西城","びんごさいじょう","Bingosaijō","","line-11714"
"station-1171416","히라코","平子","ひらこ","Hirako","","line-11714"
"station-1171417","코","高","こう","Kō","","line-11714"
"station-1171418","빈고쇼바라","備後庄原","びんごしょうばら","BingoshōBara","","line-11714"
"station-1171419","빈고산니치시","備後三日市","びんごさんにちし","Bingosannichishi","","line-11714"
"station-1171420","나나츠카","七塚","ななつか","Nanatsuka","","line-11714"
"station-1171421","야마노치","山ノ内","やまのうち","Yamanouchi","","line-11714"
"station-1171422","시모와치","下和知","しもわち","Shimowachi","","line-11714"
"station-1171423","시오마치","塩町","しおまち","Shiomachi","","line-11714"
"station-1171424","카미스기","神杉","かみすぎ","Kamisugi","","line-11714"
"station-1171425","하치지","八次","はちじ","Hachiji","","line-11714"
"station-1171427","니시산지","西三次","にしさんじ","Nishisanji","","line-11714"
"station-1171428","시와치","志和地","しわち","Shiwachi","","line-11714"
"station-1171429","카미카와타치","上川立","かみかわたち","Kamikawatachi","","line-11714"
"station-1171430","코타치","甲立","こうたち","KōTachi","","line-11714"
"station-1171431","요시다구치","吉田口","よしだぐち","Yoshidaguchi","","line-11714"
"station-1171432","무카이하라","向原","むかいはら","Mukaihara","","line-11714"
"station-1171433","이하라시","井原市","いはらし","Iharashi","","line-11714"
"station-1171434","시와구치","志和口","しわぐち","Shiwaguchi","","line-11714"
"station-1171435","우에미타","上三田","うえみた","Uemita","","line-11714"
"station-1171436","츄미타","中三田","ちゅうみた","ChūMita","","line-11714"
"station-1171437","시라키산","白木山","しらきさん","Shirakisan","","line-11714"
"station-1171438","카루가","狩留家","かるが","Karuga","","line-11714"
"station-1171439","카미후카와","上深川","かみふかわ","Kamifukawa","","line-11714"
"station-1171440","나카후카와","中深川","なかふかわ","Nakafukawa","","line-11714"
"station-1171441","시모후카와","下深川","しもふかわ","Shimofukawa","","line-11714"
"station-1171442","쿠무라","玖村","くむら","Kumura","","line-11714"
"station-1171443","아키야구치","安芸矢口","あきやぐち","Akiyaguchi","","line-11714"
"station-1171444","토사카","戸坂","とさか","Tosaka","","line-11714"
"station-1171445","야가","矢賀","やが","Yaga","","line-11714"
"station-1171502","츠야마구치","津山口","つやまぐち","Tsuyamaguchi","","line-11715"
"station-1171503","사라산","佐良山","さらさん","Sarasan","","line-11715"
"station-1171504","킷코","亀甲","きっこう","Kikkō","","line-11715"
"station-1171505","오하라","小原","おはら","Ohara","","line-11715"
"station-1171506","탄조지","誕生寺","たんじょうじ","TanjōJi","","line-11715"
"station-1171507","유게","弓削","ゆげ","Yuge","","line-11715"
"station-1171508","코메","神目","こうめ","KōMe","","line-11715"
"station-1171509","후쿠와타리","福渡","ふくわたり","Fukuwatari","","line-11715"
"station-1171510","타케베","建部","たけべ","Takebe","","line-11715"
"station-1171511","카나가와","金川","かながわ","Kanagawa","","line-11715"
"station-1171512","노노구치","野々口","ののぐち","Nonoguchi","","line-11715"
"station-1171513","마키야마","牧山","まきやま","Makiyama","","line-11715"
"station-1171514","타마카시","玉柏","たまかし","Tamakashi","","line-11715"
"station-1171515","비젠하라","備前原","びぜんはら","Bizenhara","","line-11715"
"station-1171516","호카이인","法界院","ほうかいいん","HōKaiin","","line-11715"
"station-1171603","스나미","須波","すなみ","Sunami","","line-11716"
"station-1171604","아키사이자키","安芸幸崎","あきさいざき","Akisaizaki","","line-11716"
"station-1171605","타다노미","忠海","ただのうみ","Tadanoumi","","line-11716"
"station-1171606","아키나가하마","安芸長浜","あきながはま","Akinagahama","","line-11716"
"station-1171607","다이조","大乗","だいじょう","Daijō","","line-11716"
"station-1171608","타케하라","竹原","たけはら","Takehara","","line-11716"
"station-1171609","요시나","吉名","よしな","Yoshina","","line-11716"
"station-1171610","아키츠","安芸津","あきつ","Akitsu","","line-11716"
"station-1171611","카자하야","風早","かざはや","Kazahaya","","line-11716"
"station-1171612","야스우라","安浦","やすうら","Yasuura","","line-11716"
"station-1171613","아토","安登","あと","Ato","","line-11716"
"station-1171614","아키카와지리","安芸川尻","あきかわじり","Akikawajiri","","line-11716"
"station-1171615","니카타","仁方","にかた","Nikata","","line-11716"
"station-1171616","히로","広","ひろ","Hiro","","line-11716"
"station-1171617","신히로","新広","しんひろ","Shinhiro","","line-11716"
"station-1171618","아키아가","安芸阿賀","あきあが","Akiaga","","line-11716"
"station-1171619","고","呉","ご","Go","","line-11716"
"station-1171620","카와라이시","川原石","かわらいし","Kawaraishi","","line-11716"
"station-1171621","요시우라","吉浦","よしうら","Yoshiura","","line-11716"
"station-1171622","카루가하마","かるが浜","かるがはま","Karugahama","","line-11716"
"station-1171623","텐","天応","てん応","Ten応","","line-11716"
"station-1171624","고포토피아","呉ポートピア","ごぽーとぴあ","GopōTopia","","line-11716"
"station-1171625","코야우라","小屋浦","こやうら","Koyaura","","line-11716"
"station-1171626","미즈시리","水尻","みずしり","Mizushiri","","line-11716"
"station-1171627","사카","坂","さか","Saka","","line-11716"
"station-1171628","야노","矢野","やの","Yano","","line-11716"
"station-1171703","미타키","三滝","みたき","Mitaki","","line-11717"
"station-1171704","아키나가츠카","安芸長束","あきながつか","Akinagatsuka","","line-11717"
"station-1171705","시모기온","下祇園","しもぎおん","Shimogion","","line-11717"
"station-1171706","후루이치바시","古市橋","ふるいちばし","Furuichibashi","","line-11717"
"station-1171707","오마치","大町","おおまち","ōMachi","","line-11717"
"station-1171708","미도리이","緑井","みどりい","Midorii","","line-11717"
"station-1171709","시치켄자야","七軒茶屋","しちけんぢゃや","Shichikenjaya","","line-11717"
"station-1171710","바이린","梅林","ばいりん","Bairin","","line-11717"
"station-1171711","카미야기","上八木","かみやぎ","Kamiyagi","","line-11717"
"station-1171712","나카지마","中島","なかじま","Nakajima","","line-11717"
"station-1171713","카베","可部","かべ","Kabe","","line-11717"
"station-1171714","코도호마치가와","河戸帆待川","こうどほまちがわ","KōDohomachigawa","","line-11717"
"station-1171715","아키카메야마","あき亀山","あきかめやま","Akikameyama","","line-11717"
"station-1172002","빈고혼조","備後本庄","びんごほんじょう","Bingohonjō","","line-11720"
"station-1172003","요코오","横尾","よこお","Yokoo","","line-11720"
"station-1172004","칸베","神辺","かんべ","Kambe","","line-11720"
"station-1172005","유다무라","湯田村","ゆだむら","Yudamura","","line-11720"
"station-1172006","미치가미","道上","みちがみ","Michigami","","line-11720"
"station-1172007","반노쿠라","万能倉","ばんのうくら","BannōKura","","line-11720"
"station-1172008","에키야","駅家","えきや","Ekiya","","line-11720"
"station-1172009","치카다","近田","ちかだ","Chikada","","line-11720"
"station-1172010","토테","戸手","とて","Tote","","line-11720"
"station-1172011","카미토데","上戸手","かみとで","Kamitode","","line-11720"
"station-1172012","신이치","新市","しんいち","Shin'Ichi","","line-11720"
"station-1172013","타카기","高木","たかぎ","Takagi","","line-11720"
"station-1172014","우카이","鵜飼","うかい","Ukai","","line-11720"
"station-1172015","후츄","府中","ふちゅう","Fuchū","","line-11720"
"station-1172016","시모카와베","下川辺","しもかわべ","Shimokawabe","","line-11720"
"station-1172017","나카하타","中畑","なかはた","Nakahata","","line-11720"
"station-1172018","카와사","河佐","かわさ","Kawasa","","line-11720"
"station-1172019","빈고미카와","備後三川","びんごみかわ","Bingomikawa","","line-11720"
"station-1172020","빈고야노","備後矢野","びんごやの","Bingoyano","","line-11720"
"station-1172021","조카","上下","じょうか","JōKa","","line-11720"
"station-1172022","코누","甲奴","こうぬ","KōNu","","line-11720"
"station-1172023","카지타","梶田","かじた","Kajita","","line-11720"
"station-1172024","빈고야스다","備後安田","びんごやすだ","Bingoyasuda","","line-11720"
"station-1172025","키사","吉舎","きさ","Kisa","","line-11720"
"station-1172026","미라사카","三良坂","みらさか","Mirasaka","","line-11720"
"station-1172102","카미카가와","上嘉川","かみかがわ","Kamikagawa","","line-11721"
"station-1172103","후코즈","深溝","ふこうず","FukōZu","","line-11721"
"station-1172104","스오사야마","周防佐山","すおうさやま","SuōSayama","","line-11721"
"station-1172105","이와쿠라","岩倉","いわくら","Iwakura","","line-11721"
"station-1172106","아지스","阿知須","あじす","Ajisu","","line-11721"
"station-1172107","하","岐波","岐は","岐Ha","","line-11721"
"station-1172108","마루오","丸尾","まるお","Maruo","","line-11721"
"station-1172109","유카하","床波","ゆかは","Yukaha","","line-11721"
"station-1172110","히타치","常盤","ひたち","Hitachi","","line-11721"
"station-1172111","쿠사에","草江","くさえ","Kusae","","line-11721"
"station-1172112","우베미사키","宇部岬","うべみさき","Ubemisaki","","line-11721"
"station-1172113","히가시신카와","東新川","ひがししんかわ","Higashishinkawa","","line-11721"
"station-1172114","코토시바","琴芝","ことしば","Kotoshiba","","line-11721"
"station-1172115","우베신카와","宇部新川","うべしんかわ","Ubeshinkawa","","line-11721"
"station-1172116","이노","居能","いのう","Inō","","line-11721"
"station-1172117","이와하나","岩鼻","いわはな","Iwahana","","line-11721"
"station-1172202","유노토","湯ノ峠","ゆのとう","Yunotō","","line-11722"
"station-1172203","아츠","厚保","あつ","Atsu","","line-11722"
"station-1172204","시로가하라","四郎ケ原","しろうがはら","ShirōGahara","","line-11722"
"station-1172205","미나미오미네","南大嶺","みなみおおみね","MinamiōMine","","line-11722"
"station-1172206","미네","美祢","みね","Mine","","line-11722"
"station-1172207","시게야스","重安","しげやす","Shigeyasu","","line-11722"
"station-1172208","오후쿠","於福","おふく","Ofuku","","line-11722"
"station-1172209","시부키","渋木","しぶき","Shibuki","","line-11722"
"station-1172210","나가토유모토","長門湯本","ながとゆもと","Nagatoyumoto","","line-11722"
"station-1172211","이타모치","板持","いたもち","Itamochi","","line-11722"
"station-1172213","센자키","仙崎","せんざき","Senzaki","","line-11722"
"station-1172303","츠마자키","妻崎","つまざき","Tsumazaki","","line-11723"
"station-1172304","나가토나가사와","長門長沢","ながとながさわ","Nagatonagasawa","","line-11723"
"station-1172305","스즈메다","雀田","すずめだ","Suzumeda","","line-11723"
"station-1172306","오노다코","小野田港","おのだこう","Onodakō","","line-11723"
"station-1172307","미나미오노다","南小野田","みなみおのだ","Minamionoda","","line-11723"
"station-1172308","미나미나카가와","南中川","みなみなかがわ","Minaminakagawa","","line-11723"
"station-1172309","메데","目出","めで","Mede","","line-11723"
"station-1172311","하마고치","浜河内","はまごうち","HamagōChi","","line-11723"
"station-1172312","나가토혼잔","長門本山","ながとほんざん","Nagatohonzan","","line-11723"
"station-1172402","니시이와쿠니","西岩国","にしいわくに","Nishiiwakuni","","line-11724"
"station-1172403","카와니시","川西","かわにし","Kawanishi","","line-11724"
"station-1172404","하시라노","柱野","はしらの","Hashirano","","line-11724"
"station-1172405","킨메이지","欽明路","きんめいじ","Kimmeiji","","line-11724"
"station-1172406","쿠가","玖珂","くが","Kuga","","line-11724"
"station-1172407","스오타카모리","周防高森","すおうたかもり","SuōTakamori","","line-11724"
"station-1172408","요네카와","米川","よねかわ","Yonekawa","","line-11724"
"station-1172409","타카미즈","高水","たかみず","Takamizu","","line-11724"
"station-1172410","카츠마","勝間","かつま","Katsuma","","line-11724"
"station-1172411","오코치","大河内","おおこうち","ōKōChi","","line-11724"
"station-1172412","스오히사야스","周防久保","すおうひさやす","SuōHisayasu","","line-11724"
"station-1172413","이쿠노야","生野屋","いくのや","Ikunoya","","line-11724"
"station-1172414","스오하나오카","周防花岡","すおうはなおか","SuōHanaoka","","line-11724"
"station-1180101","타도츠","多度津","たどつ","Tadotsu","","line-11801"
"station-1180102","콘조지","金蔵寺","こんぞうじ","KonzōJi","","line-11801"
"station-1180103","젠츠우지","善通寺","ぜんつうじ","ZentsūJi","","line-11801"
"station-1180104","코토히라","琴平","ことひら","Kotohira","","line-11801"
"station-1180105","시오이리","塩入","しおいり","Shioiri","","line-11801"
"station-1180106","쿠로카와","黒川","くろかわ","Kurokawa","","line-11801"
"station-1180107","사누키타카라다","讃岐財田","さぬきたからだ","Sanukitakarada","","line-11801"
"station-1180108","츠보시리","坪尻","つぼしり","Tsuboshiri","","line-11801"
"station-1180109","하시조","箸蔵","はしぞう","Hashizō","","line-11801"
"station-1180110","츠쿠다","佃","つくだ","Tsukuda","","line-11801"
"station-1180111","아와이케다","阿波池田","あわいけだ","Awaikeda","","line-11801"
"station-1180112","미나와","三縄","みなわ","Minawa","","line-11801"
"station-1180113","이야구치","祖谷口","いやぐち","Iyaguchi","","line-11801"
"station-1180114","아와카와구치","阿波川口","あわかわぐち","Awakawaguchi","","line-11801"
"station-1180115","코보케","小歩危","こぼけ","Koboke","","line-11801"
"station-1180116","오보케","大歩危","おおぼけ","ōBoke","","line-11801"
"station-1180117","토사이와하라","土佐岩原","とさいわはら","Tosaiwahara","","line-11801"
"station-1180118","토요나가","豊永","とよなが","Toyonaga","","line-11801"
"station-1180119","오타구치","大田口","おおたぐち","ōTaguchi","","line-11801"
"station-1180120","토사아나나이","土佐穴内","とさあなない","Tosaananai","","line-11801"
"station-1180121","오스기","大杉","おおすぎ","ōSugi","","line-11801"
"station-1180122","토사키타가와","土佐北川","とさきたがわ","Tosakitagawa","","line-11801"
"station-1180123","카쿠모다니","角茂谷","かくもだに","Kakumodani","","line-11801"
"station-1180124","시게토","繁藤","しげとう","Shigetō","","line-11801"
"station-1180125","신가이","新改","しんがい","Shingai","","line-11801"
"station-1180126","토사야마다","土佐山田","とさやまだ","Tosayamada","","line-11801"
"station-1180127","야마다니시마치","山田西町","やまだにしまち","Yamadanishimachi","","line-11801"
"station-1180128","토사나가오카","土佐長岡","とさながおか","Tosanagaoka","","line-11801"
"station-1180129","고멘","後免","ごめん","Gomen","","line-11801"
"station-1180130","토사오츠","土佐大津","とさおおつ","TosaōTsu","","line-11801"
"station-1180131","누노시다","布師田","ぬのしだ","Nunoshida","","line-11801"
"station-1180132","토사이치노미야","土佐一宮","とさいちのみや","Tosaichinomiya","","line-11801"
"station-1180133","아조노","薊野","あぞうの","AzōNo","","line-11801"
"station-1180134","고치","高知","こうち","Kochi","","line-11801"
"station-1180135","이리아케","入明","いりあけ","Iriake","","line-11801"
"station-1180136","엔교지구치","円行寺口","えんぎょうじぐち","EngyōJiguchi","","line-11801"
"station-1180137","아사히","旭","あさひ","Asahi","","line-11801"
"station-1180138","코치쇼교마에","高知商業前","こうちしょうぎょうまえ","KōChishōGyōMae","","line-11801"
"station-1180139","아사쿠라","朝倉","あさくら","Asakura","","line-11801"
"station-1180140","에다가와","枝川","えだがわ","Edagawa","","line-11801"
"station-1180141","이노","伊野","いの","Ino","","line-11801"
"station-1180142","하카와","波川","はかわ","Hakawa","","line-11801"
"station-1180143","쿠사카","日下","くさか","Kusaka","","line-11801"
"station-1180144","오카바나","岡花","おかばな","Okabana","","line-11801"
"station-1180145","토사카모","土佐加茂","とさかも","Tosakamo","","line-11801"
"station-1180146","니시사카와","西佐川","にしさかわ","Nishisakawa","","line-11801"
"station-1180147","사가와","佐川","さがわ","Sagawa","","line-11801"
"station-1180148","에리노노","襟野々","えりのの","Erinono","","line-11801"
"station-1180149","토가노","斗賀野","とがの","Togano","","line-11801"
"station-1180150","와레쿠와","吾桑","われくわ","Warekuwa","","line-11801"
"station-1180151","오노고","多ノ郷","おおのごう","ōNogō","","line-11801"
"station-1180152","오마","大間","おおま","ōMa","","line-11801"
"station-1180153","스사키","須崎","すさき","Susaki","","line-11801"
"station-1180154","토사신조","土佐新荘","とさしんじょう","Tosashinjō","","line-11801"
"station-1180155","야스카즈","安和","やすかず","Yasukazu","","line-11801"
"station-1180156","토사쿠레","土佐久礼","とさくれ","Tosakure","","line-11801"
"station-1180157","카게노","影野","かげの","Kageno","","line-11801"
"station-1180158","로쿠탄지","六反地","ろくたんじ","Rokutanji","","line-11801"
"station-1180159","니이다","仁井田","にいだ","Niida","","line-11801"
"station-1180160","쿠보카와","窪川","くぼかわ","Kubokawa","","line-11801"
"station-1180161","코무라진자마에","小村神社前","こむらじんじゃまえ","Komurajinjamae","","line-11801"
"station-1180201","타카마츠","高松","たかまつ","Takamatsu","","line-11802"
"station-1180202","쇼와초","昭和町","しょうわちょう","ShōWachō","","line-11802"
"station-1180203","리츠린코엔키타구치","栗林公園北口","りつりんこうえんきたぐち","RitsurinkōEnkitaguchi","","line-11802"
"station-1180204","쿠리바야시","栗林","くりばやし","Kuribayashi","","line-11802"
"station-1180205","키타마치","木太町","きたまち","Kitamachi","","line-11802"
"station-1180206","야시마","屋島","やしま","Yashima","","line-11802"
"station-1180207","후루타카마츠미나미","古高松南","ふるたかまつみなみ","Furutakamatsuminami","","line-11802"
"station-1180208","야쿠리구치","八栗口","やくりぐち","Yakuriguchi","","line-11802"
"station-1180209","사누키무레","讃岐牟礼","さぬきむれ","Sanukimure","","line-11802"
"station-1180210","시도","志度","しど","Shido","","line-11802"
"station-1180211","오렌지타운","オレンジタウン","おれんじたうん","Orenjitaun","","line-11802"
"station-1180212","소다","造田","そうだ","SōDa","","line-11802"
"station-1180213","신젠","神前","しんぜん","Shinzen","","line-11802"
"station-1180214","사누키츠다","讃岐津田","さぬきつだ","Sanukitsuda","","line-11802"
"station-1180215","츠루하","鶴羽","つるは","Tsuruha","","line-11802"
"station-1180216","탄조","丹生","たんじょう","Tanjō","","line-11802"
"station-1180217","산본마츠","三本松","さんぼんまつ","Sambommatsu","","line-11802"
"station-1180218","사누키시로토리","讃岐白鳥","さぬきしろとり","Sanukishirotori","","line-11802"
"station-1180219","히키타","引田","ひきた","Hikita","","line-11802"
"station-1180220","사누키아이오이","讃岐相生","さぬきあいおい","Sanukiaioi","","line-11802"
"station-1180221","아와오미야","阿波大宮","あわおおみや","AwaōMiya","","line-11802"
"station-1180222","이타노","板野","いたの","Itano","","line-11802"
"station-1180223","아와카와바타","阿波川端","あわかわばた","Awakawabata","","line-11802"
"station-1180224","반도","板東","ばんどう","Bandō","","line-11802"
"station-1180225","이케가야","池谷","いけがや","Ikegaya","","line-11802"
"station-1180226","쇼즈이","勝瑞","しょうずい","ShōZui","","line-11802"
"station-1180227","요시나리","吉成","よしなり","Yoshinari","","line-11802"
"station-1180228","사코","佐古","さこ","Sako","","line-11802"
"station-1180229","토쿠시마","徳島","とくしま","Tokushima","","line-11802"
"station-1180303","조혼","蔵本","ぞうほん","ZōHon","","line-11803"
"station-1180304","아쿠이","鮎喰","あくい","Akui","","line-11803"
"station-1180305","후츄","府中","ふちゅう","Fuchū","","line-11803"
"station-1180306","이시이","石井","いしい","Ishii","","line-11803"
"station-1180307","시모라","下浦","しもうら","Shimoura","","line-11803"
"station-1180308","우시지마","牛島","うしじま","Ushijima","","line-11803"
"station-1180309","오에즈카","麻植塚","おえづか","Oezuka","","line-11803"
"station-1180310","카모지마","鴨島","かもじま","Kamojima","","line-11803"
"station-1180311","니시오에","西麻植","にしおえ","Nishioe","","line-11803"
"station-1180312","아와카와지마","阿波川島","あわかわじま","Awakawajima","","line-11803"
"station-1180313","가쿠","学","がく","Gaku","","line-11803"
"station-1180314","야마세","山瀬","やませ","Yamase","","line-11803"
"station-1180315","아와야마카와","阿波山川","あわやまかわ","Awayamakawa","","line-11803"
"station-1180316","카와타","川田","かわた","Kawata","","line-11803"
"station-1180317","아나부키","穴吹","あなぶき","Anabuki","","line-11803"
"station-1180318","코지마","小島","こじま","Kojima","","line-11803"
"station-1180319","사다미츠","貞光","さだみつ","Sadamitsu","","line-11803"
"station-1180320","아와한다","阿波半田","あわはんだ","Awahanda","","line-11803"
"station-1180321","에구치","江口","えぐち","Eguchi","","line-11803"
"station-1180322","미카모","三加茂","みかも","Mikamo","","line-11803"
"station-1180323","아와카모","阿波加茂","あわかも","Awakamo","","line-11803"
"station-1180324","츠지","辻","つじ","Tsuji","","line-11803"
"station-1180402","아와토미타","阿波富田","あわとみた","Awatomita","","line-11804"
"station-1180403","니켄야","二軒屋","にけんや","Niken'Ya","","line-11804"
"station-1180404","분카노모리","文化の森","ぶんかのもり","Bunkanomori","","line-11804"
"station-1180405","지조바시","地蔵橋","じぞうばし","JizōBashi","","line-11804"
"station-1180406","나카타","中田","なかた","Nakata","","line-11804"
"station-1180407","미나미코마츠시마","南小松島","みなみこまつしま","Minamikomatsushima","","line-11804"
"station-1180408","아와아카이시","阿波赤石","あわあかいし","Awaakaishi","","line-11804"
"station-1180409","타츠에","立江","たつえ","Tatsue","","line-11804"
"station-1180410","하노라","羽ノ浦","はのうら","Hanoura","","line-11804"
"station-1180411","니시하라","西原","にしはら","Nishihara","","line-11804"
"station-1180412","아와나카지마","阿波中島","あわなかじま","Awanakajima","","line-11804"
"station-1180413","아나미","阿南","あなみ","Anami","","line-11804"
"station-1180414","미노바야시","見能林","みのばやし","Minobayashi","","line-11804"
"station-1180415","아와타치바나","阿波橘","あわたちばな","Awatachibana","","line-11804"
"station-1180416","쿠와노","桑野","くわの","Kuwano","","line-11804"
"station-1180417","신노","新野","しんの","Shinno","","line-11804"
"station-1180418","아와후쿠이","阿波福井","あわふくい","Awafukui","","line-11804"
"station-1180419","유키","由岐","ゆき","Yuki","","line-11804"
"station-1180420","다이노하마","田井ノ浜","だいのはま","Dainohama","","line-11804"
"station-1180421","키키","木岐","きき","Kiki","","line-11804"
"station-1180422","키타가와치","北河内","きたがわち","Kitagawachi","","line-11804"
"station-1180423","히와사","日和佐","ひわさ","Hiwasa","","line-11804"
"station-1180424","야마가와치","山河内","やまがわち","Yamagawachi","","line-11804"
"station-1180425","헤가와","辺川","へがわ","Hegawa","","line-11804"
"station-1180426","무기","牟岐","むぎ","Mugi","","line-11804"
"station-1180427","사바세","鯖瀬","さばせ","Sabase","","line-11804"
"station-1180428","아사가와","浅川","あさがわ","Asagawa","","line-11804"
"station-1180429","아와카이난","阿波海南","あわかいなん","Awakainan","","line-11804"
"station-1180501","나루토","鳴門","なると","Naruto","","line-11805"
"station-1180502","무야","撫養","むや","Muya","","line-11805"
"station-1180503","콘피라마에","金比羅前","こんぴらまえ","Kompiramae","","line-11805"
"station-1180504","쿄카이마에","教会前","きょうかいまえ","KyōKaimae","","line-11805"
"station-1180505","타츠미치","立道","たつみち","Tatsumichi","","line-11805"
"station-1180506","아와오야","阿波大谷","あわおおや","AwaōYa","","line-11805"
"station-1180602","코자이","香西","こうざい","KōZai","","line-11806"
"station-1180603","키나시","鬼無","きなし","Kinashi","","line-11806"
"station-1180604","하시오카","端岡","はしおか","Hashioka","","line-11806"
"station-1180605","코쿠부","国分","こくぶ","Kokubu","","line-11806"
"station-1180606","사누키후츄","讃岐府中","さぬきふちゅう","Sanukifuchū","","line-11806"
"station-1180607","카모가와","鴨川","かもがわ","Kamogawa","","line-11806"
"station-1180608","야소바","八十場","やそば","Yasoba","","line-11806"
"station-1180609","사카이데","坂出","さかいで","Sakaide","","line-11806"
"station-1180611","마루가메","丸亀","まるがめ","Marugame","","line-11806"
"station-1180612","사누키시오야","讃岐塩屋","さぬきしおや","Sanukishioya","","line-11806"
"station-1180614","카이간테라","海岸寺","かいがんてら","Kaigantera","","line-11806"
"station-1180615","츠시마노미야","津島ノ宮","つしまのみや","Tsushimanomiya","","line-11806"
"station-1180616","타쿠마","詫間","たくま","Takuma","","line-11806"
"station-1180617","미노","みの","みの","Mino","","line-11806"
"station-1180618","타카세","高瀬","たかせ","Takase","","line-11806"
"station-1180619","히지다이","比地大","ひじだい","Hijidai","","line-11806"
"station-1180620","모토야마","本山","もとやま","Motoyama","","line-11806"
"station-1180621","칸논지","観音寺","かんのんじ","Kannonji","","line-11806"
"station-1180622","토요하마","豊浜","とよはま","Toyohama","","line-11806"
"station-1180623","미노라","箕浦","みのうら","Minoura","","line-11806"
"station-1180624","카와노에","川之江","かわのえ","Kawanoe","","line-11806"
"station-1180625","이요미시마","伊予三島","いよみしま","Iyomishima","","line-11806"
"station-1180626","이요산가와","伊予寒川","いよさんがわ","Iyosangawa","","line-11806"
"station-1180627","아카호시","赤星","あかほし","Akahoshi","","line-11806"
"station-1180628","이요도이","伊予土居","いよどい","Iyodoi","","line-11806"
"station-1180629","세키카와","関川","せきかわ","Sekikawa","","line-11806"
"station-1180630","타키하마","多喜浜","たきはま","Takihama","","line-11806"
"station-1180631","니이하마","新居浜","にいはま","Niihama","","line-11806"
"station-1180632","나카하기","中萩","なかはぎ","Nakahagi","","line-11806"
"station-1180633","이요사이조","伊予西条","いよさいじょう","Iyosaijō","","line-11806"
"station-1180634","이시즈치산","石鎚山","いしづちさん","Ishizuchisan","","line-11806"
"station-1180635","이요히미","伊予氷見","いよひみ","Iyohimi","","line-11806"
"station-1180636","이요코마츠","伊予小松","いよこまつ","Iyokomatsu","","line-11806"
"station-1180637","타마노에","玉之江","たまのえ","Tamanoe","","line-11806"
"station-1180638","뉴가와","壬生川","にゅうがわ","NyūGawa","","line-11806"
"station-1180639","이요미요시","伊予三芳","いよみよし","Iyomiyoshi","","line-11806"
"station-1180640","이요사쿠라이","伊予桜井","いよさくらい","Iyosakurai","","line-11806"
"station-1180641","이요토미타","伊予富田","いよとみた","Iyotomita","","line-11806"
"station-1180642","이마바리","今治","いまばり","Imabari","","line-11806"
"station-1180643","하시하마","波止浜","はしはま","Hashihama","","line-11806"
"station-1180644","나미카타","波方","なみかた","Namikata","","line-11806"
"station-1180645","오니시","大西","おおにし","ōNishi","","line-11806"
"station-1180646","이요카메오카","伊予亀岡","いよかめおか","Iyokameoka","","line-11806"
"station-1180647","키쿠마","菊間","きくま","Kikuma","","line-11806"
"station-1180648","센카이","浅海","せんかい","Senkai","","line-11806"
"station-1180649","오라","大浦","おおうら","ōUra","","line-11806"
"station-1180650","이요호조","伊予北条","いよほうじょう","IyohōJō","","line-11806"
"station-1180651","야나기하라","柳原","やなぎはら","Yanagihara","","line-11806"
"station-1180652","아와이","粟井","あわい","Awai","","line-11806"
"station-1180653","코요다이","光洋台","こうようだい","KōYōDai","","line-11806"
"station-1180654","호리에","堀江","ほりえ","Horie","","line-11806"
"station-1180655","이요와키","伊予和気","いよわき","Iyowaki","","line-11806"
"station-1180656","미츠즈하마","三津浜","みつづはま","Mitsuzuhama","","line-11806"
"station-1180657","마쓰야마","松山","まつやま","Matsuyama","","line-11806"
"station-1180702","이치츠보","市坪","いちつぼ","Ichitsubo","","line-11807"
"station-1180703","키타이요","北伊予","きたいよ","Kitaiyo","","line-11807"
"station-1180704","이요요코타","伊予横田","いよよこた","Iyoyokota","","line-11807"
"station-1180705","토리노키","鳥ノ木","とりのき","Torinoki","","line-11807"
"station-1180706","이요시","伊予市","いよし","Iyoshi","","line-11807"
"station-1180707","무카이바라","向井原","むかいばら","Mukaibara","","line-11807"
"station-1180708","이요오히라","伊予大平","いよおおひら","IyoōHira","","line-11807"
"station-1180709","이요츄잔","伊予中山","いよちゅうざん","IyochūZan","","line-11807"
"station-1180710","이요타치카와","伊予立川","いよたちかわ","Iyotachikawa","","line-11807"
"station-1180711","우치코","内子","うちこ","Uchiko","","line-11807"
"station-1180712","이카자키","五十崎","いかざき","Ikazaki","","line-11807"
"station-1180713","키타야마","喜多山","きたやま","Kitayama","","line-11807"
"station-1180714","신타니","新谷","しんたに","Shintani","","line-11807"
"station-1180715","타카노가와","高野川","たかのがわ","Takanogawa","","line-11807"
"station-1180716","이요카미나다","伊予上灘","いよかみなだ","Iyokaminada","","line-11807"
"station-1180717","시모나다","下灘","しもなだ","Shimonada","","line-11807"
"station-1180718","쿠시","串","くし","Kushi","","line-11807"
"station-1180719","키타나다","喜多灘","きたなだ","Kitanada","","line-11807"
"station-1180720","이요나가하마","伊予長浜","いよながはま","Iyonagahama","","line-11807"
"station-1180721","이요이즈시","伊予出石","いよいずし","Iyoizushi","","line-11807"
"station-1180722","이요시라타키","伊予白滝","いよしらたき","Iyoshirataki","","line-11807"
"station-1180723","하타키","八多喜","はたき","Hataki","","line-11807"
"station-1180724","하루카","春賀","はるか","Haruka","","line-11807"
"station-1180725","고로","五郎","ごろう","Gorō","","line-11807"
"station-1180726","이요오즈","伊予大洲","いよおおず","IyoōZu","","line-11807"
"station-1180727","니시오즈","西大洲","にしおおず","NishiōZu","","line-11807"
"station-1180728","이요히라노","伊予平野","いよひらの","Iyohirano","","line-11807"
"station-1180729","센조","千丈","せんじょう","Senjō","","line-11807"
"station-1180730","야와타하마","八幡浜","やわたはま","Yawatahama","","line-11807"
"station-1180731","후타이와","双岩","ふたいわ","Futaiwa","","line-11807"
"station-1180732","이요이와키","伊予石城","いよいわき","Iyoiwaki","","line-11807"
"station-1180733","우에우와","上宇和","うえうわ","Ueuwa","","line-11807"
"station-1180734","우노마치","卯之町","うのまち","Unomachi","","line-11807"
"station-1180735","시모와","下宇和","しもうわ","Shimouwa","","line-11807"
"station-1180736","타치마","立間","たちま","Tachima","","line-11807"
"station-1180737","이요요시다","伊予吉田","いよよしだ","Iyoyoshida","","line-11807"
"station-1180738","코히카리","高光","こうひかり","KōHikari","","line-11807"
"station-1180739","키타우와토","北宇和島","きたうわとう","Kitauwatō","","line-11807"
"station-1180740","우와지마","宇和島","うわじま","Uwajima","","line-11807"
"station-1180741","미나미이요","南伊予","みなみいよ","Minamiiyo","","line-11807"
"station-1180802","와카이","若井","わかい","Wakai","","line-11808"
"station-1180803","이에지가와","家地川","いえじがわ","Iejigawa","","line-11808"
"station-1180804","우츠이가와","打井川","うついがわ","Utsuigawa","","line-11808"
"station-1180805","토사타이쇼","土佐大正","とさたいしょう","Tosataishō","","line-11808"
"station-1180806","토사아키카즈","土佐昭和","とさあきかず","Tosaakikazu","","line-11808"
"station-1180807","소가와","十川","そがわ","Sogawa","","line-11808"
"station-1180808","하게","半家","はげ","Hage","","line-11808"
"station-1180809","에카와사키","江川崎","えかわさき","Ekawasaki","","line-11808"
"station-1180810","니시가호","西ケ方","にしがほう","Nishigahō","","line-11808"
"station-1180811","마츠치","真土","まつち","Matsuchi","","line-11808"
"station-1180812","요시노부","吉野生","よしのぶ","Yoshinobu","","line-11808"
"station-1180813","마츠마루","松丸","まつまる","Matsumaru","","line-11808"
"station-1180814","데메","出目","でめ","Deme","","line-11808"
"station-1180815","치카나가","近永","ちかなが","Chikanaga","","line-11808"
"station-1180816","후카타","深田","ふかた","Fukata","","line-11808"
"station-1180817","오치","大内","おおうち","ōUchi","","line-11808"
"station-1180818","니메이","二名","にめい","Nimei","","line-11808"
"station-1180819","이요미야노시타","伊予宮野下","いよみやのした","Iyomiyanoshita","","line-11808"
"station-1180820","무덴","務田","むでん","Muden","","line-11808"
"station-1190101","하카타","博多","はかた","Hakata","","line-11901"
"station-1190102","하카타미나미","博多南","はかたみなみ","Hakataminami","","line-11901"
"station-1190202","모지코","門司港","もじこう","Mojikō","","line-11902"
"station-1190203","코모리에","小森江","こもりえ","Komorie","","line-11902"
"station-1190205","오구라","小倉","おぐら","Ogura","","line-11902"
"station-1190206","니시오구라","西小倉","にしおぐら","Nishiogura","","line-11902"
"station-1190207","큐슈코다이마에","九州工大前","きゅうしゅうこうだいまえ","KyūShūKōDaimae","","line-11902"
"station-1190208","토바타","戸畑","とばた","Tobata","","line-11902"
"station-1190209","에다미츠","枝光","えだみつ","Edamitsu","","line-11902"
"station-1190210","스페스와루도","スペースワールド","すぺーすわーるど","SupēSuwāRudo","","line-11902"
"station-1190211","야하타","八幡","やはた","Yahata","","line-11902"
"station-1190212","쿠로사키","黒崎","くろさき","Kurosaki","","line-11902"
"station-1190213","진노하루","陣原","じんのはる","Jinnoharu","","line-11902"
"station-1190214","오리오","折尾","おりお","Orio","","line-11902"
"station-1190215","미즈마키","水巻","みずまき","Mizumaki","","line-11902"
"station-1190216","온가가와","遠賀川","おんががわ","Ongagawa","","line-11902"
"station-1190217","에비츠","海老津","えびつ","Ebitsu","","line-11902"
"station-1190218","쿄이쿠다이마에","教育大前","きょういくだいまえ","KyōIkudaimae","","line-11902"
"station-1190219","아카마","赤間","あかま","Akama","","line-11902"
"station-1190220","토고","東郷","とうごう","TōGō","","line-11902"
"station-1190221","히가시후쿠마","東福間","ひがしふくま","Higashifukuma","","line-11902"
"station-1190222","후쿠마","福間","ふくま","Fukuma","","line-11902"
"station-1190223","치도리","千鳥","ちどり","Chidori","","line-11902"
"station-1190224","코가","古賀","こが","Koga","","line-11902"
"station-1190225","후쿠코다이마에","福工大前","ふくこうだいまえ","FukukōDaimae","","line-11902"
"station-1190226","큐산오마에","九産大前","きゅうさんおおまえ","KyūSanōMae","","line-11902"
"station-1190227","카시이","香椎","かしい","Kashii","","line-11902"
"station-1190228","치하야","千早","ちはや","Chihaya","","line-11902"
"station-1190229","하코자키","箱崎","はこざき","Hakozaki","","line-11902"
"station-1190230","요시즈카","吉塚","よしづか","Yoshizuka","","line-11902"
"station-1190232","시시부","ししぶ","ししぶ","Shishibu","","line-11902"
"station-1190233","신구우츄오","新宮中央","しんぐうちゅうおう","ShingūChūō","","line-11902"
"station-1190302","타케시타","竹下","たけした","Takeshita","","line-11903"
"station-1190303","사사하라","笹原","ささはら","Sasahara","","line-11903"
"station-1190304","미나미후쿠오카","南福岡","みなみふくおか","Minamifukuoka","","line-11903"
"station-1190305","카스가","春日","かすが","Kasuga","","line-11903"
"station-1190306","오노조","大野城","おおのじょう","ōNojō","","line-11903"
"station-1190307","미즈키","水城","みずき","Mizuki","","line-11903"
"station-1190308","토후로미나미","都府楼南","とふろうみなみ","TofurōMinami","","line-11903"
"station-1190309","니니치시","二日市","ににちし","Ninichishi","","line-11903"
"station-1190310","텐파이잔","天拝山","てんぱいざん","Tempaizan","","line-11903"
"station-1190311","하라다","原田","はらだ","Harada","","line-11903"
"station-1190312","케야키다이","けやき台","けやきだい","Keyakidai","","line-11903"
"station-1190313","키야마","基山","きやま","Kiyama","","line-11903"
"station-1190314","야요이가오카","弥生が丘","やよいがおか","Yayoigaoka","","line-11903"
"station-1190315","타시로","田代","たしろ","Tashiro","","line-11903"
"station-1190316","토스","鳥栖","とす","Tosu","","line-11903"
"station-1190317","히젠아사히","肥前旭","ひぜんあさひ","Hizen'Asahi","","line-11903"
"station-1190318","쿠루요네","久留米","くるよね","Kuruyone","","line-11903"
"station-1190319","아라키","荒木","あらき","Araki","","line-11903"
"station-1190320","니시무타","西牟田","にしむた","Nishimuta","","line-11903"
"station-1190321","하이누즈카","羽犬塚","はいぬづか","Hainuzuka","","line-11903"
"station-1190322","치쿠고후나고야","筑後船小屋","ちくごふなごや","Chikugofunagoya","","line-11903"
"station-1190323","세다카","瀬高","せだか","Sedaka","","line-11903"
"station-1190324","노제다카","南瀬高","のうぜだか","NōZedaka","","line-11903"
"station-1190325","와타세","渡瀬","わたせ","Watase","","line-11903"
"station-1190326","요시노","吉野","よしの","Yoshino","","line-11903"
"station-1190327","긴스이","銀水","ぎんすい","Ginsui","","line-11903"
"station-1190328","오무타","大牟田","おおむた","ōMuta","","line-11903"
"station-1190329","아라오","荒尾","あらお","Arao","","line-11903"
"station-1190330","미나미아라오","南荒尾","みなみあらお","Minamiarao","","line-11903"
"station-1190331","나가스","長洲","ながす","Nagasu","","line-11903"
"station-1190332","오노시모","大野下","おおのしも","ōNoshimo","","line-11903"
"station-1190333","타마나","玉名","たまな","Tamana","","line-11903"
"station-1190334","히고이쿠라","肥後伊倉","ひごいくら","Higoikura","","line-11903"
"station-1190335","코노하","木葉","このは","Konoha","","line-11903"
"station-1190336","타하라자카","田原坂","たはらざか","Taharazaka","","line-11903"
"station-1190337","우에키","植木","うえき","Ueki","","line-11903"
"station-1190338","니시자토","西里","にしざと","Nishizato","","line-11903"
"station-1190339","소조다이가쿠마에","崇城大学前","たかしじょうだいがくまえ","TakashijōDaigakumae","","line-11903"
"station-1190340","카미쿠마모토","上熊本","かみくまもと","Kamikumamoto","","line-11903"
"station-1190341","쿠마모토","熊本","くまもと","Kumamoto","","line-11903"
"station-1190342","카와지리","川尻","かわじり","Kawajiri","","line-11903"
"station-1190343","우토","宇土","うと","Uto","","line-11903"
"station-1190344","마츠바세","松橋","まつばせ","Matsubase","","line-11903"
"station-1190345","오가와","小川","おがわ","Ogawa","","line-11903"
"station-1190346","아리사","有佐","ありさ","Arisa","","line-11903"
"station-1190347","센초","千丁","せんちょう","Senchō","","line-11903"
"station-1190348","신하치다이","新八代","しんはちだい","Shinhachidai","","line-11903"
"station-1190349","하치다이","八代","はちだい","Hachidai","","line-11903"
"station-1190350","토미아이","富合","とみあい","Tomiai","","line-11903"
"station-1190351","니시쿠마모토","西熊本","にしくまもと","Nishikumamoto","","line-11903"
"station-1190401","카와우치","川内","かわうち","Kawauchi","","line-11904"
"station-1190402","쿠마노조","隈之城","くまのじょう","Kumanojō","","line-11904"
"station-1190403","코반차야","木場茶屋","こばんちゃや","Kobanchaya","","line-11904"
"station-1190404","쿠시키노","串木野","くしきの","Kushikino","","line-11904"
"station-1190405","이치키","市来","いちき","Ichiki","","line-11904"
"station-1190406","유노모토","湯之元","ゆのもと","Yunomoto","","line-11904"
"station-1190407","히가시이치키","東市来","ひがしいちき","Higashiichiki","","line-11904"
"station-1190408","이주인","伊集院","いじゅういん","IjūIn","","line-11904"
"station-1190409","사츠마마츠모토","薩摩松元","さつままつもと","Satsumamatsumoto","","line-11904"
"station-1190410","우에이주인","上伊集院","うえいじゅういん","UeijūIn","","line-11904"
"station-1190411","가고시마추오","鹿児島中央","かごしまちゅうおう","Kagoshima-chuo","","line-11904"
"station-1190412","카고시마","鹿児島","かごしま","Kagoshima","","line-11904"
"station-1190413","히로키","広木","ひろき","Hiroki","","line-11904"
"station-1190414","카미무라가쿠엔마에","神村学園前","かみむらがくえんまえ","Kamimuragakuenmae","","line-11904"
"station-1190502","히젠후모토","肥前麓","ひぜんふもと","Hizenfumoto","","line-11905"
"station-1190503","나카하라","中原","なかはら","Nakahara","","line-11905"
"station-1190504","요시노가리코엔","吉野ケ里公園","よしのがりこうえん","YoshinogarikōEn","","line-11905"
"station-1190505","칸자키","神埼","かんざき","Kanzaki","","line-11905"
"station-1190506","이가야","伊賀屋","いがや","Igaya","","line-11905"
"station-1190507","사가","佐賀","さが","Saga","","line-11905"
"station-1190508","나베시마","鍋島","なべしま","Nabeshima","","line-11905"
"station-1190509","바룬사가","バルーンさが","ばるーんさが","BarūNsaga","","line-11905"
"station-1190510","쿠보타","久保田","くぼた","Kubota","","line-11905"
"station-1190511","우시즈","牛津","うしづ","Ushizu","","line-11905"
"station-1190512","히젠야마구치","肥前山口","ひぜんやまぐち","Hizen'Yamaguchi","","line-11905"
"station-1190513","히젠시로이시","肥前白石","ひぜんしろいし","Hizenshiroishi","","line-11905"
"station-1190514","히젠류오","肥前竜王","ひぜんりゅうおう","Hizenryūō","","line-11905"
"station-1190515","히젠카시마","肥前鹿島","ひぜんかしま","Hizenkashima","","line-11905"
"station-1190516","히젠하마","肥前浜","ひぜんはま","Hizenhama","","line-11905"
"station-1190517","히젠나나우라","肥前七浦","ひぜんななうら","Hizennanaura","","line-11905"
"station-1190518","히젠이이다","肥前飯田","ひぜんいいだ","HizenīDa","","line-11905"
"station-1190519","타라","多良","たら","Tara","","line-11905"
"station-1190520","히젠오라","肥前大浦","ひぜんおおうら","HizenōUra","","line-11905"
"station-1190521","코나가이","小長井","こながい","Konagai","","line-11905"
"station-1190522","나가사토","長里","ながさと","Nagasato","","line-11905"
"station-1190523","유에","湯江","ゆえ","Yue","","line-11905"
"station-1190524","오에","小江","おえ","Oe","","line-11905"
"station-1190525","히젠나가타","肥前長田","ひぜんながた","Hizennagata","","line-11905"
"station-1190526","히가시이사하야","東諫早","ひがし諫はや","Higashi諫Haya","","line-11905"
"station-1190527","이사하야","諫早","諫はや","諫Haya","","line-11905"
"station-1190528","니시이사하야","西諫早","にし諫はや","Nishi諫Haya","","line-11905"
"station-1190529","키키츠","喜々津","ききつ","Kikitsu","","line-11905"
"station-1190530","시누노","市布","しぬの","Shinuno","","line-11905"
"station-1190531","히젠코가","肥前古賀","ひぜんこが","Hizenkoga","","line-11905"
"station-1190532","우츠츠가와","現川","うつつがわ","Utsutsugawa","","line-11905"
"station-1190533","히가시조노","東園","ひがしぞの","Higashizono","","line-11905"
"station-1190534","오쿠사","大草","おおくさ","ōKusa","","line-11905"
"station-1190535","혼카와치","本川内","ほんかわち","Honkawachi","","line-11905"
"station-1190536","나가요","長与","ながよ","Nagayo","","line-11905"
"station-1190537","타카다","高田","たかだ","Takada","","line-11905"
"station-1190538","미치노오","道ノ尾","みちのお","Michinoo","","line-11905"
"station-1190539","니시우라카미","西浦上","にしうらかみ","Nishiurakami","","line-11905"
"station-1190540","우라카미","浦上","うらかみ","Urakami","","line-11905"
"station-1190541","나가사키","長崎","ながさき","Nagasaki","","line-11905"
"station-1190542","신토스","新鳥栖","しんとす","Shintosu","","line-11905"
"station-1190606","미나미코쿠라","南小倉","みなみこくら","Minamikokura","","line-11906"
"station-1190607","시로노","城野","しろの","Shirono","","line-11906"
"station-1190608","아베야마코엔","安部山公園","あべやまこうえん","AbeyamakōEn","","line-11906"
"station-1190609","시모소네","下曽根","しもそね","Shimosone","","line-11906"
"station-1190610","쿠사미","朽網","くさみ","Kusami","","line-11906"
"station-1190611","카리타","苅田","かりた","Karita","","line-11906"
"station-1190612","사자나미세니시코다이마에","小波瀬西工大前","さざなみせにしこうだいまえ","SazanamisenishikōDaimae","","line-11906"
"station-1190613","유쿠하시","行橋","ゆくはし","Yukuhashi","","line-11906"
"station-1190614","미나미유쿠하시","南行橋","みなみゆくはし","Minamiyukuhashi","","line-11906"
"station-1190615","신덴바루","新田原","しんでんばる","Shindembaru","","line-11906"
"station-1190616","치쿠조","築城","ちくじょう","Chikujō","","line-11906"
"station-1190617","시이다","椎田","しいだ","ShīDa","","line-11906"
"station-1190618","토요마에마츠에","豊前松江","とよまえまつえ","Toyomaematsue","","line-11906"
"station-1190619","우노시마","宇島","うのしま","Unoshima","","line-11906"
"station-1190620","미케카도","三毛門","みけかど","Mikekado","","line-11906"
"station-1190621","요시토미","吉富","よしとみ","Yoshitomi","","line-11906"
"station-1190622","나카츠","中津","なかつ","Nakatsu","","line-11906"
"station-1190623","히가시나카츠","東中津","ひがしなかつ","Higashinakatsu","","line-11906"
"station-1190624","이마즈","今津","いまづ","Imazu","","line-11906"
"station-1190625","텐신","天津","てんしん","Tenshin","","line-11906"
"station-1190626","토요마에젠코지","豊前善光寺","とよまえぜんこうじ","ToyomaezenkōJi","","line-11906"
"station-1190627","야나기케우라","柳ケ浦","やなぎけうら","Yanagikeura","","line-11906"
"station-1190628","토요마에나가스","豊前長洲","とよまえながす","Toyomaenagasu","","line-11906"
"station-1190629","우사","宇佐","うさ","Usa","","line-11906"
"station-1190630","니시야시키","西屋敷","にしやしき","Nishiyashiki","","line-11906"
"station-1190631","타테이시","立石","たていし","Tateishi","","line-11906"
"station-1190632","나카야마카오리","中山香","なかやまかおり","Nakayamakaori","","line-11906"
"station-1190633","키츠키","杵築","きつき","Kitsuki","","line-11906"
"station-1190634","오가미","大神","おおがみ","ōGami","","line-11906"
"station-1190635","히노데","日出","ひので","Hinode","","line-11906"
"station-1190636","타니","暘谷","暘たに","暘Tani","","line-11906"
"station-1190637","분고토요오카","豊後豊岡","ぶんごとよおか","Bungotoyooka","","line-11906"
"station-1190638","카메가와","亀川","かめがわ","Kamegawa","","line-11906"
"station-1190639","벳푸다이가쿠","別府大学","べっぷだいがく","Beppudaigaku","","line-11906"
"station-1190640","벳푸","別府","べっぷ","Beppu","","line-11906"
"station-1190641","히가시베후","東別府","ひがしべふ","Higashibefu","","line-11906"
"station-1190642","니시오이타","西大分","にしおおいた","NishiōIta","","line-11906"
"station-1190643","오이타","大分","おおいた","ōIta","","line-11906"
"station-1190644","마키","牧","まき","Maki","","line-11906"
"station-1190645","타카기","高城","たかぎ","Takagi","","line-11906"
"station-1190646","츠루사키","鶴崎","つるさき","Tsurusaki","","line-11906"
"station-1190647","오자이","大在","おおざい","ōZai","","line-11906"
"station-1190648","사카노이치","坂ノ市","さかのいち","Sakanoichi","","line-11906"
"station-1190649","사이자키","幸崎","さいざき","Saizaki","","line-11906"
"station-1190650","사시우","佐志生","さしう","Sashiu","","line-11906"
"station-1190651","시타노에","下ノ江","したのえ","Shitanoe","","line-11906"
"station-1190652","쿠마자키","熊崎","くまざき","Kumazaki","","line-11906"
"station-1190653","우에큐쇼","上臼杵","うえきゅうしょ","UekyūSho","","line-11906"
"station-1190654","우스키","臼杵","うすき","Usuki","","line-11906"
"station-1190655","츠쿠미","津久見","つくみ","Tsukumi","","line-11906"
"station-1190656","히시로","日代","ひしろ","Hishiro","","line-11906"
"station-1190657","아자무이","浅海井","あざむい","Azamui","","line-11906"
"station-1190658","카류","狩生","かりゅう","Karyū","","line-11906"
"station-1190659","카이자키","海崎","かいざき","Kaizaki","","line-11906"
"station-1190660","사에키","佐伯","さえき","Saeki","","line-11906"
"station-1190702","우에오카","上岡","うえおか","Ueoka","","line-11907"
"station-1190703","나오미","直見","なおみ","Naomi","","line-11907"
"station-1190704","나오카와","直川","なおかわ","Naokawa","","line-11907"
"station-1190705","시게오카","重岡","しげおか","Shigeoka","","line-11907"
"station-1190706","소타로","宗太郎","そうたろう","SōTarō","","line-11907"
"station-1190707","시타나","市棚","したな","Shitana","","line-11907"
"station-1190708","키타가와","北川","きたがわ","Kitagawa","","line-11907"
"station-1190709","휴우가나가이","日向長井","ひゅうがながい","HyūGanagai","","line-11907"
"station-1190710","키타노베오카","北延岡","きたのべおか","Kitanobeoka","","line-11907"
"station-1190711","노베오카","延岡","のべおか","Nobeoka","","line-11907"
"station-1190712","미나미노베오카","南延岡","みなみのべおか","Minaminobeoka","","line-11907"
"station-1190713","아사히가오카","旭ケ丘","あさひがおか","Asahigaoka","","line-11907"
"station-1190714","토토로","土々呂","ととろ","Totoro","","line-11907"
"station-1190715","카도가와","門川","かどがわ","Kadogawa","","line-11907"
"station-1190716","히나타시","日向市","ひなたし","Hinatashi","","line-11907"
"station-1190717","자이코지","財光寺","ざいこうじ","ZaikōJi","","line-11907"
"station-1190718","미나미휴우가","南日向","みなみひゅうが","MinamihyūGa","","line-11907"
"station-1190719","미미츠","美々津","みみつ","Mimitsu","","line-11907"
"station-1190720","히가시츠노","東都農","ひがしつの","Higashitsuno","","line-11907"
"station-1190721","츠노","都農","つの","Tsuno","","line-11907"
"station-1190722","카와미나미","川南","かわみなみ","Kawaminami","","line-11907"
"station-1190723","타카나베","高鍋","たかなべ","Takanabe","","line-11907"
"station-1190724","히나타신토미","日向新富","ひなたしんとみ","Hinatashintomi","","line-11907"
"station-1190725","사도와라","佐土原","さどわら","Sadowara","","line-11907"
"station-1190726","히나타스미요시","日向住吉","ひなたすみよし","Hinatasumiyoshi","","line-11907"
"station-1190727","하치스케치","蓮ケ池","はちすけち","Hachisukechi","","line-11907"
"station-1190728","미야자키진구","宮崎神宮","みやざきじんぐう","Miyazakijingū","","line-11907"
"station-1190729","미야자키","宮崎","みやざき","Miyazaki","","line-11907"
"station-1190730","미나미미야자키","南宮崎","みなみみやざき","Minamimiyazaki","","line-11907"
"station-1190731","카노","加納","かのう","Kanō","","line-11907"
"station-1190732","키요타케","清武","きよたけ","Kiyotake","","line-11907"
"station-1190733","히나타쿠츠카케","日向沓掛","ひなたくつかけ","Hinatakutsukake","","line-11907"
"station-1190734","덴야","田野","でんや","Den'Ya","","line-11907"
"station-1190735","아오이타케시","青井岳","あおいたけし","Aoitakeshi","","line-11907"
"station-1190736","야마노쿠치","山之口","やまのくち","Yamanokuchi","","line-11907"
"station-1190737","모치바루","餅原","もちばる","Mochibaru","","line-11907"
"station-1190738","미마타","三股","みまた","Mimata","","line-11907"
"station-1190739","미야코노조","都城","みやこのじょう","Miyakonojō","","line-11907"
"station-1190740","니시미야코노조","西都城","にしみやこのじょう","Nishimiyakonojō","","line-11907"
"station-1190741","고주시","五十市","ごじゅうし","GojūShi","","line-11907"
"station-1190742","타카라베","財部","たからべ","Takarabe","","line-11907"
"station-1190743","키타마타","北俣","きたまた","Kitamata","","line-11907"
"station-1190744","오스미오카와라","大隅大川原","おおすみおおかわら","ōSumiōKawara","","line-11907"
"station-1190745","키타나가노다","北永野田","きたながのだ","Kitanaganoda","","line-11907"
"station-1190746","키리시마진구","霧島神宮","きりしまじんぐう","Kirishimajingū","","line-11907"
"station-1190747","코쿠부","国分","こくぶ","Kokubu","","line-11907"
"station-1190748","하야토","隼人","はやと","Hayato","","line-11907"
"station-1190749","카지키","加治木","かじき","Kajiki","","line-11907"
"station-1190750","킨코","錦江","きんこう","Kinkō","","line-11907"
"station-1190751","초사","帖佐","ちょうさ","ChōSa","","line-11907"
"station-1190752","아이라","姶良","あいら","Aira","","line-11907"
"station-1190753","시게토미","重富","しげとみ","Shigetomi","","line-11907"
"station-1190754","류케스이","竜ケ水","りゅうけすい","RyūKesui","","line-11907"
"station-1190801","카츠라가와","桂川","かつらがわ","Katsuragawa","","line-11908"
"station-1190802","치쿠젠다이부","筑前大分","ちくぜんだいぶ","Chikuzendaibu","","line-11908"
"station-1190803","쿠로바루","九郎原","くろうばる","KurōBaru","","line-11908"
"station-1190804","키도미나미조인마에","城戸南蔵院前","きどみなみぞういんまえ","KidominamizōInmae","","line-11908"
"station-1190805","치쿠젠야마테","筑前山手","ちくぜんやまて","Chikuzen'Yamate","","line-11908"
"station-1190806","사사구리","篠栗","ささぐり","Sasaguri","","line-11908"
"station-1190807","카도마츠","門松","かどまつ","Kadomatsu","","line-11908"
"station-1190808","초자바루","長者原","ちょうじゃばる","ChōJabaru","","line-11908"
"station-1190809","하루마치","原町","はるまち","Harumachi","","line-11908"
"station-1190810","유스","柚須","ゆす","Yusu","","line-11908"
"station-1190901","메이노하마","姪浜","めいのはま","Meinohama","","line-11909"
"station-1190902","시모야마토","下山門","しもやまと","Shimoyamato","","line-11909"
"station-1190903","이마주쿠","今宿","いまじゅく","Imajuku","","line-11909"
"station-1190904","큐다이갓켄토시","九大学研都市","きゅうだいがっけんとし","KyūDaigakkentoshi","","line-11909"
"station-1190905","스센지","周船寺","すせんじ","Susenji","","line-11909"
"station-1190906","하타에","波多江","はたえ","Hatae","","line-11909"
"station-1190907","치쿠젠마에바루","筑前前原","ちくぜんまえばる","Chikuzemmaebaru","","line-11909"
"station-1190908","미사키가오카","美咲が丘","みさきがおか","Misakigaoka","","line-11909"
"station-1190909","카후리","加布里","かふり","Kafuri","","line-11909"
"station-1190910","이키산","一貴山","いきさん","Ikisan","","line-11909"
"station-1190911","치쿠젠후카에","筑前深江","ちくぜんふかえ","Chikuzenfukae","","line-11909"
"station-1190912","오이리","大入","おおいり","ōIri","","line-11909"
"station-1190913","후쿠요시","福吉","ふくよし","Fukuyoshi","","line-11909"
"station-1190914","시카카","鹿家","しかか","Shikaka","","line-11909"
"station-1190915","하마자키","浜崎","はまざき","Hamazaki","","line-11909"
"station-1190916","니지노마츠바라","虹ノ松原","にじのまつばら","Nijinomatsubara","","line-11909"
"station-1190917","히가시카라츠","東唐津","ひがしからつ","Higashikaratsu","","line-11909"
"station-1190918","와타다","和多田","わただ","Watada","","line-11909"
"station-1190919","카라츠","唐津","からつ","Karatsu","","line-11909"
"station-1190920","니시카라츠","西唐津","にしからつ","Nishikaratsu","","line-11909"
"station-1190921","이토시마코코마에","糸島高校前","いとしまこうこうまえ","ItoshimakōKōMae","","line-11909"
"station-1191001","와카마츠","若松","わかまつ","Wakamatsu","","line-11910"
"station-1191002","후지노키","藤ノ木","ふじのき","Fujinoki","","line-11910"
"station-1191003","오쿠호라카이","奥洞海","おくほらかい","Okuhorakai","","line-11910"
"station-1191004","후타지마","二島","ふたじま","Futajima","","line-11910"
"station-1191005","혼조","本城","ほんじょう","Honjō","","line-11910"
"station-1191102","히가시미즈마키","東水巻","ひがしみずまき","Higashimizumaki","","line-11911"
"station-1191103","츄칸","中間","ちゅうかん","ChūKan","","line-11911"
"station-1191104","치쿠젠하부","筑前垣生","ちくぜんはぶ","Chikuzenhabu","","line-11911"
"station-1191105","쿠라테","鞍手","くらて","Kurate","","line-11911"
"station-1191106","치쿠젠우에키","筑前植木","ちくぜんうえき","Chikuzen'Ueki","","line-11911"
"station-1191107","신뉴","新入","しんにゅう","Shinnyū","","line-11911"
"station-1191108","초쿠호","直方","ちょくほう","Chokuhō","","line-11911"
"station-1191109","카츠노","勝野","かつの","Katsuno","","line-11911"
"station-1191110","코다케","小竹","こだけ","Kodake","","line-11911"
"station-1191111","나마즈다","鯰田","なまずだ","Namazuda","","line-11911"
"station-1191112","우라타","浦田","うらた","Urata","","line-11911"
"station-1191113","신이이즈카","新飯塚","しんいいづか","Shin'īZuka","","line-11911"
"station-1191114","이이즈카","飯塚","いいづか","īZuka","","line-11911"
"station-1191115","텐토","天道","てんとう","Tentō","","line-11911"
"station-1191202","우에호나미","上穂波","うえほなみ","Uehonami","","line-11912"
"station-1191203","치쿠젠우치노","筑前内野","ちくぜんうちの","Chikuzen'Uchino","","line-11912"
"station-1191204","치쿠젠야마에","筑前山家","ちくぜんやまえ","Chikuzen'Yamae","","line-11912"
"station-1191302","미나미쿠루메","南久留米","みなみくるめ","Minamikurume","","line-11913"
"station-1191303","쿠루메다이가쿠마에","久留米大学前","くるめだいがくまえ","Kurumedaigakumae","","line-11913"
"station-1191304","미이","御井","みい","Mii","","line-11913"
"station-1191305","젠도지","善導寺","ぜんどうじ","ZendōJi","","line-11913"
"station-1191306","치쿠고쿠사노","筑後草野","ちくごくさの","Chikugokusano","","line-11913"
"station-1191307","타누시마루","田主丸","たぬしまる","Tanushimaru","","line-11913"
"station-1191308","치쿠고요시이","筑後吉井","ちくごよしい","Chikugoyoshii","","line-11913"
"station-1191309","우키하","うきは","うきは","Ukiha","","line-11913"
"station-1191310","치쿠고오이시","筑後大石","ちくごおおいし","ChikugoōIshi","","line-11913"
"station-1191311","요아케","夜明","よあけ","Yoake","","line-11913"
"station-1191312","미츠오카","光岡","みつおか","Mitsuoka","","line-11913"
"station-1191313","히타","日田","ひた","Hita","","line-11913"
"station-1191314","분고미요시","豊後三芳","ぶんごみよし","Bungomiyoshi","","line-11913"
"station-1191315","분고나카가와","豊後中川","ぶんごなかがわ","Bungonakagawa","","line-11913"
"station-1191316","아마가세","天ケ瀬","あまがせ","Amagase","","line-11913"
"station-1191317","스기카와치","杉河内","すぎかわち","Sugikawachi","","line-11913"
"station-1191318","키타야마타","北山田","きたやまた","Kitayamata","","line-11913"
"station-1191319","분고모리","豊後森","ぶんごもり","Bungomori","","line-11913"
"station-1191320","에라","恵良","えら","Era","","line-11913"
"station-1191321","히키지","引治","ひきじ","Hikiji","","line-11913"
"station-1191322","분고나카무라","豊後中村","ぶんごなかむら","Bungonakamura","","line-11913"
"station-1191323","노야","野矢","のや","Noya","","line-11913"
"station-1191324","유후인","由布院","ゆふいん","Yufuin","","line-11913"
"station-1191325","미나미유","南由布","みなみゆう","Minamiyū","","line-11913"
"station-1191326","유노히라","湯平","ゆのひら","Yunohira","","line-11913"
"station-1191327","쇼나이","庄内","しょうない","ShōNai","","line-11913"
"station-1191328","텐진야마","天神山","てんじんやま","Tenjin'Yama","","line-11913"
"station-1191329","오노야","小野屋","おのや","Onoya","","line-11913"
"station-1191330","오니가세","鬼瀬","おにがせ","Onigase","","line-11913"
"station-1191331","무카이노하루","向之原","むかいのはる","Mukainoharu","","line-11913"
"station-1191332","분고코쿠부","豊後国分","ぶんごこくぶ","Bungokokubu","","line-11913"
"station-1191333","카쿠","賀来","かく","Kaku","","line-11913"
"station-1191334","미나미오이타","南大分","みなみおおいた","MinamiōIta","","line-11913"
"station-1191335","후루고","古国府","ふるごう","Furugō","","line-11913"
"station-1191337","쿠루베이코코마에","久留米高校前","くるべいこうこうまえ","KurubeikōKōMae","","line-11913"
"station-1191405","이시다","石田","いしだ","Ishida","","line-11914"
"station-1191406","시이코엔","志井公園","しいこうえん","ShiikōEn","","line-11914"
"station-1191407","시이","志井","しい","Shii","","line-11914"
"station-1191408","이시하라마치","石原町","いしはらまち","Ishiharamachi","","line-11914"
"station-1191409","요부노","呼野","よぶの","Yobuno","","line-11914"
"station-1191410","사이도쇼","採銅所","さいどうしょ","SaidōSho","","line-11914"
"station-1191411","카와라","香春","かわら","Kawara","","line-11914"
"station-1191412","잇폰마츠","一本松","いっぽんまつ","Ippommatsu","","line-11914"
"station-1191413","타가와이타","田川伊田","たがわいた","Tagawaita","","line-11914"
"station-1191414","타가와고토지","田川後藤寺","たがわごとうじ","TagawagotōJi","","line-11914"
"station-1191415","이케지리","池尻","いけじり","Ikejiri","","line-11914"
"station-1191416","부젠카와사키","豊前川崎","ぶぜんかわさき","Buzenkawasaki","","line-11914"
"station-1191417","니시소에다","西添田","にしそえだ","Nishisoeda","","line-11914"
"station-1191418","소에타","添田","そえた","Soeta","","line-11914"
"station-1191419","토요마에마스다","豊前桝田","とよまえますだ","Toyomaemasuda","","line-11914"
"station-1191420","히코산","彦山","ひこさん","Hikosan","","line-11914"
"station-1191421","치쿠젠이와야","筑前岩屋","ちくぜんいわや","Chikuzen'Iwaya","","line-11914"
"station-1191422","다이교지","大行司","だいぎょうじ","DaigyōJi","","line-11914"
"station-1191423","호슈야마","宝珠山","ほうしゅやま","HōShuyama","","line-11914"
"station-1191424","오츠루","大鶴","おおつる","ōTsuru","","line-11914"
"station-1191425","이마야마","今山","いまやま","Imayama","","line-11914"
"station-1191429","샤히코산","歓遊舎ひこさん","歓遊しゃひこさん","歓遊Shahikosan","","line-11914"
"station-1191502","카미미오","上三緒","かみみお","Kamimio","","line-11915"
"station-1191503","시모카모오","下鴨生","しもかもお","Shimokamoo","","line-11915"
"station-1191504","치쿠젠쇼나이","筑前庄内","ちくぜんしょうない","ChikuzenshōNai","","line-11915"
"station-1191505","센비","船尾","せんび","Sembi","","line-11915"
"station-1191601","사이토자키","西戸崎","さいとざき","Saitozaki","","line-11916"
"station-1191602","우미노나카미치","海ノ中道","うみのなかみち","Uminonakamichi","","line-11916"
"station-1191603","카리노스","雁ノ巣","かりのす","Karinosu","","line-11916"
"station-1191604","나타","奈多","なた","Nata","","line-11916"
"station-1191605","와지로","和白","わじろ","Wajiro","","line-11916"
"station-1191702","카시이진구","香椎神宮","かしいじんぐう","Kashiijingū","","line-11917"
"station-1191703","마이마츠바라","舞松原","まいまつばら","Maimatsubara","","line-11917"
"station-1191704","도이","土井","どい","Doi","","line-11917"
"station-1191705","이가","伊賀","いが","Iga","","line-11917"
"station-1191707","사카도","酒殿","さかど","Sakado","","line-11917"
"station-1191708","스에","須恵","すえ","Sue","","line-11917"
"station-1191709","스에츄오","須恵中央","すえちゅうおう","Suechūō","","line-11917"
"station-1191710","신바루","新原","しんばる","Shimbaru","","line-11917"
"station-1191711","우미","宇美","うみ","Umi","","line-11917"
"station-1191802","오마치","大町","おおまち","ōMachi","","line-11918"
"station-1191803","홋포","北方","ほっぽう","Hoppō","","line-11918"
"station-1191804","타카하시","高橋","たかはし","Takahashi","","line-11918"
"station-1191805","타케오온선","武雄温泉","たけおおんせん","Takeoonsen","","line-11918"
"station-1191806","나가오","永尾","ながお","Nagao","","line-11918"
"station-1191807","미마사카","三間坂","みまさか","Mimasaka","","line-11918"
"station-1191808","우에아리타","上有田","うえありた","Uearita","","line-11918"
"station-1191809","아리타","有田","ありた","Arita","","line-11918"
"station-1191810","미카와치","三河内","みかわち","Mikawachi","","line-11918"
"station-1191811","하이키","早岐","はいき","Haiki","","line-11918"
"station-1191812","오토","大塔","おおとう","ōTō","","line-11918"
"station-1191813","히우","日宇","ひう","Hiu","","line-11918"
"station-1191814","사세보","佐世保","させぼ","Sasebo","","line-11918"
"station-1192003","오니즈카","鬼塚","おにづか","Onizuka","","line-11920"
"station-1192004","야마모토","山本","やまもと","Yamamoto","","line-11920"
"station-1192005","히젠쿠보","肥前久保","ひぜんくぼ","Hizenkubo","","line-11920"
"station-1192006","니시오치","西相知","にしおうち","NishiōChi","","line-11920"
"station-1192007","사리","佐里","さり","Sari","","line-11920"
"station-1192008","코마나키","駒鳴","こまなき","Komanaki","","line-11920"
"station-1192009","오카와노","大川野","おおかわの","ōKawano","","line-11920"
"station-1192010","히젠나가노","肥前長野","ひぜんながの","Hizennagano","","line-11920"
"station-1192011","모모카와","桃川","ももかわ","Momokawa","","line-11920"
"station-1192012","카네이시겐","金石原","かねいしげん","Kaneishigen","","line-11920"
"station-1192013","카미이마리","上伊万里","かみいまり","Kamiimari","","line-11920"
"station-1192014","이마리","伊万里","いまり","Imari","","line-11920"
"station-1192105","오기","小城","おぎ","Ogi","","line-11921"
"station-1192106","히가시타쿠","東多久","ひがしたく","Higashitaku","","line-11921"
"station-1192107","나카타쿠","中多久","なかたく","Nakataku","","line-11921"
"station-1192108","타쿠","多久","たく","Taku","","line-11921"
"station-1192109","큐라기","厳木","きゅうらぎ","KyūRagi","","line-11921"
"station-1192110","이와야","岩屋","いわや","Iwaya","","line-11921"
"station-1192111","오치","相知","おうち","ōChi","","line-11921"
"station-1192112","혼무타베","本牟田部","ほんむたべ","Honmutabe","","line-11921"
"station-1192202","하우스텐보스","ハウステンボス","はうすてんぼす","Hausutembosu","","line-11922"
"station-1192203","하에노사키","南風崎","はえのさき","Haenosaki","","line-11922"
"station-1192204","오구시고","小串郷","おぐしごう","Ogushigō","","line-11922"
"station-1192205","카와타나","川棚","かわたな","Kawatana","","line-11922"
"station-1192206","소노기","彼杵","そのぎ","Sonogi","","line-11922"
"station-1192207","치와타","千綿","ちわた","Chiwata","","line-11922"
"station-1192208","마츠바라","松原","まつばら","Matsubara","","line-11922"
"station-1192209","타케마츠","竹松","たけまつ","Takematsu","","line-11922"
"station-1192210","스와","諏訪","すわ","Suwa","","line-11922"
"station-1192211","오무라","大村","おおむら","ōMura","","line-11922"
"station-1192212","이와마츠","岩松","いわまつ","Iwamatsu","","line-11922"
"station-1192302","헤이세이","平成","へいせい","Heisei","","line-11923"
"station-1192303","미나미쿠마모토","南熊本","みなみくまもと","Minamikumamoto","","line-11923"
"station-1192304","신스이젠지","新水前寺","しんすいぜんじ","Shinsuizenji","","line-11923"
"station-1192305","스이젠지","水前寺","すいぜんじ","Suizenji","","line-11923"
"station-1192306","토카이가쿠엔마에","東海学園前","とうかいがくえんまえ","TōKaigakuemmae","","line-11923"
"station-1192307","타츠타구치","竜田口","たつたぐち","Tatsutaguchi","","line-11923"
"station-1192308","무사시즈카","武蔵塚","むさしづか","Musashizuka","","line-11923"
"station-1192309","히카리노모리","光の森","ひかりのもり","Hikarinomori","","line-11923"
"station-1192310","산리기","三里木","さんりぎ","Sanrigi","","line-11923"
"station-1192311","하라미즈","原水","はらみず","Haramizu","","line-11923"
"station-1192312","히고오즈","肥後大津","ひごおおづ","HigoōZu","","line-11923"
"station-1192313","세타","瀬田","せた","Seta","","line-11923"
"station-1192314","타테노","立野","たての","Tateno","","line-11923"
"station-1192315","아카미즈","赤水","あかみず","Akamizu","","line-11923"
"station-1192316","이치노카와","市ノ川","いちのかわ","Ichinokawa","","line-11923"
"station-1192317","우치마키","内牧","うちまき","Uchimaki","","line-11923"
"station-1192318","아소","阿蘇","あそ","Aso","","line-11923"
"station-1192319","이코이노무라","いこいの村","いこいのむら","Ikoinomura","","line-11923"
"station-1192320","미야지","宮地","みやじ","Miyaji","","line-11923"
"station-1192321","나미노","波野","なみの","Namino","","line-11923"
"station-1192322","타키미즈","滝水","たきみず","Takimizu","","line-11923"
"station-1192323","분고오기","豊後荻","ぶんごおぎ","Bungoogi","","line-11923"
"station-1192324","타마라이","玉来","たまらい","Tamarai","","line-11923"
"station-1192325","분고타케다","豊後竹田","ぶんごたけだ","Bungotakeda","","line-11923"
"station-1192326","아사지","朝地","あさじ","Asaji","","line-11923"
"station-1192327","오가타","緒方","おがた","Ogata","","line-11923"
"station-1192328","분고키요카와","豊後清川","ぶんごきよかわ","Bungokiyokawa","","line-11923"
"station-1192329","미에마치","三重町","みえまち","Miemachi","","line-11923"
"station-1192330","스가오","菅尾","すがお","Sugao","","line-11923"
"station-1192331","이누카이","犬飼","いぬかい","Inukai","","line-11923"
"station-1192332","타케나카","竹中","たけなか","Takenaka","","line-11923"
"station-1192333","나카한다","中判田","なかはんだ","Nakahanda","","line-11923"
"station-1192334","오이타다이가쿠마에","大分大学前","おおいただいがくまえ","ōItadaigakumae","","line-11923"
"station-1192335","시키도","敷戸","しきど","Shikido","","line-11923"
"station-1192336","타키오","滝尾","たきお","Takio","","line-11923"
"station-1192404","미도리카와","緑川","みどりかわ","Midorikawa","","line-11924"
"station-1192405","스미요시","住吉","すみよし","Sumiyoshi","","line-11924"
"station-1192406","히고나가하마","肥後長浜","ひごながはま","Higonagahama","","line-11924"
"station-1192407","아미타","網田","あみた","Amita","","line-11924"
"station-1192408","아카세","赤瀬","あかせ","Akase","","line-11924"
"station-1192409","이시우치다무","石打ダム","いしうちだむ","Ishiuchidamu","","line-11924"
"station-1192410","하타우라","波多浦","はたうら","Hataura","","line-11924"
"station-1192411","산카쿠","三角","さんかく","Sankaku","","line-11924"
"station-1192502","단","段","だん","Dan","","line-11925"
"station-1192503","사카모토","坂本","さかもと","Sakamoto","","line-11925"
"station-1192504","하키","葉木","はき","Haki","","line-11925"
"station-1192505","카마세","鎌瀬","かませ","Kamase","","line-11925"
"station-1192506","세토이시","瀬戸石","せといし","Setoishi","","line-11925"
"station-1192507","카이로","海路","かいろ","Kairo","","line-11925"
"station-1192508","요시오","吉尾","よしお","Yoshio","","line-11925"
"station-1192509","시라이시","白石","しらいし","Shiraishi","","line-11925"
"station-1192510","큐센도","球泉洞","きゅうせんどう","KyūSendō","","line-11925"
"station-1192511","잇쇼치","一勝地","いっしょうち","IsshōChi","","line-11925"
"station-1192512","나라구치","那良口","ならぐち","Naraguchi","","line-11925"
"station-1192513","와타리","渡","わたり","Watari","","line-11925"
"station-1192514","니시히토요시","西人吉","にしひとよし","Nishihitoyoshi","","line-11925"
"station-1192515","히토요시","人吉","ひとよし","Hitoyoshi","","line-11925"
"station-1192516","오하타","大畑","おおはた","ōHata","","line-11925"
"station-1192517","야타케","矢岳","やたけ","Yatake","","line-11925"
"station-1192518","마사키","真幸","まさき","Masaki","","line-11925"
"station-1192519","키치마츠","吉松","きちまつ","Kichimatsu","","line-11925"
"station-1192602","쿠리노","栗野","くりの","Kurino","","line-11926"
"station-1192603","오스미요코가와","大隅横川","おおすみよこがわ","ōSumiyokogawa","","line-11926"
"station-1192604","우에무라","植村","うえむら","Uemura","","line-11926"
"station-1192605","키리시마온선","霧島温泉","きりしまおんせん","Kirishimaonsen","","line-11926"
"station-1192606","카레이가와","嘉例川","かれいがわ","Kareigawa","","line-11926"
"station-1192607","나카후쿠라","中福良","なかふくら","Nakafukura","","line-11926"
"station-1192608","오모테키야마","表木山","おもてきやま","Omotekiyama","","line-11926"
"station-1192609","니치토잔","日当山","にちとうざん","NichitōZan","","line-11926"
"station-1192703","타요시","田吉","たよし","Tayoshi","","line-11927"
"station-1192704","미야자키 공항","宮崎空港","みやざきくうこう","MiyazakikūKō","","line-11927"
"station-1192804","난포","南方","なんぽう","Nampō","","line-11928"
"station-1192805","키바나","木花","きばな","Kibana","","line-11928"
"station-1192806","운도코엔","運動公園","うんどうこうえん","UndōKōEn","","line-11928"
"station-1192807","소야마테라","曽山寺","そやまてら","Soyamatera","","line-11928"
"station-1192808","코도모노쿠니","子供の国","こどものくに","Kodomonokuni","","line-11928"
"station-1192809","친타오","青島","ちんたお","Chintao","","line-11928"
"station-1192810","오리우자코","折生迫","おりうざこ","Oriuzako","","line-11928"
"station-1192811","우츠미","内海","うつみ","Utsumi","","line-11928"
"station-1192812","쇼치우미","小内海","しょううちうみ","ShōUchiumi","","line-11928"
"station-1192813","이비이","伊比井","いびい","Ibii","","line-11928"
"station-1192814","키타고","北郷","きたごう","Kitagō","","line-11928"
"station-1192815","우치노타","内之田","うちのた","Uchinota","","line-11928"
"station-1192816","오비","飫肥","おび","Obi","","line-11928"
"station-1192817","니치난","日南","にちなん","Nichinan","","line-11928"
"station-1192818","아부라츠","油津","あぶらつ","Aburatsu","","line-11928"
"station-1192819","오도츠","大堂津","おおどうつ","ōDōTsu","","line-11928"
"station-1192820","난고","南郷","なんごう","Nangō","","line-11928"
"station-1192821","타니노쿠치","谷之口","たにのくち","Taninokuchi","","line-11928"
"station-1192822","요와라","榎原","よわら","Yowara","","line-11928"
"station-1192823","휴우가오츠카","日向大束","ひゅうがおおつか","HyūGaōTsuka","","line-11928"
"station-1192824","휴우가키타카타","日向北方","ひゅうがきたかた","HyūGakitakata","","line-11928"
"station-1192825","쿠시마","串間","くしま","Kushima","","line-11928"
"station-1192826","후쿠시마이마마치","福島今町","ふくしまいままち","Fukushimaimamachi","","line-11928"
"station-1192827","후쿠시마타카마츠","福島高松","ふくしまたかまつ","Fukushimatakamatsu","","line-11928"
"station-1192828","오스미나츠이","大隅夏井","おおすみなつい","ōSuminatsui","","line-11928"
"station-1192829","시부시","志布志","しぶし","Shibushi","","line-11928"
"station-1192902","휴가쇼나이","日向庄内","ひゅうがしょうない","HyūGashōNai","","line-11929"
"station-1192903","타니가시라","谷頭","たにがしら","Tanigashira","","line-11929"
"station-1192904","만가츠카","万ケ塚","まんがつか","Mangatsuka","","line-11929"
"station-1192905","히가시타카사키","東高崎","ひがしたかさき","Higashitakasaki","","line-11929"
"station-1192906","타카사키신덴","高崎新田","たかさきしんでん","Takasakishinden","","line-11929"
"station-1192907","히나타마에다","日向前田","ひなたまえだ","Hinatamaeda","","line-11929"
"station-1192908","코겐","高原","こうげん","KōGen","","line-11929"
"station-1192909","코겐","広原","こうげん","KōGen","","line-11929"
"station-1192910","코바야시","小林","こばやし","Kobayashi","","line-11929"
"station-1192911","니시코바야시","西小林","にしこばやし","Nishikobayashi","","line-11929"
"station-1192912","에비노이이노","えびの飯野","えびのいいの","EbinoīNo","","line-11929"
"station-1192913","에비노카미에","えびの上江","えびのかみえ","Ebinokamie","","line-11929"
"station-1192914","에비노","えびの","えびの","Ebino","","line-11929"
"station-1192915","쿄마치온선","京町温泉","きょうまちおんせん","KyōMachionsen","","line-11929"
"station-1192916","츠루마루","鶴丸","つるまる","Tsurumaru","","line-11929"
"station-1193002","코오리모토","郡元","こおりもと","KōRimoto","","line-11930"
"station-1193003","미나미카고시마","南鹿児島","みなみかごしま","Minamikagoshima","","line-11930"
"station-1193004","우슈쿠","宇宿","うしゅく","Ushuku","","line-11930"
"station-1193005","타니야마","谷山","たにやま","Taniyama","","line-11930"
"station-1193006","지간지","慈眼寺","じがんじ","Jiganji","","line-11930"
"station-1193007","사카노에","坂之上","さかのうえ","Sakanoue","","line-11930"
"station-1193008","고이노","五位野","ごいの","Goino","","line-11930"
"station-1193009","히라카와","平川","ひらかわ","Hirakawa","","line-11930"
"station-1193010","세세쿠시","瀬々串","せせくし","Sesekushi","","line-11930"
"station-1193011","나카묘","中名","なかみょう","Nakamyō","","line-11930"
"station-1193012","키이레","喜入","きいれ","Kiire","","line-11930"
"station-1193013","마에노하마","前之浜","まえのはま","Maenohama","","line-11930"
"station-1193014","누쿠미","生見","ぬくみ","Nukumi","","line-11930"
"station-1193015","사츠마이마이즈미","薩摩今和泉","さつまいまいずみ","Satsumaimaizumi","","line-11930"
"station-1193016","미야케하마","宮ケ浜","みやけはま","Miyakehama","","line-11930"
"station-1193017","니가츠타","二月田","にがつた","Nigatsuta","","line-11930"
"station-1193018","이부스키","指宿","いぶすき","Ibusuki","","line-11930"
"station-1193019","야마카와","山川","やまかわ","Yamakawa","","line-11930"
"station-1193020","오야마","大山","おおやま","Oyama","","line-11930"
"station-1193021","니시오야마","西大山","にしおおやま","NishiōYama","","line-11930"
"station-1193022","사츠마카와지리","薩摩川尻","さつまかわじり","Satsumakawajiri","","line-11930"
"station-1193023","히가시카이몬","東開聞","ひがしかいもん","Higashikaimon","","line-11930"
"station-1193024","카이몬","開聞","かいもん","Kaimon","","line-11930"
"station-1193025","이리노","入野","いりの","Irino","","line-11930"
"station-1193026","에이","頴娃","えい","Ei","","line-11930"
"station-1193027","니시에이","西頴娃","にしえい","Nishiei","","line-11930"
"station-1193028","고료","御領","ごりょう","Goryō","","line-11930"
"station-1193029","이시가키","石垣","いしがき","Ishigaki","","line-11930"
"station-1193030","미즈나리카와","水成川","みずなりかわ","Mizunarikawa","","line-11930"
"station-1193031","에이오카와","頴娃大川","えいおうかわ","EiōKawa","","line-11930"
"station-1193032","마츠케우라","松ケ浦","まつけうら","Matsukeura","","line-11930"
"station-1193033","사츠마시오야","薩摩塩屋","さつましおや","Satsumashioya","","line-11930"
"station-1193034","시라사와","白沢","しらさわ","Shirasawa","","line-11930"
"station-1193035","사츠마이타지키","薩摩板敷","さつまいたじき","Satsumaitajiki","","line-11930"
"station-1193036","마쿠라자키","枕崎","まくらざき","Makurazaki","","line-11930"
"station-mlit-002611","요리이","寄居","よりい","Yorii","","line-21001"
"station-mlit-002614","타마요도","玉淀","たまよど","Tamayodo","","line-21001"
"station-mlit-002620","하치가타","鉢形","はちがた","Hachigata","","line-21001"
"station-mlit-002626","오부스마","男衾","おぶすま","Obusuma","","line-21001"
"station-mlit-002640","미나미요리이","みなみ寄居","みなみよりい","Minamiyorii","","line-21001"
"station-mlit-002666","토부타케자와","東武竹沢","とうぶたけざわ","TōButakezawa","","line-21001"
"station-mlit-002692","오가와마치","小川町","おがわまち","Ogawamachi","","line-21001"
"station-mlit-002708","신린코엔","森林公園","しんりんこうえん","ShinrinkōEn","","line-21001"
"station-mlit-002709","무사시란잔","武蔵嵐山","むさしらんざん","Musashiranzan","","line-21001"
"station-mlit-002710","츠키노와","つきのわ","つきのわ","Tsukinowa","","line-21001"
"station-mlit-002717","히가시마츠야마","東松山","ひがしまつやま","Higashimatsuyama","","line-21001"
"station-mlit-002753","코사카","高坂","こうさか","KōSaka","","line-21001"
"station-mlit-002800","키타사카도","北坂戸","きたさかど","Kitasakado","","line-21001"
"station-mlit-002822","사카도","坂戸","さかど","Sakado","","line-21001"
"station-mlit-002837","와카바","若葉","わかば","Wakaba","","line-21001"
"station-mlit-002852","츠루가시마","鶴ヶ島","つるがしま","Tsurugashima","","line-21001"
"station-mlit-002874","카스미가세키","霞ヶ関","かすみがせき","Kasumigaseki","","line-21001"
"station-mlit-002893","카와고에시","川越市","かわごえし","Kawagoeshi","","line-21001"
"station-mlit-002937","신카와기시","新河岸","しんかわぎし","Shinkawagishi","","line-21001"
"station-mlit-002964","카미후쿠오카","上福岡","かみふくおか","Kamifukuoka","","line-21001"
"station-mlit-002987","후지미노","ふじみ野","ふじみの","Fujimino","","line-21001"
"station-mlit-003007","츠루세","鶴瀬","つるせ","Tsuruse","","line-21001"
"station-mlit-003025","미즈호다이","みずほ台","みずほだい","Mizuhodai","","line-21001"
"station-mlit-003038","야나세가와","柳瀬川","やなせがわ","Yanasegawa","","line-21001"
"station-mlit-003049","시키","志木","しき","Shiki","","line-21001"
"station-mlit-003061","아사가스미다이","朝霞台","あさがすみだい","Asagasumidai","","line-21001"
"station-mlit-003097","아사가스미","朝霞","あさがすみ","Asagasumi","","line-21001"
"station-mlit-003123","와코시","和光市","わこうし","WakōShi","","line-21001"
"station-mlit-003156","나리마스","成増","なります","Narimasu","","line-21001"
"station-mlit-003184","시모아카츠카","下赤塚","しもあかつか","Shimoakatsuka","","line-21001"
"station-mlit-003194","토부네리마","東武練馬","とうぶねりま","TōBunerima","","line-21001"
"station-mlit-003212","카미이타바시","上板橋","かみいたばし","Kamiitabashi","","line-21001"
"station-mlit-003223","토키와다이","ときわ台","ときわだい","Tokiwadai","","line-21001"
"station-mlit-003233","나카이타바시","中板橋","なかいたばし","Naka-itabashi","","line-21001"
"station-mlit-003269","오야마","大山","おおやま","Oyama","","line-21001"
"station-mlit-003285","시모이타바시","下板橋","しもいたばし","Shimo-itabashi","","line-21001"
"station-mlit-003315","키타이케부쿠로","北池袋","きたいけぶくろ","Kita-ikebukuro","","line-21001"
"station-2100203","오시아게스카이츠리마에","押上〈スカイツリー前〉","おしあげ〈すかいつりーまえ〉","Oshiage〈SukaitsurīMae〉","","line-21002"
"station-2100217","돗쿄다이가쿠마에〈소카마츠바라〉","獨協大学前〈草加松原〉","どっきょうだいがくまえ〈そうかまつばら〉","DokkyōDaigakumae〈SōKamatsubara〉","","line-21002"
"station-mlit-002375","아시카가시","足利市","あしかがし","Ashikagashi","","line-21002"
"station-mlit-002380","이세사키","伊勢崎","いせさき","Isesaki","","line-21002"
"station-mlit-002383","노슈야마베","野州山辺","のしゅうやまべ","NoshūYamabe","","line-21002"
"station-mlit-002396","신이세사키","新伊勢崎","しんいせさき","Shinisesaki","","line-21002"
"station-mlit-002403","토부이즈미","東武和泉","とうぶいずみ","TōBuizumi","","line-21002"
"station-mlit-002415","니라가와","韮川","にらがわ","Niragawa","","line-21002"
"station-mlit-002417","후쿠이","福居","ふくい","Fukui","","line-21002"
"station-mlit-002436","타케시","剛志","たけし","Takeshi","","line-21002"
"station-mlit-002437","오타","太田","おおた","ōTa","","line-21002"
"station-mlit-002443","켄","県","けん","Ken","","line-21002"
"station-mlit-002446","호소야","細谷","ほそや","Hosoya","","line-21002"
"station-mlit-002454","사카이마치","境町","さかいまち","Sakaimachi","","line-21002"
"station-mlit-002457","타타라","多々良","たたら","Tatara","","line-21002"
"station-mlit-002459","세라다","世良田","せらだ","Serada","","line-21002"
"station-mlit-002460","키자키","木崎","きざき","Kizaki","","line-21002"
"station-mlit-002493","타테바야시","館林","たてばやし","Tatebayashi","","line-21002"
"station-mlit-002514","모린지마에","茂林寺前","もりんじまえ","Morinjimae","","line-21002"
"station-mlit-002537","카와마타","川俣","かわまた","Kawamata","","line-21002"
"station-mlit-002565","하부","羽生","はぶ","Habu","","line-21002"
"station-mlit-002577","미나미하부","南羽生","みなみはぶ","Minamihabu","","line-21002"
"station-mlit-002606","카조","加須","かぞ","Kazo","","line-21002"
"station-mlit-002623","하나사키","花崎","はなさき","Hanasaki","","line-21002"
"station-mlit-002632","와시미야","鷲宮","わしみや","Washimiya","","line-21002"
"station-mlit-002713","와도","和戸","わど","Wado","","line-21002"
"station-mlit-002728","토부도부츠코엔","東武動物公園","とうぶどうぶつこうえん","TōBudōButsukōEn","","line-21002"
"station-mlit-002750","히메미야","姫宮","ひめみや","Himemiya","","line-21002"
"station-mlit-002772","키타카스카베","北春日部","きたかすかべ","Kitakasukabe","","line-21002"
"station-mlit-002785","카스카베","春日部","かすかべ","Kasukabe","","line-21002"
"station-mlit-002810","이치노와리","一ノ割","いちのわり","Ichinowari","","line-21002"
"station-mlit-002836","타케사토","武里","たけさと","Takesato","","line-21002"
"station-mlit-002856","센겐다이","せんげん台","せんげんだい","Sengendai","","line-21002"
"station-mlit-002875","오부쿠로","大袋","おおぶくろ","ōBukuro","","line-21002"
"station-mlit-002920","키타코시가야","北越谷","きたこしがや","Kitakoshigaya","","line-21002"
"station-mlit-002942","코시가야","越谷","こしがや","Koshigaya","","line-21002"
"station-mlit-002960","신코시가야","新越谷","しんこしがや","Shinkoshigaya","","line-21002"
"station-mlit-002977","가모","蒲生","がもう","Gamō","","line-21002"
"station-mlit-002994","닛타","新田","にった","Nitta","","line-21002"
"station-mlit-003040","소카","草加","そうか","SōKa","","line-21002"
"station-mlit-003059","야츠카","谷塚","やつか","Yatsuka","","line-21002"
"station-mlit-003101","타케노츠카","竹ノ塚","たけのつか","Takenotsuka","","line-21002"
"station-mlit-003159","니시아라이","西新井","にしあらい","Nishiarai","","line-21002"
"station-mlit-003176","우메지마","梅島","うめじま","Umejima","","line-21002"
"station-mlit-003200","고한노","五反野","ごはんの","Gohanno","","line-21002"
"station-mlit-003224","코스가","小菅","こすが","Kosuga","","line-21002"
"station-mlit-003288","우시다","牛田","うしだ","Ushida","","line-21002"
"station-mlit-003297","호리키리","堀切","ほりきり","Horikiri","","line-21002"
"station-mlit-003355","카네가후치","鐘ヶ淵","かねゖふち","Kanekefuchi","","line-21002"
"station-mlit-003442","히가시무코지마","東向島","ひがしむこうじま","HigashimukōJima","","line-21002"
"station-mlit-003479","히키후네","曳舟","曳ふね","曳Fune","","line-21002"
"station-mlit-003522","아사쿠사","浅草","あさくさ","Asakusa","","line-21002"
"station-mlit-003524","토쿄스카이츠리","とうきょうスカイツリー","とうきょうすかいつりー","ToukyōSukaitsurī","","line-21002"
"station-1131914","쿠리하시","栗橋","くりはし","Kurihashi","","line-21003"
"station-2100230","토부도부츠코엔","東武動物公園","とうぶどうぶつこうえん","TōBudōButsukōEn","","line-21003"
"station-2100302","스기토타카노다이","杉戸高野台","すぎとたかのだい","Sugitotakanodai","","line-21003"
"station-2100303","삿테","幸手","さって","Satte","","line-21003"
"station-2100304","미나미쿠리하시","南栗橋","みなみくりはし","Minamikurihashi","","line-21003"
"station-2100306","신코가","新古河","しんこが","Shinkoga","","line-21003"
"station-2100307","야규","柳生","やぎゅう","Yagyū","","line-21003"
"station-2100308","이타쿠라토요다이마에","板倉東洋大前","いたくらとうようだいまえ","ItakuratōYōDaimae","","line-21003"
"station-2100309","후지오카","藤岡","ふじおか","Fujioka","","line-21003"
"station-2100310","시즈와","静和","しずわ","Shizuwa","","line-21003"
"station-2100311","신오히라시타","新大平下","しんおおひらした","ShinōHirashita","","line-21003"
"station-2100313","신토치기","新栃木","しんとちぎ","Shintochigi","","line-21003"
"station-2100314","캇센바","合戦場","かっせんば","Kassemba","","line-21003"
"station-2100315","이에주","家中","いえじゅう","Iejū","","line-21003"
"station-2100316","토부카네자키","東武金崎","とうぶかねざき","TōBukanezaki","","line-21003"
"station-2100317","타마노키","楡木","たまのき","Tamanoki","","line-21003"
"station-2100318","모미야마","樅山","もみやま","Momiyama","","line-21003"
"station-2100319","신카누마","新鹿沼","しんかぬま","Shinkanuma","","line-21003"
"station-2100320","키타카누마","北鹿沼","きたかぬま","Kitakanuma","","line-21003"
"station-2100321","이타가","板荷","いたが","Itaga","","line-21003"
"station-2100322","시모코시로","下小代","しもこしろ","Shimokoshiro","","line-21003"
"station-2100323","묘진","明神","みょうじん","MyōJin","","line-21003"
"station-2100324","시모이마이치","下今市","しもいまいち","Shimoimaichi","","line-21003"
"station-2100325","카미이마시","上今市","かみいまし","Kamiimashi","","line-21003"
"station-1131331","후나바시","船橋","ふなばし","Funabashi","","line-21004"
"station-1131906","오미야","大宮","おおみや","ōMiya","","line-21004"
"station-2100227","카스카베","春日部","かすかべ","Kasukabe","","line-21004"
"station-2100402","키타오미야","北大宮","きたおおみや","KitaōMiya","","line-21004"
"station-2100403","오미야코엔","大宮公園","おおみやこうえん","ōMiyakōEn","","line-21004"
"station-2100404","오와다","大和田","おおわだ","ōWada","","line-21004"
"station-2100405","시치리","七里","しちり","Shichiri","","line-21004"
"station-2100406","이와츠키","岩槻","いわつき","Iwatsuki","","line-21004"
"station-2100407","히가시이와츠키","東岩槻","ひがしいわつき","Higashiiwatsuki","","line-21004"
"station-2100408","토요하루","豊春","とよはる","Toyoharu","","line-21004"
"station-2100409","야기사키","八木崎","やぎさき","Yagisaki","","line-21004"
"station-2100411","후지노시지마","藤の牛島","ふじのうしじま","Fujinoushijima","","line-21004"
"station-2100412","미나미사쿠라이","南桜井","みなみさくらい","Minamisakurai","","line-21004"
"station-2100413","카와마","川間","かわま","Kawama","","line-21004"
"station-2100414","나나코다이","七光台","ななこうだい","NanakōDai","","line-21004"
"station-2100415","시미즈코엔","清水公園","しみずこうえん","ShimizukōEn","","line-21004"
"station-2100416","아타고","愛宕","あたご","Atago","","line-21004"
"station-2100417","노다시","野田市","のだし","Nodashi","","line-21004"
"station-2100418","바이고","梅郷","ばいごう","Baigō","","line-21004"
"station-2100419","운가","運河","うんが","Unga","","line-21004"
"station-2100420","에도가와다이","江戸川台","えどがわだい","Edogawadai","","line-21004"
"station-2100421","하츠이시","初石","はついし","Hatsuishi","","line-21004"
"station-2100422","나가레야마오타카노모리","流山おおたかの森","ながれやまおおたかのもり","Nagareyamaootakanomori","","line-21004"
"station-2100423","토요시키","豊四季","とよしき","Toyoshiki","","line-21004"
"station-2100425","신카시와","新柏","しんかしわ","Shinkashiwa","","line-21004"
"station-2100426","마스오","増尾","ますお","Masuo","","line-21004"
"station-2100427","사카사이","逆井","さかさい","Sakasai","","line-21004"
"station-2100428","타카야나기","高柳","たかやなぎ","Takayanagi","","line-21004"
"station-2100429","무츠미","六実","むつみ","Mutsumi","","line-21004"
"station-2100430","신카마가야","新鎌ヶ谷","しんかまがや","Shinkamagaya","","line-21004"
"station-2100431","카마가야","鎌ヶ谷","かまがや","Kamagaya","","line-21004"
"station-2100432","마고메자와","馬込沢","まごめざわ","Magomezawa","","line-21004"
"station-2100433","츠카다","塚田","つかだ","Tsukada","","line-21004"
"station-2100434","신후나바시","新船橋","しんふなばし","Shinfunabashi","","line-21004"
"station-mlit-003525","쇼무라이","小村井","しょうむらい","ShōMurai","","line-21005"
"station-mlit-003548","히가시아즈마","東あずま","ひがしあずま","Higashiazuma","","line-21005"
"station-mlit-003610","카메이도스이진","亀戸水神","かめいどすいじん","Kameidosuijin","","line-21005"
"station-mlit-003150","다이시마에","大師前","だいしまえ","Daishimae","","line-21006"
"station-2100126","사카도","坂戸","さかど","Sakado","","line-21007"
"station-2100702","잇폰마츠","一本松","いっぽんまつ","Ippommatsu","","line-21007"
"station-2100703","니시오야","西大家","にしおおや","NishiōYa","","line-21007"
"station-2100704","카와스미","川角","かわすみ","Kawasumi","","line-21007"
"station-2100705","타케슈나가세","武州長瀬","たけしゅうながせ","TakeshūNagase","","line-21007"
"station-2100706","히가시모로","東毛呂","ひがしもろ","Higashimoro","","line-21007"
"station-2100707","타케슈카라사와","武州唐沢","たけしゅうからさわ","TakeshūKarasawa","","line-21007"
"station-2100803","노슈히라카와","野州平川","のしゅうひらかわ","NoshūHirakawa","","line-21008"
"station-2100804","노슈오츠카","野州大塚","のしゅうおおつか","NoshūōTsuka","","line-21008"
"station-2100805","미부","壬生","みぶ","Mibu","","line-21008"
"station-2100806","쿠니야","国谷","くにや","Kuniya","","line-21008"
"station-2100807","오모차노마치","おもちゃのまち","おもちゃのまち","Omochanomachi","","line-21008"
"station-2100808","야스즈카","安塚","やすづか","Yasuzuka","","line-21008"
"station-2100809","니시카와다","西川田","にしかわだ","Nishikawada","","line-21008"
"station-2100810","에소지마","江曽島","えそじま","Esojima","","line-21008"
"station-2100811","미나미우츠노미야","南宇都宮","みなみうつのみや","Minamiutsunomiya","","line-21008"
"station-2100812","토부우츠노미야","東武宇都宮","とうぶうつのみや","TōBuutsunomiya","","line-21008"
"station-2100902","오야무카이","大谷向","おおやむかい","ōYamukai","","line-21009"
"station-2100903","오쿠와","大桑","おおくわ","ōKuwa","","line-21009"
"station-2100904","니이타카이사오","新高徳","にいたかいさお","NīTakaisao","","line-21009"
"station-2100905","코사고에","小佐越","こさごえ","Kosagoe","","line-21009"
"station-2100906","키누가와온선","鬼怒川温泉","きぬがわおんせん","Kinugawaonsen","","line-21009"
"station-2100907","키누가와코엔","鬼怒川公園","きぬがわこうえん","KinugawakōEn","","line-21009"
"station-2100908","신후지와라","新藤原","しんふじわら","Shinfujiwara","","line-21009"
"station-2100909","토부와루도스쿠웨아","東武ワールドスクウェア","とうぶわーるどすくうぇあ","TōBuwāRudosukuwea","","line-21009"
"station-2100240","타테바야시","館林","たてばやし","Tatebayashi","","line-21010"
"station-2101002","와타세","渡瀬","わたせ","Watase","","line-21010"
"station-2101003","타지마","田島","たじま","Tajima","","line-21010"
"station-2101004","사노시","佐野市","さのし","Sanoshi","","line-21010"
"station-2101006","호리고메","堀米","ほりごめ","Horigome","","line-21010"
"station-2101007","요시미즈","吉水","よしみず","Yoshimizu","","line-21010"
"station-2101008","타누마","田沼","たぬま","Tanuma","","line-21010"
"station-2101009","타다","多田","ただ","Tada","","line-21010"
"station-2101010","쿠즈우","葛生","くずう","Kuzuu","","line-21010"
"station-2100248","오타","太田","おおた","ōTa","","line-21011"
"station-2101102","산마이바시","三枚橋","さんまいばし","Sammaibashi","","line-21011"
"station-2101103","하루요시몬쿄","治良門橋","はるよしもんきょう","Haruyoshimonkyō","","line-21011"
"station-2101104","야부츠카","藪塚","やぶつか","Yabutsuka","","line-21011"
"station-2101105","아자미","阿左美","あざみ","Azami","","line-21011"
"station-2101106","신키류","新桐生","しんきりゅう","Shinkiryū","","line-21011"
"station-2101107","아이오이","相老","あいおい","Aioi","","line-21011"
"station-2101108","아카기","赤城","あかぎ","Akagi","","line-21011"
"station-2101202","나루시마","成島","なるしま","Narushima","","line-21012"
"station-2101203","혼나카노","本中野","ほんなかの","Honnakano","","line-21012"
"station-2101204","시노즈카","篠塚","しのづか","Shinozuka","","line-21012"
"station-2101205","히가시코이즈미","東小泉","ひがしこいずみ","Higashikoizumi","","line-21012"
"station-2101206","코이즈미마치","小泉町","こいずみまち","Koizumimachi","","line-21012"
"station-2101207","니시코이즈미","西小泉","にしこいずみ","Nishikoizumi","","line-21012"
"station-2101209","류마이","竜舞","りゅうまい","RyūMai","","line-21012"
"station-mlit-002904","아가노","吾野","あがの","Agano","","line-22001"
"station-mlit-002936","히가시아가노","東吾野","ひがしあがの","Higashiagano","","line-22001"
"station-mlit-002945","무사시요코데","武蔵横手","むさしよこで","Musashiyokode","","line-22001"
"station-mlit-002950","코라라","高麗","こううらら","KōUrara","","line-22001"
"station-mlit-002999","한노","飯能","はんのう","Hannō","","line-22001"
"station-mlit-003011","이나리야마코엔","稲荷山公園","いなりやまこうえん","InariyamakōEn","","line-22001"
"station-mlit-003018","이루마시","入間市","いるまし","Irumashi","","line-22001"
"station-mlit-003020","모토카지","元加治","もとかじ","Motokaji","","line-22001"
"station-mlit-003028","붓시","仏子","ぶっし","Busshi","","line-22001"
"station-mlit-003050","무사시후지사와","武蔵藤沢","むさしふじさわ","Musashifujisawa","","line-22001"
"station-mlit-003068","사야마가오카","狭山ヶ丘","さやまがおか","Sayamagaoka","","line-22001"
"station-mlit-003088","코테사시","小手指","こてさし","Kotesashi","","line-22001"
"station-mlit-003118","니시토코로자와","西所沢","にしところざわ","Nishitokorozawa","","line-22001"
"station-mlit-003131","토코로자와","所沢","ところざわ","Tokorozawa","","line-22001"
"station-mlit-003151","아키츠","秋津","あきつ","Akitsu","","line-22001"
"station-mlit-003179","키요세","清瀬","きよせ","Kiyose","","line-22001"
"station-mlit-003217","히가시쿠루메","東久留米","ひがしくるめ","Higashikurume","","line-22001"
"station-mlit-003242","히바리가오카","ひばりヶ丘","ひばりがおか","Hibarigaoka","","line-22001"
"station-mlit-003263","오이즈미가쿠엔","大泉学園","おおいずみがくえん","ōIzumigakuen","","line-22001"
"station-mlit-003271","호야","保谷","ほや","Hoya","","line-22001"
"station-mlit-003292","샤쿠지이코엔","石神井公園","しゃくじいこうえん","ShakujiikōEn","","line-22001"
"station-mlit-003314","네리마타카노다이","練馬高野台","ねりまたかのだい","Nerimatakanodai","","line-22001"
"station-mlit-003321","사쿠라다이","桜台","さくらだい","Sakuradai","","line-22001"
"station-mlit-003328","네리마","練馬","ねりま","Nerima","","line-22001"
"station-mlit-003337","에코다","江古田","えこだ","Ekoda","","line-22001"
"station-mlit-003345","나카무라쿄","中村橋","なかむらきょう","Nakamurakyō","","line-22001"
"station-mlit-003349","후지미다이","富士見台","ふじみだい","Fujimidai","","line-22001"
"station-mlit-003393","히가시나가사키","東長崎","ひがしながさき","Higashi-nagasaki","","line-22001"
"station-mlit-003426","시이나마치","椎名町","しいなまち","Shiinamachi","","line-22001"
"station-2200125","한노","飯能","はんのう","Hannō","","line-22002"
"station-2200127","코라라","高麗","こううらら","KōUrara","","line-22002"
"station-2200128","무사시요코데","武蔵横手","むさしよこで","Musashiyokode","","line-22002"
"station-2200129","히가시아가노","東吾野","ひがしあがの","Higashiagano","","line-22002"
"station-2200130","아가노","吾野","あがの","Agano","","line-22002"
"station-2200207","니시아가노","西吾野","にしあがの","Nishiagano","","line-22002"
"station-2200208","세이마루","正丸","せいまる","Seimaru","","line-22002"
"station-2200209","아시가쿠보","芦ヶ久保","あしゖくぼ","Ashikekubo","","line-22002"
"station-2200210","요코세","横瀬","よこせ","Yokose","","line-22002"
"station-2200212","세이부치치부","西武秩父","せいぶちちぶ","Seibuchichibu","","line-22002"
"station-mlit-003294","코타케무카이하라","小竹向原","こたけむかいはら","Kotakemukaihara","","line-22003"
"station-mlit-003311","신사쿠라다이","新桜台","しんさくらだい","Shinsakuradai","","line-22003"
"station-mlit-003305","토시마엔","豊島園","としまえん","Toshimaen","","line-22004"
"station-2200117","니시토코로자와","西所沢","にしところざわ","Nishitokorozawa","","line-22005"
"station-2200502","시모야마구치","下山口","しもやまぐち","Shimoyamaguchi","","line-22005"
"station-2200503","세이부큐조마에","西武球場前","せいぶきゅうじょうまえ","SeibukyūJōMae","","line-22005"
"station-mlit-003181","세이부큐조마에","西武球場前","せいぶきゅうじょうまえ","SeibukyūJōMae","","line-22006"
"station-mlit-003192","세이부엔유엔치","西武園ゆうえんち","せいぶえんゆうえんち","Seibuenyuuenchi","","line-22006"
"station-mlit-003201","타마코","多摩湖","たまこ","Tamako","","line-22006"
"station-mlit-002895","혼카와고에","本川越","ほんかわごえ","Honkawagoe","","line-22007"
"station-mlit-002940","미나미오츠카","南大塚","みなみおおつか","MinamiōTsuka","","line-22007"
"station-mlit-002963","신사야마","新狭山","しんさやま","Shinsayama","","line-22007"
"station-mlit-002991","사야마시","狭山市","さやまし","Sayamashi","","line-22007"
"station-mlit-003033","이리소","入曽","いりそ","Iriso","","line-22007"
"station-mlit-003077","신토코로자와","新所沢","しんところざわ","Shintokorozawa","","line-22007"
"station-mlit-003094","코쿠코엔","航空公園","こうくうこうえん","KōKūKōEn","","line-22007"
"station-mlit-003220","히가시무라야마","東村山","ひがしむらやま","Higashimurayama","","line-22007"
"station-mlit-003262","쿠메카와","久米川","くめかわ","Kumekawa","","line-22007"
"station-mlit-003340","코다이라","小平","こだいら","Kodaira","","line-22007"
"station-mlit-003408","히가시후시미","東伏見","ひがしふしみ","Higashifushimi","","line-22007"
"station-mlit-003409","세이부야기사와","西武柳沢","せいぶやぎさわ","Seibuyagisawa","","line-22007"
"station-mlit-003419","타케쿠라세키","武蔵関","たけくらせき","Takekuraseki","","line-22007"
"station-mlit-003423","타나시","田無","たなし","Tanashi","","line-22007"
"station-mlit-003427","카미샤쿠지이","上石神井","かみしゃくじい","Kamishakujii","","line-22007"
"station-mlit-003430","하나코가네이","花小金井","はなこがねい","Hanakoganei","","line-22007"
"station-mlit-003437","카미이구사","上井草","かみいぐさ","Kamiigusa","","line-22007"
"station-mlit-003440","이오기","井荻","いおぎ","Iogi","","line-22007"
"station-mlit-003444","시모이구사","下井草","しもいぐさ","Shimoigusa","","line-22007"
"station-mlit-003451","사기노미야","鷺ノ宮","さぎのみや","Saginomiya","","line-22007"
"station-mlit-003453","토리츠카세이","都立家政","とりつかせい","Toritsukasei","","line-22007"
"station-mlit-003473","노가타","野方","のがた","Nogata","","line-22007"
"station-mlit-003475","누마부쿠로","沼袋","ぬまぶくろ","Numabukuro","","line-22007"
"station-mlit-003489","아라이야쿠시마에","新井薬師前","あらいやくしまえ","Araiyakushimae","","line-22007"
"station-mlit-003491","시모오치아이","下落合","しもおちあい","Shimoochiai","","line-22007"
"station-mlit-003495","나카이","中井","なかい","Nakai","","line-22007"
"station-mlit-003648","세이부신주쿠","西武新宿","せいぶしんじゅく","Seibushinjuku","","line-22007"
"station-mlit-003312","하기야마","萩山","はぎやま","Hagiyama","","line-22008"
"station-mlit-003333","오가와","小川","おがわ","Ogawa","","line-22008"
"station-mlit-003365","히가시야마토시","東大和市","ひがしやまとし","Higashiyamatoshi","","line-22008"
"station-mlit-003371","타마가와조스이","玉川上水","たまがわじょうすい","TamagawajōSui","","line-22008"
"station-mlit-003404","무사시스나가와","武蔵砂川","むさしすながわ","Musashisunagawa","","line-22008"
"station-mlit-003428","세이부타치카와","西武立川","せいぶたちかわ","Seibutachikawa","","line-22008"
"station-mlit-003197","세이부엔","西武園","せいぶえん","Seibuen","","line-22009"
"station-mlit-003450","타카노다이","鷹の台","たかのだい","Takanodai","","line-22010"
"station-mlit-003520","코이가쿠보","恋ヶ窪","こいがくぼ","Koigakubo","","line-22010"
"station-mlit-003231","무사시야마토","武蔵大和","むさしやまと","Musashiyamato","","line-22011"
"station-mlit-003287","야사카","八坂","やさか","Yasaka","","line-22011"
"station-mlit-003382","오메카이도","青梅街道","おうめかいどう","Oumekaidō","","line-22011"
"station-mlit-003455","히토츠바시가쿠엔","一橋学園","ひとつばしがくえん","Hitotsubashigakuen","","line-22011"
"station-mlit-003653","신코가네이","新小金井","しんこがねい","Shinkoganei","","line-22012"
"station-mlit-003790","타마","多磨","たま","Tama","","line-22012"
"station-mlit-003873","시라이토다이","白糸台","しらいとだい","Shiraitodai","","line-22012"
"station-mlit-003943","쿄테이조마에","競艇場前","きょうていじょうまえ","KyōTeijōMae","","line-22012"
"station-mlit-003944","코레마사","是政","これまさ","Koremasa","","line-22012"
"station-2300141","히가시나리타","東成田","ひがしなりた","Higashinarita","","line-23001"
"station-mlit-003166","케이세이나리타","京成成田","けいせいなりた","Keiseinarita","","line-23001"
"station-mlit-003219","코즈노모리","公津の杜","こうづのもり","KōZunomori","","line-23001"
"station-mlit-003240","소고산도","宗吾参道","そうごさんどう","SōGosandō","","line-23001"
"station-mlit-003248","케이세이타카사고","京成高砂","けいせいたかさご","Keiseitakasago","","line-23001"
"station-mlit-003273","호리키리쇼부엔","堀切菖蒲園","ほりきりしょうぶえん","HorikirishōBuen","","line-23001"
"station-mlit-003274","오하나자야","お花茶屋","おはなぢゃや","Ohanajaya","","line-23001"
"station-mlit-003280","아오토","青砥","あおと","Aoto","","line-23001"
"station-mlit-003290","게이세이세키야","京成関屋","けいせいせきや","Keisei-sekiya","","line-23001"
"station-mlit-003301","센주오하시","千住大橋","せんじゅおおはし","Senju-ohashi","","line-23001"
"station-mlit-003302","마치야","町屋","まちや","Machiya","","line-23001"
"station-mlit-003303","케이세이코이와","京成小岩","けいせいこいわ","Keiseikoiwa","","line-23001"
"station-mlit-003331","에도가와","江戸川","えどがわ","Edogawa","","line-23001"
"station-mlit-003339","신미카와시마","新三河島","しんみかわしま","Shin-mikawashima","","line-23001"
"station-mlit-003342","케이세이시스이","京成酒々井","けいせいしすい","Keiseishisui","","line-23001"
"station-mlit-003346","코노다이","国府台","こうのだい","KōNodai","","line-23001"
"station-mlit-003380","이치카와마마","市川真間","いちかわまま","Ichikawamama","","line-23001"
"station-mlit-003392","케이세이우스이","京成臼井","けいせいうすい","Keiseiusui","","line-23001"
"station-mlit-003394","오자쿠라","大佐倉","おおざくら","ōZakura","","line-23001"
"station-mlit-003412","칸노","菅野","かんの","Kanno","","line-23001"
"station-mlit-003438","케이세이사쿠라","京成佐倉","けいせいさくら","Keiseisakura","","line-23001"
"station-mlit-003445","케이세이야와타","京成八幡","けいせいやわた","Keiseiyawata","","line-23001"
"station-mlit-003452","유카리가오카","ユーカリが丘","ゆーかりがおか","YūKarigaoka","","line-23001"
"station-mlit-003472","오니고에","鬼越","おにごえ","Onigoe","","line-23001"
"station-mlit-003482","시즈","志津","しづ","Shizu","","line-23001"
"station-mlit-003485","케이세이츄잔","京成中山","けいせいちゅうざん","KeiseichūZan","","line-23001"
"station-mlit-003492","카츠타다이","勝田台","かつただい","Katsutadai","","line-23001"
"station-mlit-003496","히가시나카야마","東中山","ひがしなかやま","Higashinakayama","","line-23001"
"station-mlit-003511","케이세이오와다","京成大和田","けいせいおわだ","Keiseiowada","","line-23001"
"station-mlit-003516","케이세이니시후나","京成西船","けいせいにしふな","Keiseinishifuna","","line-23001"
"station-mlit-003521","게이세이우에노","京成上野","けいせいうえの","Keisei-ueno","","line-23001"
"station-mlit-003567","와타츠미","海神","わたつみ","Watatsumi","","line-23001"
"station-mlit-003597","야치요다이","八千代台","やちよだい","Yachiyodai","","line-23001"
"station-mlit-003609","케이세이후나바시","京成船橋","けいせいふなばし","Keiseifunabashi","","line-23001"
"station-mlit-003664","다이진구시타","大神宮下","だいじんぐうした","DaijingūShita","","line-23001"
"station-mlit-003699","후나바시케이바조","船橋競馬場","ふなばしけいばじょう","Funabashikeibajō","","line-23001"
"station-mlit-003718","미모미","実籾","みもみ","Mimomi","","line-23001"
"station-mlit-003725","케이세이오쿠보","京成大久保","けいせいおおくぼ","KeiseiōKubo","","line-23001"
"station-mlit-003731","타니츠","谷津","たにつ","Tanitsu","","line-23001"
"station-mlit-003747","케이세이츠다누마","京成津田沼","けいせいつだぬま","Keiseitsudanuma","","line-23001"
"station-2300110","케이세이타카사고","京成高砂","けいせいたかさご","Keiseitakasago","","line-23002"
"station-mlit-003323","케이세이타테이시","京成立石","けいせいたていし","Keiseitateishi","","line-23002"
"station-mlit-003376","요츠기","四ツ木","よつぎ","Yotsugi","","line-23002"
"station-mlit-003422","야히로","八広","やひろ","Yahiro","","line-23002"
"station-mlit-003477","케이세이히키후네","京成曳舟","けいせい曳ふね","Keisei曳Fune","","line-23002"
"station-mlit-003195","케이세이카나마치","京成金町","けいせいかなまち","Keiseikanamachi","","line-23003"
"station-mlit-003232","시바마타","柴又","しばまた","Shibamata","","line-23003"
"station-1131334","케이세이마쿠하리혼고","京成幕張本郷","けいせいまくはりほんごう","Keiseimakuharihongō","","line-23004"
"station-1131335","케이세이마쿠하리","京成幕張","けいせいまくはり","Keiseimakuhari","","line-23004"
"station-2300126","케이세이츠다누마","京成津田沼","けいせいつだぬま","Keiseitsudanuma","","line-23004"
"station-2300404","케미가와","検見川","けみがわ","Kemigawa","","line-23004"
"station-2300405","케이세이이나게","京成稲毛","けいせいいなげ","Keiseiinage","","line-23004"
"station-2300406","미도리다이","みどり台","みどりだい","Midoridai","","line-23004"
"station-2300407","니시노부토","西登戸","にしのぶと","Nishinobuto","","line-23004"
"station-2300408","신치바","新千葉","しんちば","Shinchiba","","line-23004"
"station-2300410","치바츄오","千葉中央","ちばちゅうおう","Chibachūō","","line-23004"
"station-2300502","치바데라","千葉寺","ちばでら","Chibadera","","line-23005"
"station-2300503","오모리다이","大森台","おおもりだい","ōMoridai","","line-23005"
"station-2300504","가쿠엔마에","学園前","がくえんまえ","Gakuemmae","","line-23005"
"station-2300505","오유미노","おゆみ野","おゆみの","Oyumino","","line-23005"
"station-2300506","치하라다이","ちはら台","ちはらだい","Chiharadai","","line-23005"
"station-mlit-003090","치바뉴타운츄오","千葉ニュータウン中央","ちばにゅーたうんちゅうおう","ChibanyūTaunchūō","","line-23006"
"station-mlit-003093","나리타유노카와","成田湯川","なりたゆのかわ","Naritayunokawa","","line-23006"
"station-mlit-003125","인바닛폰이다이","印旛日本医大","いんばにっぽんいだい","Imbanipponidai","","line-23006"
"station-mlit-003146","신카마가야","新鎌ヶ谷","しんかまがや","Shinkamagaya","","line-23006"
"station-2400104","사사즈카","笹塚","ささづか","Sasazuka","","line-24001"
"station-mlit-003821","후츄","府中","ふちゅう","Fuchū","","line-24001"
"station-mlit-003830","다이타바시","代田橋","だいたばし","Daitabashi","","line-24001"
"station-mlit-003832","아시하나코엔","芦花公園","あしはなこうえん","AshihanakōEn","","line-24001"
"station-mlit-003836","하치만야마","八幡山","はちまんやま","Hachiman'Yama","","line-24001"
"station-mlit-003846","메이다이마에","明大前","めいだいまえ","Meidaimae","","line-24001"
"station-mlit-003849","카미키타자와","上北沢","かみきたざわ","Kami-kitazawa","","line-24001"
"station-mlit-003850","히가시후츄","東府中","ひがしふちゅう","Higashifuchū","","line-24001"
"station-mlit-003861","치토세우잔","千歳烏山","ちとせうざん","Chitoseuzan","","line-24001"
"station-mlit-003862","사쿠라조스이","桜上水","さくらじょうすい","Sakurajosui","","line-24001"
"station-mlit-003871","타마레이엔","多磨霊園","たまれいえん","Tamareien","","line-24001"
"station-mlit-003874","시모타카이도","下高井戸","しもたかいど","Shimo-takaido","","line-24001"
"station-mlit-003891","무사시노다이","武蔵野台","むさしのだい","Musashinodai","","line-24001"
"station-mlit-003903","센가와","仙川","せんがわ","Sengawa","","line-24001"
"station-mlit-003904","타카하타후도","高幡不動","たかはたふどう","Takahatafudō","","line-24001"
"station-mlit-003916","토비타큐","飛田給","とびたきゅう","Tobitakyū","","line-24001"
"station-mlit-003920","나카가와라","中河原","なかがわら","Nakagawara","","line-24001"
"station-mlit-003933","츠츠지가오카","つつじヶ丘","つつじゖおか","Tsutsujikeoka","","line-24001"
"station-mlit-003934","케이오하치오지","京王八王子","けいおうはちおうじ","KeiōHachiōJi","","line-24001"
"station-mlit-003936","모구사엔","百草園","もぐさえん","Mogusaen","","line-24001"
"station-mlit-003937","니시초후","西調布","にしちょうふ","NishichōFu","","line-24001"
"station-mlit-003952","미나미다이라","南平","みなみだいら","Minamidaira","","line-24001"
"station-mlit-003959","시바자키","柴崎","しばざき","Shibazaki","","line-24001"
"station-mlit-003966","초후","調布","ちょうふ","ChōFu","","line-24001"
"station-mlit-003971","세이세키사쿠라가오카","聖蹟桜ヶ丘","せいせきさくらがおか","Seisekisakuragaoka","","line-24001"
"station-mlit-003973","코쿠료","国領","こくりょう","Kokuryō","","line-24001"
"station-mlit-003975","누노타","布田","ぬのた","Nunota","","line-24001"
"station-mlit-003990","히라야마조시코엔","平山城址公園","ひらやまじょうしこうえん","HirayamajōShikōEn","","line-24001"
"station-mlit-004007","키타노","北野","きたの","Kitano","","line-24001"
"station-mlit-004027","나가누마","長沼","ながぬま","Naganuma","","line-24001"
"station-mlit-004013","케이오타마가와","京王多摩川","けいおうたまがわ","KeiōTamagawa","","line-24002"
"station-mlit-004056","이나기","稲城","いなぎ","Inagi","","line-24002"
"station-mlit-004066","케이오이나다즈츠미","京王稲田堤","けいおういなだづつみ","KeiōInadazutsumi","","line-24002"
"station-mlit-004070","케이오요미우리란도","京王よみうりランド","けいおうよみうりらんど","KeiōYomiurirando","","line-24002"
"station-mlit-004086","케이오나가야마","京王永山","けいおうながやま","KeiōNagayama","","line-24002"
"station-mlit-004116","케이오타마센터","京王多摩センター","けいおうたませんたー","KeiōTamasentā","","line-24002"
"station-mlit-004120","케이오호리노치","京王堀之内","けいおうほりのうち","KeiōHorinouchi","","line-24002"
"station-mlit-004139","와카바다이","若葉台","わかばだい","Wakabadai","","line-24002"
"station-mlit-004163","미나미오사와","南大沢","みなみおおさわ","MinamiōSawa","","line-24002"
"station-mlit-004234","타마사카이","多摩境","たまさかい","Tamasakai","","line-24002"
"station-mlit-004009","케이오카타쿠라","京王片倉","けいおうかたくら","KeiōKatakura","","line-24003"
"station-mlit-004010","야마다","山田","やまだ","Yamada","","line-24003"
"station-mlit-004019","메지로다이","めじろ台","めじろだい","Mejirodai","","line-24003"
"station-mlit-004035","하자마","狭間","はざま","Hazama","","line-24003"
"station-mlit-004075","타카오산구치","高尾山口","たかおさんぐち","Takaosanguchi","","line-24003"
"station-mlit-003856","후츄케이바세이몬마에","府中競馬正門前","ふちゅうけいばせいもんまえ","FuchūKeibaseimonmae","","line-24004"
"station-mlit-003977","타마도부츠코엔","多摩動物公園","たまどうぶつこうえん","TamadōButsukōEn","","line-24005"
"station-mlit-003642","이노카시라코엔","井の頭公園","いのかしらこうえん","InokashirakōEn","","line-24006"
"station-mlit-003674","미타카다이","三鷹台","みたかだい","Mitakadai","","line-24006"
"station-mlit-003710","쿠가야마","久我山","くがやま","Kugayama","","line-24006"
"station-mlit-003736","후지미가오카","富士見ヶ丘","ふじみがおか","Fujimigaoka","","line-24006"
"station-mlit-003752","타카이도","高井戸","たかいど","Takaido","","line-24006"
"station-mlit-003763","하마다야마","浜田山","はまだやま","Hamadayama","","line-24006"
"station-mlit-003777","니시에이후쿠","西永福","にしえいふく","Nishieifuku","","line-24006"
"station-mlit-003794","에이후쿠마치","永福町","えいふくまち","Eifukumachi","","line-24006"
"station-mlit-003899","히가시마츠바라","東松原","ひがしまつばら","Higashimatsubara","","line-24006"
"station-mlit-003901","신시로타","新代田","しんしろた","Shinshirota","","line-24006"
"station-mlit-003908","시모키타자와","下北沢","しもきたざわ","Shimo-kitazawa","","line-24006"
"station-mlit-003914","이케노에","池ノ上","いけのうえ","Ikenoue","","line-24006"
"station-mlit-003929","코마바토다이마에","駒場東大前","こまばとうだいまえ","KomabatōDaimae","","line-24006"
"station-mlit-003938","신선","神泉","しんせん","Shinsen","","line-24006"
"station-mlit-003764","하츠다이","初台","はつだい","Hatsudai","","line-24007"
"station-mlit-003791","하타가타니","幡ヶ谷","はたゖたに","Hataketani","","line-24007"
"station-mlit-003750","미나미신주쿠","南新宿","みなみしんじゅく","Minami-shinjuku","","line-25001"
"station-mlit-003778","산구바시","参宮橋","さんぐうばし","Sangubashi","","line-25001"
"station-mlit-003837","요요기하치만","代々木八幡","よよぎはちまん","Yoyogi-hachiman","","line-25001"
"station-mlit-003847","요요기우에하라","代々木上原","よよぎうえはら","Yoyogi-uehara","","line-25001"
"station-mlit-003880","히가시키타자와","東北沢","ひがしきたざわ","Higashi-kitazawa","","line-25001"
"station-mlit-003931","세타가야다이다","世田谷代田","せたがやだいだ","Setagayadaida","","line-25001"
"station-mlit-003945","우메가오카","梅ヶ丘","うめゖおか","Umekeoka","","line-25001"
"station-mlit-003960","고토쿠지","豪徳寺","ごうとくじ","GōTokuji","","line-25001"
"station-mlit-003970","쿄도","経堂","きょうどう","KyōDō","","line-25001"
"station-mlit-003988","치토세후나바시","千歳船橋","ちとせふなばし","Chitosefunabashi","","line-25001"
"station-mlit-004024","소시가타니오쿠라","祖師ヶ谷大蔵","そしゖたにおおくら","SoshiketaniōKura","","line-25001"
"station-mlit-004036","세이죠가쿠엔마에","成城学園前","せいじょうがくえんまえ","SeijōGakuenmae","","line-25001"
"station-mlit-004053","키타미","喜多見","きたみ","Kitami","","line-25001"
"station-mlit-004076","코마에","狛江","こまえ","Komae","","line-25001"
"station-mlit-004105","이즈미타마가와","和泉多摩川","いずみたまがわ","Izumitamagawa","","line-25001"
"station-mlit-004150","무코가오카유엔","向ヶ丘遊園","むこうがおかゆうえん","MukōGaokayūEn","","line-25001"
"station-mlit-004159","이쿠타","生田","いくた","Ikuta","","line-25001"
"station-mlit-004160","요미우리란도마에","読売ランド前","よみうりらんどまえ","Yomiurirandomae","","line-25001"
"station-mlit-004185","햐쿠고가오카","百合ヶ丘","ひゃくごうゖおか","HyakugōKeoka","","line-25001"
"station-mlit-004227","신햐쿠고가오카","新百合ヶ丘","しんひゃくごうゖおか","ShinhyakugōKeoka","","line-25001"
"station-mlit-004263","카키오","柿生","かきお","Kakio","","line-25001"
"station-mlit-004278","츠루카와","鶴川","つるかわ","Tsurukawa","","line-25001"
"station-mlit-004324","타마가와가쿠엔마에","玉川学園前","たまがわがくえんまえ","Tamagawagakuenmae","","line-25001"
"station-mlit-004426","사가미오노","相模大野","さがみおおの","SagamiōNo","","line-25001"
"station-mlit-004470","오다큐사가미하라","小田急相模原","おだきゅうさがみはら","OdakyūSagamihara","","line-25001"
"station-mlit-004525","소부다이마에","相武台前","そうぶだいまえ","SōBudaimae","","line-25001"
"station-mlit-004584","자마","座間","ざま","Zama","","line-25001"
"station-mlit-004715","혼아츠기","本厚木","ほんあつぎ","Hon'Atsugi","","line-25001"
"station-mlit-004771","아이코이시다","愛甲石田","あいこういしだ","AikōIshida","","line-25001"
"station-mlit-004844","이세하라","伊勢原","いせはら","Isehara","","line-25001"
"station-mlit-004885","츠루마키온선","鶴巻温泉","つるまきおんせん","Tsurumakionsen","","line-25001"
"station-mlit-004906","시부사와","渋沢","しぶさわ","Shibusawa","","line-25001"
"station-mlit-004909","토카이다이가쿠마에","東海大学前","とうかいだいがくまえ","TōKaidaigakumae","","line-25001"
"station-mlit-004913","하타노","秦野","はたの","Hatano","","line-25001"
"station-mlit-004981","신마츠다","新松田","しんまつだ","Shinmatsuda","","line-25001"
"station-mlit-005037","카이세이","開成","かいせい","Kaisei","","line-25001"
"station-mlit-005088","카야마","栢山","かやま","Kayama","","line-25001"
"station-mlit-005123","토미스이","富水","とみすい","Tomisui","","line-25001"
"station-mlit-005146","호타루타","螢田","ほたるた","Hotaruta","","line-25001"
"station-mlit-005178","아시가라","足柄","あしがら","Ashigara","","line-25001"
"station-mlit-004457","히가시린칸","東林間","ひがしりんかん","Higashirinkan","","line-25002"
"station-mlit-004498","츄오린칸","中央林間","ちゅうおうりんかん","ChūōRinkan","","line-25002"
"station-mlit-004537","미나미린칸","南林間","みなみりんかん","Minamirinkan","","line-25002"
"station-mlit-004549","츠루마","鶴間","つるま","Tsuruma","","line-25002"
"station-mlit-004617","야마토","大和","やまと","Yamato","","line-25002"
"station-mlit-004676","사쿠라가오카","桜ヶ丘","さくらがおか","Sakuragaoka","","line-25002"
"station-mlit-004729","코자시부야","高座渋谷","こうざしぶや","KōZashibuya","","line-25002"
"station-mlit-004782","초고","長後","ちょうご","ChōGo","","line-25002"
"station-mlit-004842","쇼난다이","湘南台","しょうなんだい","ShōNandai","","line-25002"
"station-mlit-004878","로쿠카이니치다이마에","六会日大前","ろくかいにちだいまえ","Rokukainichidaimae","","line-25002"
"station-mlit-004937","젠코","善行","ぜんこう","Zenkō","","line-25002"
"station-mlit-004973","후지사와혼마치","藤沢本町","ふじさわほんまち","Fujisawahommachi","","line-25002"
"station-mlit-005022","혼쿠게누마","本鵠沼","ほんくげぬま","Honkugenuma","","line-25002"
"station-mlit-005049","쿠게누마카이간","鵠沼海岸","くげぬまかいがん","Kugenumakaigan","","line-25002"
"station-mlit-005090","카타세에노시마","片瀬江ノ島","かたせえのしま","Kataseenoshima","","line-25002"
"station-mlit-004090","오다큐나가야마","小田急永山","おだきゅうながやま","OdakyūNagayama","","line-25003"
"station-mlit-004118","오다큐타마센터","小田急多摩センター","おだきゅうたませんたー","OdakyūTamasentā","","line-25003"
"station-mlit-004141","하루히노","はるひ野","はるひの","Haruhino","","line-25003"
"station-mlit-004154","카라키다","唐木田","からきだ","Karakida","","line-25003"
"station-mlit-004168","쿠로카와","黒川","くろかわ","Kurokawa","","line-25003"
"station-mlit-004214","쿠리히라","栗平","くりひら","Kurihira","","line-25003"
"station-mlit-004237","사츠키다이","五月台","さつきだい","Satsukidai","","line-25003"
"station-mlit-003985","다이칸야마","代官山","だいかんやま","Daikan-yama","","line-26001"
"station-mlit-004014","나카메구로","中目黒","なかめぐろ","Naka-meguro","","line-26001"
"station-mlit-004050","유텐지","祐天寺","ゆうてんじ","Yutenji","","line-26001"
"station-mlit-004094","가쿠게이다이가쿠","学芸大学","がくげいだいがく","Gakugei-daigaku","","line-26001"
"station-mlit-004143","토리츠다이가쿠","都立大学","とりつだいがく","Toritsu-daigaku","","line-26001"
"station-mlit-004196","지유가오카","自由が丘","じゆうがおか","Jiyugaoka","","line-26001"
"station-mlit-004245","덴엔초후","田園調布","でんえんちょうふ","Den-en-chofu","","line-26001"
"station-mlit-004261","타마가와","多摩川","たまがわ","Tamagawa","","line-26001"
"station-mlit-004287","신마루코","新丸子","しんまるこ","Shimmaruko","","line-26001"
"station-mlit-004322","모토스미요시","元住吉","もとすみよし","Motosumiyoshi","","line-26001"
"station-mlit-004351","히요시","日吉","ひよし","Hiyoshi","","line-26001"
"station-mlit-004406","츠나지마","綱島","つなじま","Tsunajima","","line-26001"
"station-mlit-004452","오쿠라야마","大倉山","おおくらやま","ōKurayama","","line-26001"
"station-mlit-004528","묘렌지","妙蓮寺","みょうれんじ","MyōRenji","","line-26001"
"station-mlit-004554","하쿠라쿠","白楽","はくらく","Hakuraku","","line-26001"
"station-mlit-004572","히가시바쿠로","東白楽","ひがしばくろ","Higashibakuro","","line-26001"
"station-mlit-004608","탄마치","反町","たんまち","Tammachi","","line-26001"
"station-mlit-004114","후도마에","不動前","ふどうまえ","FudōMae","","line-26002"
"station-mlit-004133","무사시코야마","武蔵小山","むさしこやま","Musashikoyama","","line-26002"
"station-mlit-004157","니시코야마","西小山","にしこやま","Nishikoyama","","line-26002"
"station-mlit-004180","센소쿠","洗足","せんそく","Sensoku","","line-26002"
"station-mlit-004200","오카야마","大岡山","おおおかやま","ōOkayama","","line-26002"
"station-mlit-004223","오쿠사와","奥沢","おくさわ","Okusawa","","line-26002"
"station-mlit-003972","이케지리오하시","池尻大橋","いけじりおおはし","Ikejiri-ohashi","","line-26003"
"station-mlit-004016","산겐자야","三軒茶屋","さんげんぢゃや","Sangen-jaya","","line-26003"
"station-mlit-004069","코마자와다이가쿠","駒沢大学","こまざわだいがく","Komazawa-daigaku","","line-26003"
"station-mlit-004078","사쿠라신마치","桜新町","さくらしんまち","Sakura-shimmachi","","line-26003"
"station-mlit-004109","요가","用賀","ようが","Yoga","","line-26003"
"station-mlit-004177","후타코타마가와","二子玉川","ふたこたまがわ","Futako-tamagawa","","line-26003"
"station-mlit-004198","니시신치","二子新地","にししんち","Nishishinchi","","line-26003"
"station-mlit-004230","타카츠","高津","たかつ","Takatsu","","line-26003"
"station-mlit-004238","미조노쿠치","溝の口","みぞのくち","Mizonokuchi","","line-26003"
"station-mlit-004257","카지가타니","梶が谷","かじがたに","Kajigatani","","line-26003"
"station-mlit-004271","미야자키다이","宮崎台","みやざきだい","Miyazakidai","","line-26003"
"station-mlit-004274","미야마에다이라","宮前平","みやまえだいら","Miyamaedaira","","line-26003"
"station-mlit-004290","사기누마","鷺沼","さぎぬま","Saginuma","","line-26003"
"station-mlit-004296","타마푸라자","たまプラーザ","たまぷらーざ","TamapurāZa","","line-26003"
"station-mlit-004314","아자미노","あざみ野","あざみの","Azamino","","line-26003"
"station-mlit-004340","에다","江田","えだ","Eda","","line-26003"
"station-mlit-004360","이치가오","市が尾","いちがお","Ichigao","","line-26003"
"station-mlit-004391","후지가오카","藤が丘","ふじがおか","Fujigaoka","","line-26003"
"station-mlit-004392","아오바다이","青葉台","あおばだい","Aobadai","","line-26003"
"station-mlit-004412","타나","田奈","たな","Tana","","line-26003"
"station-mlit-004441","츠쿠시노","つくし野","つくしの","Tsukushino","","line-26003"
"station-mlit-004466","스즈카케다이","すずかけ台","すずかけだい","Suzukakedai","","line-26003"
"station-mlit-004484","미나미마치다구란베리파쿠","南町田グランベリーパーク","みなみまちだぐらんべりーぱーく","MinamimachidaguramberīPāKu","","line-26003"
"station-mlit-004486","츠키미노","つきみ野","つきみの","Tsukimino","","line-26003"
"station-1130310","미조노쿠치","溝の口","みぞのくち","Mizonokuchi","","line-26004"
"station-2600308","니시신치","二子新地","にししんち","Nishishinchi","","line-26004"
"station-2600309","타카츠","高津","たかつ","Takatsu","","line-26004"
"station-mlit-004175","카미노게","上野毛","かみのげ","Kaminoge","","line-26004"
"station-mlit-004186","토고시코엔","戸越公園","とごしこうえん","TogoshikōEn","","line-26004"
"station-mlit-004188","시모신메이","下神明","しもしんめい","Shimoshimmei","","line-26004"
"station-mlit-004191","토도리키","等々力","とどりき","Todoriki","","line-26004"
"station-mlit-004205","오야마다이","尾山台","おやまだい","Oyamadai","","line-26004"
"station-mlit-004210","미도리가오카","緑が丘","みどりがおか","Midorigaoka","","line-26004"
"station-mlit-004212","키타센조쿠","北千束","きたせんぞく","Kitasenzoku","","line-26004"
"station-mlit-004215","나카노부","中延","なかのぶ","Nakanobu","","line-26004"
"station-mlit-004216","쿠혼부츠","九品仏","くほんぶつ","Kuhombutsu","","line-26004"
"station-mlit-004219","하타노다이","旗の台","はたのだい","Hatanodai","","line-26004"
"station-mlit-004225","에바라마치","荏原町","えばらまち","Ebaramachi","","line-26004"
"station-mlit-004127","오사키히로코지","大崎広小路","おおさきひろこうじ","ōSakihirokōJi","","line-26005"
"station-mlit-004155","토고시긴자","戸越銀座","とごしぎんざ","Togoshiginza","","line-26005"
"station-mlit-004181","에바라나카노부","荏原中延","えばらなかのぶ","Ebaranakanobu","","line-26005"
"station-mlit-004232","나가하라","長原","ながはら","Nagahara","","line-26005"
"station-mlit-004239","센소쿠치","洗足池","せんそくち","Sensokuchi","","line-26005"
"station-mlit-004247","이시카와다이","石川台","いしかわだい","Ishikawadai","","line-26005"
"station-mlit-004259","유키가야오츠카","雪が谷大塚","ゆきがやおおつか","YukigayaōTsuka","","line-26005"
"station-mlit-004273","미타케산","御嶽山","みたけさん","Mitakesan","","line-26005"
"station-mlit-004292","쿠가하라","久が原","くがはら","Kugahara","","line-26005"
"station-mlit-004305","치도리초","千鳥町","ちどりちょう","Chidorichō","","line-26005"
"station-mlit-004309","이케가미","池上","いけがみ","Ikegami","","line-26005"
"station-mlit-004323","하스누마","蓮沼","はすぬま","Hasunuma","","line-26005"
"station-mlit-004279","누마베","沼部","ぬまべ","Numabe","","line-26006"
"station-mlit-004299","우노키","鵜の木","うのき","Unoki","","line-26006"
"station-mlit-004310","시모마루코","下丸子","しもまるこ","Shimomaruko","","line-26006"
"station-mlit-004317","무사시신덴","武蔵新田","むさししんでん","Musashishinden","","line-26006"
"station-mlit-004329","야구치와타루","矢口渡","やぐちわたる","Yaguchiwataru","","line-26006"
"station-mlit-003915","마츠바라","松原","まつばら","Matsubara","","line-26007"
"station-mlit-003957","야마시타","山下","やました","Yamashita","","line-26007"
"station-mlit-003989","미야노사카","宮の坂","みやのさか","Miyanosaka","","line-26007"
"station-mlit-003996","와카바야시","若林","わかばやし","Wakabayashi","","line-26007"
"station-mlit-004006","니시타이시도","西太子堂","にしたいしどう","Nishitaishidō","","line-26007"
"station-mlit-004017","쇼인진샤마에","松陰神社前","しょういんじんしゃまえ","ShōInjinshamae","","line-26007"
"station-mlit-004020","우에마치","上町","うえまち","Uemachi","","line-26007"
"station-mlit-004021","세타가야","世田谷","せたがや","Setagaya","","line-26007"
"station-1130609","나가츠타","長津田","ながつた","Nagatsuta","","line-26008"
"station-2600802","온다","恩田","おんだ","Onda","","line-26008"
"station-2600803","코도모노쿠니","こどもの国","こどものくに","Kodomonokuni","","line-26008"
"station-tokyu-shin-tsunashima","신츠나시마","新綱島","しんつなしま","Shin-tsunashima","","line-26009"
"station-mlit-004042","센가쿠지","泉岳寺","せんがくじ","Sengakuji","","line-27001"
"station-mlit-004125","키타시나가와","北品川","きたしながわ","Kita-shinagawa","","line-27001"
"station-mlit-004153","신반바","新馬場","しんばんば","Shimbamba","","line-27001"
"station-mlit-004184","아오모노요코초","青物横丁","あおものよこちょう","Aomono-yokocho","","line-27001"
"station-mlit-004220","사메즈","鮫洲","さめず","Samezu","","line-27001"
"station-mlit-004244","타치아이가와","立会川","たちあいがわ","Tachiaigawa","","line-27001"
"station-mlit-004268","오모리카이간","大森海岸","おおもりかいがん","ōMorikaigan","","line-27001"
"station-mlit-004294","헤이와토","平和島","へいわとう","Heiwatō","","line-27001"
"station-mlit-004307","오모리마치","大森町","おおもりまち","ōMorimachi","","line-27001"
"station-mlit-004319","우메야시키","梅屋敷","うめやしき","Umeyashiki","","line-27001"
"station-mlit-004331","케이큐카마타","京急蒲田","きょうきゅうかまた","KyōKyūKamata","","line-27001"
"station-mlit-004367","잣쇼쿠","雑色","ざっしょく","Zasshoku","","line-27001"
"station-mlit-004399","로쿠고도테","六郷土手","ろくごうどて","RokugōDote","","line-27001"
"station-mlit-004424","케이큐카와사키","京急川崎","けいきゅうかわさき","KeikyūKawasaki","","line-27001"
"station-mlit-004465","츠루미이치바","鶴見市場","つるみいちば","Tsurumiichiba","","line-27001"
"station-mlit-004506","케이큐츠루미","京急鶴見","けいきゅうつるみ","KeikyūTsurumi","","line-27001"
"station-mlit-004520","카게츠소지지","花月総持寺","かげつそうじじ","KagetsusōJiji","","line-27001"
"station-mlit-004538","나마무기","生麦","なまむぎ","Namamugi","","line-27001"
"station-mlit-004560","케이큐신코야스","京急新子安","けいきゅうしんこやす","KeikyūShinkoyasu","","line-27001"
"station-mlit-004569","코야스","子安","こやす","Koyasu","","line-27001"
"station-mlit-004579","카나가와신마치","神奈川新町","かながわしんまち","Kanagawashimmachi","","line-27001"
"station-mlit-004598","쿄큐히가시카나가와","京急東神奈川","きょうきゅうひがしかながわ","KyōKyūHigashikanagawa","","line-27001"
"station-mlit-004612","카나가와","神奈川","かながわ","Kanagawa","","line-27001"
"station-mlit-004660","토베","戸部","とべ","Tobe","","line-27001"
"station-mlit-004696","히노데마치","日ノ出町","ひのでまち","Hinodemachi","","line-27001"
"station-mlit-004712","코가네초","黄金町","こがねちょう","Koganechō","","line-27001"
"station-mlit-004719","미나미오타","南太田","みなみおおた","MinamiōTa","","line-27001"
"station-mlit-004724","이도가타니","井土ヶ谷","いどゖたに","Idoketani","","line-27001"
"station-mlit-004756","구묘지","弘明寺","ぐみょうじ","GumyōJi","","line-27001"
"station-mlit-004790","카미오카","上大岡","かみおおおか","KamiōOka","","line-27001"
"station-mlit-004852","뵤부가우라","屏風浦","びょうぶうら","ByōBuura","","line-27001"
"station-mlit-004877","스기타","杉田","すぎた","Sugita","","line-27001"
"station-mlit-004927","케이큐토미오카","京急富岡","けいきゅうとみおか","KeikyūTomioka","","line-27001"
"station-mlit-004944","노켄다이","能見台","のうけんだい","NōKendai","","line-27001"
"station-mlit-004986","카나자와분코","金沢文庫","かなざわぶんこ","Kanazawabunko","","line-27001"
"station-mlit-005020","카나자와핫케이","金沢八景","かなざわはっけい","Kanazawahakkei","","line-27001"
"station-mlit-005066","옷파마","追浜","おっぱま","Oppama","","line-27001"
"station-mlit-005113","쿄큐타노라","京急田浦","きょうきゅうたのうら","KyōKyūTanoura","","line-27001"
"station-mlit-005144","안진즈카","安針塚","あんじんづか","Anjinzuka","","line-27001"
"station-mlit-005159","이츠미","逸見","いつみ","Itsumi","","line-27001"
"station-mlit-005161","시오이리","汐入","しおいり","Shioiri","","line-27001"
"station-mlit-005163","요코스카츄오","横須賀中央","よこすかちゅうおう","Yokosukachūō","","line-27001"
"station-mlit-005181","켄리츠다이가쿠","県立大学","けんりつだいがく","Kenritsudaigaku","","line-27001"
"station-mlit-005199","호리노치","堀ノ内","ほりのうち","Horinouchi","","line-27001"
"station-mlit-005202","케이큐오츠","京急大津","けいきゅうおおつ","KeikyūōTsu","","line-27001"
"station-mlit-005206","마보리카이간","馬堀海岸","まぼりかいがん","Maborikaigan","","line-27001"
"station-mlit-005227","우라가","浦賀","うらが","Uraga","","line-27001"
"station-mlit-004349","코지야","糀谷","こうじや","KōJiya","","line-27002"
"station-mlit-004356","오토리이","大鳥居","おおとりい","ōTorii","","line-27002"
"station-mlit-004364","아나모리이나리","穴守稲荷","あなもりいなり","Anamoriinari","","line-27002"
"station-mlit-004368","하네다 공항 제1·제2터미널","羽田空港第1・第2ターミナル","はねだくうこうだい1・だい2たーみなる","HanedakūKōDai1･Dai2tāMinaru","","line-27002"
"station-mlit-004373","텐쿠바시","天空橋","てんくうきょう","TenkūKyō","","line-27002"
"station-mlit-004382","하네다 공항 제3터미널","羽田空港第3ターミナル","はねだくうこうだい3たーみなる","HanedakūKōDai3tāMinaru","","line-27002"
"station-2700115","케이큐카와사키","京急川崎","けいきゅうかわさき","KeikyūKawasaki","","line-27003"
"station-2700302","미나토초","港町","みなとちょう","Minatochō","","line-27003"
"station-2700303","스즈키초","鈴木町","すずきちょう","Suzukichō","","line-27003"
"station-2700304","카와사키다이시","川崎大師","かわさきだいし","Kawasakidaishi","","line-27003"
"station-2700305","히가시몬젠","東門前","ひがしもんぜん","Higashimonzen","","line-27003"
"station-2700306","다이시쿄","大師橋","だいしきょう","Daishikyō","","line-27003"
"station-2700307","코지마닛타","小島新田","こじまにった","Kojimanitta","","line-27003"
"station-2700139","카나자와핫케이","金沢八景","かなざわはっけい","Kanazawahakkei","","line-27004"
"station-2700402","무츠우라","六浦","むつうら","Mutsuura","","line-27004"
"station-2700403","진무테라","神武寺","じんむてら","Jimmutera","","line-27004"
"station-2700404","즈시·하야마","逗子・葉山","ずし・はやま","Zushi･Hayama","","line-27004"
"station-1130818","쿄큐쿠리하마","京急久里浜","きょうきゅうくりはま","KyōKyūKurihama","","line-27005"
"station-2700147","호리노치","堀ノ内","ほりのうち","Horinouchi","","line-27005"
"station-2700502","신오츠","新大津","しんおおつ","Shin'ōTsu","","line-27005"
"station-2700503","키타쿠리하마","北久里浜","きたくりはま","Kitakurihama","","line-27005"
"station-2700505","ｙｒｐ노비","ＹＲＰ野比","ｙｒｐのび","ＹＲＰNobi","","line-27005"
"station-2700506","케이큐나가사와","京急長沢","けいきゅうながさわ","KeikyūNagasawa","","line-27005"
"station-2700507","츠쿠이하마","津久井浜","つくいはま","Tsukuihama","","line-27005"
"station-2700508","미우라카이간","三浦海岸","みうらかいがん","Miurakaigan","","line-27005"
"station-2700509","미사키구치","三崎口","みさきぐち","Misakiguchi","","line-27005"
"station-mlit-003519","이나리마치","稲荷町","いなりまち","Inarimachi","","line-28001"
"station-mlit-003530","타하라마치","田原町","たはらまち","Taharamachi","","line-28001"
"station-mlit-003545","우에노히로코지","上野広小路","うえのひろこうじ","UenohirokōJi","","line-28001"
"station-mlit-003586","스에히로마치","末広町","すえひろまち","Suehiromachi","","line-28001"
"station-mlit-003716","미츠코시마에","三越前","みつこしまえ","Mitsukoshimae","","line-28001"
"station-mlit-003756","니혼바시","日本橋","にほんばし","Nihombashi","","line-28001"
"station-mlit-003788","아카사카미츠케","赤坂見附","あかさかみつけ","Akasaka-mitsuke","","line-28001"
"station-mlit-003792","교바시","京橋","きょうばし","Kyobashi","","line-28001"
"station-mlit-003810","타메이케산노","溜池山王","ためいけさんのう","Tameike-sanno","","line-28001"
"station-mlit-003812","아오야마잇초메","青山一丁目","あおやまいっちょうめ","Aoyama-itchome","","line-28001"
"station-mlit-003823","긴자","銀座","ぎんざ","Ginza","","line-28001"
"station-mlit-003834","가이엔마에","外苑前","がいえんまえ","Gaiemmae","","line-28001"
"station-mlit-003835","토라노몬","虎ノ門","とらのもん","Toranomon","","line-28001"
"station-mlit-003883","오모테산도","表参道","おもてさんどう","Omote-sando","","line-28001"
"station-2800211","카스미가세키","霞ケ関","かすみがせき","Kasumigaseki","","line-28002"
"station-2800224","미나미아사가야","南阿佐ケ谷","みなみあさがや","Minamiasagaya","","line-28002"
"station-mlit-003431","신오츠카","新大塚","しんおおつか","Shin'ōTsuka","","line-28002"
"station-mlit-003484","묘가타니","茗荷谷","みょうがたに","MyōGatani","","line-28002"
"station-mlit-003542","코라쿠엔","後楽園","こうらくえん","KōRakuen","","line-28002"
"station-mlit-003546","혼고산초메","本郷三丁目","ほんごうさんちょうめ","Hongo-sanchome","","line-28002"
"station-mlit-003628","히가시코엔지","東高円寺","ひがしこうえんじ","HigashikōEnji","","line-28002"
"station-mlit-003632","신코엔지","新高円寺","しんこうえんじ","ShinkōEnji","","line-28002"
"station-mlit-003638","신나카노","新中野","しんなかの","Shinnakano","","line-28002"
"station-mlit-003643","나카노사카우에","中野坂上","なかのさかうえ","Nakanosakaue","","line-28002"
"station-mlit-003661","아와지마치","淡路町","あわじまち","Awajimachi","","line-28002"
"station-mlit-003662","니시신주쿠","西新宿","にししんじゅく","Nishishinjuku","","line-28002"
"station-mlit-003689","신주쿠산초메","新宿三丁目","しんじゅくさんちょうめ","Shinjuku-sanchome","","line-28002"
"station-mlit-003707","신주쿠교엔마에","新宿御苑前","しんじゅくぎょえんまえ","Shinjuku-gyoemmae","","line-28002"
"station-mlit-003713","요츠야산초메","四谷三丁目","よつやさんちょうめ","Yotsuya-sanchome","","line-28002"
"station-mlit-003719","오테마치","大手町","おおてまち","Otemachi","","line-28002"
"station-mlit-003799","콧카이기지도마에","国会議事堂前","こっかいぎじどうまえ","Kokkai-gijidomae","","line-28002"
"station-2800226","나카노신바시","中野新橋","なかのしんばし","Nakanoshimbashi","","line-28002-honancho-branch"
"station-2800227","나카노후지미초","中野富士見町","なかのふじみちょう","Nakanofujimichō","","line-28002-honancho-branch"
"station-2800228","호난초","方南町","ほうなんちょう","HōNanchō","","line-28002-honancho-branch"
"station-mlit-003399","미노와","三ノ輪","みのわ","Minowa","","line-28003"
"station-mlit-003469","이리야","入谷","いりや","Iriya","","line-28003"
"station-mlit-003560","나카오카치마치","仲御徒町","なかおかちまち","Nakaokachimachi","","line-28003"
"station-mlit-003692","코덴마마치","小伝馬町","こでんままち","Kodemmamachi","","line-28003"
"station-mlit-003721","닌교마치","人形町","にんぎょうまち","NingyōMachi","","line-28003"
"station-mlit-003773","카야바마치","茅場町","かやばまち","Kayabamachi","","line-28003"
"station-mlit-003802","히비야","日比谷","ひびや","Hibiya","","line-28003"
"station-mlit-003838","히가시긴자","東銀座","ひがしぎんざ","Higashiginza","","line-28003"
"station-mlit-003860","츠키지","築地","つきじ","Tsukiji","","line-28003"
"station-mlit-003866","토라노몬히루즈","虎ノ門ヒルズ","とらのもんひるず","Toranomonhiruzu","","line-28003"
"station-mlit-003892","롯폰기","六本木","ろっぽんぎ","Roppongi","","line-28003"
"station-mlit-003900","카미야쵸","神谷町","かみやまち","Kamiyamachi","","line-28003"
"station-mlit-003969","히로오","広尾","ひろお","Hiroo","","line-28003"
"station-mlit-003523","오치아이","落合","おちあい","Ochiai","","line-28004"
"station-mlit-003570","와세다","早稲田","わせだ","Waseda","","line-28004"
"station-mlit-003578","카구라자카","神楽坂","かぐらざか","Kagurazaka","","line-28004"
"station-mlit-003582","하라키나카야마","原木中山","はらきなかやま","Harakinakayama","","line-28004"
"station-mlit-003657","쿠단시타","九段下","くだんした","Kudanshita","","line-28004"
"station-mlit-003686","묘덴","妙典","みょうでん","MyōDen","","line-28004"
"station-mlit-003691","타케바시","竹橋","たけばし","Takebashi","","line-28004"
"station-mlit-003755","교토쿠","行徳","ぎょうとく","GyōToku","","line-28004"
"station-mlit-003818","몬젠나카마치","門前仲町","もんぜんなかまち","Monzennakamachi","","line-28004"
"station-mlit-003819","미나미교토쿠","南行徳","みなみぎょうとく","MinamigyōToku","","line-28004"
"station-mlit-003839","토요쵸","東陽町","とうようまち","TōYōMachi","","line-28004"
"station-mlit-003840","키바","木場","きば","Kiba","","line-28004"
"station-mlit-003854","미나미스나마치","南砂町","みなみすなまち","Minamisunamachi","","line-28004"
"station-mlit-003875","우라야스","浦安","うらやす","Urayasu","","line-28004"
"station-mlit-003890","니시카사이","西葛西","にしかさい","Nishikasai","","line-28004"
"station-mlit-003894","카사이","葛西","かさい","Kasai","","line-28004"
"station-1130206","메이지진구마에〈하라주쿠〉","明治神宮前〈原宿〉","めいじじんぐうまえ〈はらじゅく〉","MeijijingūMae〈Harajuku〉","","line-28005"
"station-mlit-003162","키타아야세","北綾瀬","きたあやせ","Kitaayase","","line-28005"
"station-mlit-003434","센다기","千駄木","せんだぎ","Sendagi","","line-28005"
"station-mlit-003483","네즈","根津","ねづ","Nezu","","line-28005"
"station-mlit-003558","유시마","湯島","ゆしま","Yushima","","line-28005"
"station-mlit-003645","신오차노미즈","新御茶ノ水","しんおちゃのみず","Shinochanomizu","","line-28005"
"station-mlit-003772","니주바시마에","二重橋前","にじゅうばしまえ","NijūBashimae","","line-28005"
"station-mlit-003822","아카사카","赤坂","あかさか","Akasaka","","line-28005"
"station-mlit-003845","요요기코엔","代々木公園","よよぎこうえん","YoyogikōEn","","line-28005"
"station-mlit-003868","노기자카","乃木坂","のぎざか","Nogizaka","","line-28005"
"station-mlit-003163","치카테츠나리마스","地下鉄成増","ちかてつなります","Chikatetsunarimasu","","line-28006"
"station-mlit-003186","치카테츠아카츠카","地下鉄赤塚","ちかてつあかづか","Chikatetsuakazuka","","line-28006"
"station-mlit-003228","헤이와다이","平和台","へいわだい","Heiwadai","","line-28006"
"station-mlit-003261","히카와다이","氷川台","ひかわだい","Hikawadai","","line-28006"
"station-mlit-003324","센카와","千川","せんかわ","Senkawa","","line-28006"
"station-mlit-003361","카나메초","要町","かなめちょう","Kanamechō","","line-28006"
"station-mlit-003432","히가시이케부쿠로","東池袋","ひがしいけぶくろ","Higashiikebukuro","","line-28006"
"station-mlit-003474","고코쿠지","護国寺","ごこくじ","Gokokuji","","line-28006"
"station-mlit-003534","에도가와바시","江戸川橋","えどがわばし","Edogawabashi","","line-28006"
"station-mlit-003737","코지마치","麹町","こうじまち","KōJimachi","","line-28006"
"station-mlit-003782","나가타쵸","永田町","ながたちょう","Nagatachō","","line-28006"
"station-mlit-003787","사쿠라다몬","桜田門","さくらだもん","Sakuradamon","","line-28006"
"station-mlit-003801","긴자잇초메","銀座一丁目","ぎんざいちちょうめ","GinzaichichōMe","","line-28006"
"station-mlit-003833","신토미마치","新富町","しんとみまち","Shintomimachi","","line-28006"
"station-mlit-003889","츠키시마","月島","つきしま","Tsukishima","","line-28006"
"station-mlit-003951","도요스","豊洲","とよす","Toyosu","","line-28006"
"station-mlit-003999","타츠미","辰巳","たつみ","Tatsumi","","line-28006"
"station-mlit-003651","진보초","神保町","じんぼうちょう","Jimbocho","","line-28008"
"station-mlit-003704","스미요시","住吉","すみよし","Sumiyoshi","","line-28008"
"station-mlit-003729","한조몬","半蔵門","はんぞうもん","HanzōMon","","line-28008"
"station-mlit-003753","스이텐구마에","水天宮前","すいてんみやまえ","Suitenmiyamae","","line-28008"
"station-mlit-003754","키요스미시라카와","清澄白河","きよすみしらかわ","Kiyosumishirakawa","","line-28008"
"station-2800905","니시가하라","西ケ原","にしがはら","Nishigahara","","line-28009"
"station-mlit-003141","아카바네이와부치","赤羽岩淵","あかばねいわぶち","Akabaneiwabuchi","","line-28009"
"station-mlit-003153","시모","志茂","しも","Shimo","","line-28009"
"station-mlit-003207","오지카미야","王子神谷","おうじかみや","ōJikamiya","","line-28009"
"station-mlit-003441","혼코마고메","本駒込","ほんこまごめ","Honkomagome","","line-28009"
"station-mlit-003481","토다이마에","東大前","とうだいまえ","TōDaimae","","line-28009"
"station-mlit-003884","롯폰기잇초메","六本木一丁目","ろっぽんぎいっちょうめ","Roppongi-itchome","","line-28009"
"station-mlit-003941","마후주반","麻布十番","まふじゅうばん","MafujūBan","","line-28009"
"station-mlit-004025","시로가네타카나와","白金高輪","しろがねたかなわ","Shiroganetakanawa","","line-28009"
"station-mlit-004044","시로카네다이","白金台","しろかねだい","Shirokanedai","","line-28009"
"station-mlit-003379","이케부쿠로","池袋","いけぶくろ","Ikebukuro","","line-28010"
"station-mlit-003471","조시가야","雑司が谷","ぞうしがや","ZōShigaya","","line-28010"
"station-mlit-003544","니시와세다","西早稲田","にしわせだ","Nishiwaseda","","line-28010"
"station-mlit-003612","히가시신주쿠","東新宿","ひがししんじゅく","Higashi-shinjuku","","line-28010"
"station-mlit-003780","키타산도","北参道","きたさんどう","Kitasandō","","line-28010"
"station-mlit-004594","니시타니","西谷","にしたに","Nishitani","","line-29001"
"station-mlit-004604","츠루가호","鶴ヶ峰","つるゖほう","Tsurukehō","","line-29001"
"station-mlit-004611","사가미노","さがみ野","さがみの","Sagamino","","line-29001"
"station-mlit-004614","사가미오츠카","相模大塚","さがみおおつか","SagamiōTsuka","","line-29001"
"station-mlit-004615","세타니","瀬谷","せたに","Setani","","line-29001"
"station-mlit-004623","미츠자카이","三ツ境","みつざかい","Mitsuzakai","","line-29001"
"station-mlit-004624","카미호시카와","上星川","かみほしかわ","Kamihoshikawa","","line-29001"
"station-mlit-004626","카시와다이","かしわ台","かしわだい","Kashiwadai","","line-29001"
"station-mlit-004640","와다마치","和田町","わだまち","Wadamachi","","line-29001"
"station-mlit-004642","후타마타가와","二俣川","ふたまたがわ","Futamatagawa","","line-29001"
"station-mlit-004652","키보가오카","希望ヶ丘","きぼうがおか","KibōGaoka","","line-29001"
"station-mlit-004653","히라누마쿄","平沼橋","ひらぬまきょう","Hiranumakyō","","line-29001"
"station-mlit-004655","호시카와","星川","ほしかわ","Hoshikawa","","line-29001"
"station-mlit-004668","텐노마치","天王町","てんのうまち","TennōMachi","","line-29001"
"station-mlit-004669","니시요코하마","西横浜","にしよこはま","Nishiyokohama","","line-29001"
"station-mlit-004674","미나미마키가하라","南万騎が原","みなみまきがはら","Minamimakigahara","","line-29002"
"station-mlit-004714","료쿠엔토시","緑園都市","りょくえんとし","Ryokuentoshi","","line-29002"
"station-mlit-004742","야요이다이","弥生台","やよいだい","Yayoidai","","line-29002"
"station-mlit-004745","이즈미노","いずみ野","いずみの","Izumino","","line-29002"
"station-mlit-004773","이즈미츄오","いずみ中央","いずみちゅうおう","Izumichūō","","line-29002"
"station-mlit-004797","유메가오카","ゆめが丘","ゆめがおか","Yumegaoka","","line-29002"
"station-mlit-004581","하자와요코하마코쿠다이","羽沢横浜国大","はざわよこはまこくだい","Hazawayokohamakokudai","","line-29003"
"station-3000102","이나","伊奈","いな","Ina","","line-30001"
"station-3000103","오다부치","小田渕","おだぶち","Odabuchi","","line-30001"
"station-3000104","코쿠후","国府","こくふ","Kokufu","","line-30001"
"station-3000105","고아부라","御油","ごあぶら","Goabura","","line-30001"
"station-3000106","나덴아카사카","名電赤坂","なでんあかさか","Nadenakasaka","","line-30001"
"station-3000107","나덴나가소","名電長沢","なでんながそ","Nadennagaso","","line-30001"
"station-3000108","모토주쿠","本宿","もとじゅく","Motojuku","","line-30001"
"station-3000109","메이덴야마나카","名電山中","めいでんやまなか","Meiden'Yamanaka","","line-30001"
"station-3000110","후지카와","藤川","ふじかわ","Fujikawa","","line-30001"
"station-3000111","미아이","美合","みあい","Miai","","line-30001"
"station-3000112","오토가와","男川","おとがわ","Otogawa","","line-30001"
"station-3000113","히가시오카자키","東岡崎","ひがしおかざき","Higashiokazaki","","line-30001"
"station-3000114","오카자키코엔마에","岡崎公園前","おかざきこうえんまえ","OkazakikōEmmae","","line-30001"
"station-3000115","야사쿠쿄","矢作橋","やさくきょう","Yasakukyō","","line-30001"
"station-3000116","우토","宇頭","うとう","Utō","","line-30001"
"station-3000117","신안조","新安城","しんあんじょう","Shinanjō","","line-30001"
"station-3000118","우시다","牛田","うしだ","Ushida","","line-30001"
"station-3000119","치류","知立","ちりゅう","Chiryū","","line-30001"
"station-3000120","히토츠기","一ツ木","ひとつぎ","Hitotsugi","","line-30001"
"station-3000121","후지마츠","富士松","ふじまつ","Fujimatsu","","line-30001"
"station-3000122","토요아키","豊明","とよあき","Toyoaki","","line-30001"
"station-3000123","젠고","前後","ぜんご","Zengo","","line-30001"
"station-3000124","츄쿄케이바조마에","中京競馬場前","ちゅうきょうけいばじょうまえ","ChūKyōKeibajōMae","","line-30001"
"station-3000125","아리마츠","有松","ありまつ","Arimatsu","","line-30001"
"station-3000126","사쿄야마","左京山","さきょうやま","SakyōYama","","line-30001"
"station-3000127","나루미","鳴海","なるみ","Narumi","","line-30001"
"station-3000128","모토호시자키","本星崎","もとほしざき","Motohoshizaki","","line-30001"
"station-3000129","모토카사데라","本笠寺","もとかさでら","Motokasadera","","line-30001"
"station-3000130","사쿠라","桜","さくら","Sakura","","line-30001"
"station-3000131","요비츠기","呼続","よびつぎ","Yobitsugi","","line-30001"
"station-3000132","홋타","堀田","ほった","Hotta","","line-30001"
"station-3000133","진구마에","神宮前","じんぐうまえ","JingūMae","","line-30001"
"station-3000135","산노","山王","さんのう","Sannō","","line-30001"
"station-3000137","에이세이","栄生","えいせい","Eisei","","line-30001"
"station-3000138","히가시비와지마","東枇杷島","ひがしびわじま","Higashibiwajima","","line-30001"
"station-3000139","니시비와시마","西枇杷島","にしびわしま","Nishibiwashima","","line-30001"
"station-3000140","후타츠이리","二ツ杁","ふたついり","Futatsuiri","","line-30001"
"station-3000141","신카와쿄","新川橋","しんかわきょう","Shinkawakyō","","line-30001"
"station-3000142","스가구치","須ヶ口","すがぐち","Sugaguchi","","line-30001"
"station-3000143","마루노치","丸ノ内","まるのうち","Marunouchi","","line-30001"
"station-3000144","신키요스","新清洲","しんきよす","Shinkiyosu","","line-30001"
"station-3000145","오사토","大里","おおさと","ōSato","","line-30001"
"station-3000146","오쿠다","奥田","おくだ","Okuda","","line-30001"
"station-3000147","코노미야","国府宮","こうのみや","KōNomiya","","line-30001"
"station-3000148","시마우지나가","島氏永","しまうじなが","Shimaujinaga","","line-30001"
"station-3000149","묘코지","妙興寺","みょうこうじ","MyōKōJi","","line-30001"
"station-3000151","이마이세","今伊勢","いまいせ","Imaise","","line-30001"
"station-3000152","이와토","石刀","いわと","Iwato","","line-30001"
"station-3000153","신키소가와","新木曽川","しんきそがわ","Shinkisogawa","","line-30001"
"station-3000154","쿠로다","黒田","くろだ","Kuroda","","line-30001"
"station-3000155","키소가와츠츠미","木曽川堤","きそがわつつみ","Kisogawatsutsumi","","line-30001"
"station-3000156","카사마츠","笠松","かさまつ","Kasamatsu","","line-30001"
"station-3000157","기난","岐南","ぎなん","Ginan","","line-30001"
"station-3000158","차도코로","茶所","ちゃどころ","Chadokoro","","line-30001"
"station-3000159","카노","加納","かのう","Kanō","","line-30001"
"station-3000160","메이테츠기후","名鉄岐阜","めいてつぎふ","Meitetsugifu","","line-30001"
"station-3000202","야하타","八幡","やはた","Yahata","","line-30002"
"station-3000203","스와마치","諏訪町","すわまち","Suwamachi","","line-30002"
"station-3000204","이나리구치","稲荷口","いなりぐち","Inariguchi","","line-30002"
"station-3000302","키타아키","北安城","きたあき","Kitaaki","","line-30003"
"station-3000303","미나미아키","南安城","みなみあき","Minamiaki","","line-30003"
"station-3000304","헤키카이코이","碧海古井","へきかいこい","Hekikaikoi","","line-30003"
"station-3000305","호리우치코엔","堀内公園","ほりうちこうえん","HoriuchikōEn","","line-30003"
"station-3000306","사쿠라이","桜井","さくらい","Sakurai","","line-30003"
"station-3000307","요네츠","米津","よねつ","Yonetsu","","line-30003"
"station-3000308","사쿠라마치마에","桜町前","さくらまちまえ","Sakuramachimae","","line-30003"
"station-3000309","니시오구치","西尾口","にしおぐち","Nishioguchi","","line-30003"
"station-3000310","니시오","西尾","にしお","Nishio","","line-30003"
"station-3000311","후쿠치","福地","ふくち","Fukuchi","","line-30003"
"station-3000313","카미요코스카","上横須賀","かみよこすか","Kamiyokosuka","","line-30003"
"station-3000315","키라요시다","吉良吉田","きらよしだ","Kirayoshida","","line-30003"
"station-3000316","미나미사쿠라이","南桜井","みなみさくらい","Minamisakurai","","line-30003"
"station-3000402","미카와토바","三河鳥羽","みかわとば","Mikawatoba","","line-30004"
"station-3000403","니시하즈","西幡豆","にしはず","Nishihazu","","line-30004"
"station-3000404","히가시하즈","東幡豆","ひがしはず","Higashihazu","","line-30004"
"station-3000405","코도모노쿠니","こどもの国","こどものくに","Kodomonokuni","","line-30004"
"station-3000406","니시우라","西浦","にしうら","Nishiura","","line-30004"
"station-3000407","카타하라","形原","かたはら","Katahara","","line-30004"
"station-3000408","미카와카시마","三河鹿島","みかわかしま","Mikawakashima","","line-30004"
"station-3000501","헤키난","碧南","へきなん","Hekinan","","line-30005"
"station-3000502","헤키난츄오","碧南中央","へきなんちゅうおう","Hekinanchūō","","line-30005"
"station-3000503","신카와마치","新川町","しんかわまち","Shinkawamachi","","line-30005"
"station-3000504","키타신카와","北新川","きたしんかわ","Kitashinkawa","","line-30005"
"station-3000505","타카하마코","高浜港","たかはまこう","Takahamakō","","line-30005"
"station-3000506","미카와타카하마","三河高浜","みかわたかはま","Mikawatakahama","","line-30005"
"station-3000507","요시하마","吉浜","よしはま","Yoshihama","","line-30005"
"station-3000508","오가키에","小垣江","おがきえ","Ogakie","","line-30005"
"station-3000509","카리야시","刈谷市","かりやし","Kariyashi","","line-30005"
"station-3000511","시게하라","重原","しげはら","Shigehara","","line-30005"
"station-3000513","미카와치류","三河知立","みかわちりゅう","Mikawachiryū","","line-30005"
"station-3000514","미카와하치쿄","三河八橋","みかわはちきょう","Mikawahachikyō","","line-30005"
"station-3000515","와카바야시","若林","わかばやし","Wakabayashi","","line-30005"
"station-3000516","타케무라","竹村","たけむら","Takemura","","line-30005"
"station-3000517","도바시","土橋","どばし","Dobashi","","line-30005"
"station-3000518","우와고로모","上挙母","うわごろも","Uwagoromo","","line-30005"
"station-3000519","토요다시","豊田市","とよだし","Toyodashi","","line-30005"
"station-3000520","우메츠보","梅坪","うめつぼ","Umetsubo","","line-30005"
"station-3000521","코에도","越戸","こえど","Koedo","","line-30005"
"station-3000522","히라도바시","平戸橋","ひらどばし","Hiradobashi","","line-30005"
"station-3000523","사나게","猿投","さなげ","Sanage","","line-30005"
"station-3000603","카미토요타","上豊田","かみとよた","Kamitoyota","","line-30006"
"station-3000604","조스이","浄水","じょうすい","JōSui","","line-30006"
"station-3000605","미요시가오카","三好ヶ丘","みよしがおか","Miyoshigaoka","","line-30006"
"station-3000606","쿠로자사","黒笹","くろざさ","Kurozasa","","line-30006"
"station-3000607","코메노키","米野木","こめのき","Komenoki","","line-30006"
"station-3000608","닛신","日進","にっしん","Nisshin","","line-30006"
"station-3000609","아카이케","赤池","あかいけ","Akaike","","line-30006"
"station-3000701","토코나메","常滑","とこなめ","Tokoname","","line-30007"
"station-3000702","린쿠토코나메","りんくう常滑","りんくうとこなめ","Rinkuutokoname","","line-30007"
"station-3000703","주부국제공항","中部国際空港","ちゅうぶこくさいくうこう","ChūBukokusaikūKō","","line-30007"
"station-3000805","토요다혼마치","豊田本町","とよだほんまち","Toyodahonmachi","","line-30008"
"station-3000806","도토쿠","道徳","どうとく","DōToku","","line-30008"
"station-3000807","오에","大江","おおえ","ōE","","line-30008"
"station-3000808","다이도마치","大同町","だいどうまち","DaidōMachi","","line-30008"
"station-3000809","시바타","柴田","しばた","Shibata","","line-30008"
"station-3000810","나와","名和","なわ","Nawa","","line-30008"
"station-3000811","슈라쿠엔","聚楽園","しゅうらくえん","ShūRakuen","","line-30008"
"station-3000812","신닛테츠마에","新日鉄前","しんにってつまえ","Shinnittetsumae","","line-30008"
"station-3000813","오타가와","太田川","おおたがわ","ōTagawa","","line-30008"
"station-3000814","오와리요코스카","尾張横須賀","おわりよこすか","Owariyokosuka","","line-30008"
"station-3000815","테라모토","寺本","てらもと","Teramoto","","line-30008"
"station-3000816","아사쿠라","朝倉","あさくら","Asakura","","line-30008"
"station-3000817","후루미","古見","ふるみ","Furumi","","line-30008"
"station-3000818","나가우라","長浦","ながうら","Nagaura","","line-30008"
"station-3000819","히나가","日長","ひなが","Hinaga","","line-30008"
"station-3000820","신마이코","新舞子","しんまいこ","Shinmaiko","","line-30008"
"station-3000821","오노마치","大野町","おおのまち","ōNomachi","","line-30008"
"station-3000822","니시노쿠치","西ノ口","にしのくち","Nishinokuchi","","line-30008"
"station-3000823","카마치","蒲池","かまち","Kamachi","","line-30008"
"station-3000824","에노키도","榎戸","えのきど","Enokido","","line-30008"
"station-3000825","타야","多屋","たや","Taya","","line-30008"
"station-3000902","타카요코스카","高横須賀","たかよこすか","Takayokosuka","","line-30009"
"station-3000903","미나미카기야","南加木屋","みなみかぎや","Minamikagiya","","line-30009"
"station-3000904","야와타신덴","八幡新田","やわたしんでん","Yawatashinden","","line-30009"
"station-3000905","타츠미가오카","巽ヶ丘","たつみがおか","Tatsumigaoka","","line-30009"
"station-3000906","시라사와","白沢","しらさわ","Shirasawa","","line-30009"
"station-3000907","사카베","坂部","さかべ","Sakabe","","line-30009"
"station-3000908","아구이","阿久比","あぐい","Agui","","line-30009"
"station-3000910","우에다이","植大","うえだい","Uedai","","line-30009"
"station-3000911","한다구치","半田口","はんだぐち","Handaguchi","","line-30009"
"station-3000912","스미요시마치","住吉町","すみよしまち","Sumiyoshimachi","","line-30009"
"station-3000913","치타한다","知多半田","ちたはんだ","Chitahanda","","line-30009"
"station-3000914","나리이와","成岩","なりいわ","Nariiwa","","line-30009"
"station-3000915","아오야마","青山","あおやま","Aoyama","","line-30009"
"station-3000916","아게","上ゲ","あげ","Age","","line-30009"
"station-3000917","치타타케토요","知多武豊","ちたたけとよ","Chitataketoyo","","line-30009"
"station-3000918","후우키","富貴","ふうき","FūKi","","line-30009"
"station-3000920","코와구치","河和口","こうわぐち","KōWaguchi","","line-30009"
"station-3000921","코와","河和","こうわ","KōWa","","line-30009"
"station-3001002","우에노칸","上野間","うえのかん","Uenokan","","line-30010"
"station-3001003","미하마료쿠엔","美浜緑苑","みはまりょくえん","Mihamaryokuen","","line-30010"
"station-3001004","치타오쿠다","知多奥田","ちたおくだ","Chitaokuda","","line-30010"
"station-3001005","노마","野間","のま","Noma","","line-30010"
"station-3001006","우츠미","内海","うつみ","Utsumi","","line-30010"
"station-3001102","히가시나고야코","東名古屋港","ひがしなごやこう","Higashinagoyakō","","line-30011"
"station-3001201","사카에마치","栄町","さかえまち","Sakaemachi","","line-30012"
"station-3001202","토다이슈","東大手","とうだいしゅ","TōDaishu","","line-30012"
"station-3001203","시미즈","清水","しみず","Shimizu","","line-30012"
"station-3001204","아마가자카","尼ヶ坂","あまゖざか","Amakezaka","","line-30012"
"station-3001205","모리시타","森下","もりした","Morishita","","line-30012"
"station-3001207","야다","矢田","やだ","Yada","","line-30012"
"station-3001208","모리야마지에이타이마에","守山自衛隊前","もりやまじえいたいまえ","Moriyamajieitaimae","","line-30012"
"station-3001209","후쿠베야마","瓢箪山","ふくべやま","Fukubeyama","","line-30012"
"station-3001210","오바타","小幡","おばた","Obata","","line-30012"
"station-3001211","키타야마","喜多山","きたやま","Kitayama","","line-30012"
"station-3001212","오모리·킨조가쿠인마에","大森・金城学院前","おおもり・きんじょうがくいんまえ","ōMori･KinjōGakuinmae","","line-30012"
"station-3001213","시루시조","印場","しるしじょう","Shirushijō","","line-30012"
"station-3001214","아사히마에","旭前","あさひまえ","Asahimae","","line-30012"
"station-3001215","오와리아사히","尾張旭","おわりあさひ","Owariasahi","","line-30012"
"station-3001216","미사토","三郷","みさと","Misato","","line-30012"
"station-3001217","미즈노","水野","みずの","Mizuno","","line-30012"
"station-3001218","신세토","新瀬戸","しんせと","Shinseto","","line-30012"
"station-3001219","세토시야쿠쇼마에","瀬戸市役所前","せとしやくしょまえ","Setoshiyakushomae","","line-30012"
"station-3001220","오와리세토","尾張瀬戸","おわりせと","Owariseto","","line-30012"
"station-3001302","지모쿠지","甚目寺","じもくじ","Jimokuji","","line-30013"
"station-3001303","싯포","七宝","しっぽう","Shippō","","line-30013"
"station-3001304","키다","木田","きだ","Kida","","line-30013"
"station-3001305","아오츠카","青塚","あおつか","Aotsuka","","line-30013"
"station-3001306","쇼바타","勝幡","しょばた","Shobata","","line-30013"
"station-3001307","후지나미","藤浪","ふじなみ","Fujinami","","line-30013"
"station-3001308","츠시마","津島","つしま","Tsushima","","line-30013"
"station-3001403","고노산","五ノ三","ごのさん","Gonosan","","line-30014"
"station-3001404","사타","佐屋","さた","Sata","","line-30014"
"station-3001405","히비노","日比野","ひびの","Hibino","","line-30014"
"station-3001407","마치카타","町方","まちかた","Machikata","","line-30014"
"station-3001408","로쿠린","六輪","ろくりん","Rokurin","","line-30014"
"station-3001409","후치다카","渕高","ふちだか","Fuchidaka","","line-30014"
"station-3001410","마루후치","丸渕","まるふち","Marufuchi","","line-30014"
"station-3001411","카미마루후치","上丸渕","かみまるふち","Kamimarufuchi","","line-30014"
"station-3001412","모리아게","森上","もりあげ","Moriage","","line-30014"
"station-3001413","야마자키","山崎","やまざき","Yamazaki","","line-30014"
"station-3001414","타마노","玉野","たまの","Tamano","","line-30014"
"station-3001415","하기하라","萩原","はぎはら","Hagihara","","line-30014"
"station-3001416","니시","二子","にし","Nishi","","line-30014"
"station-3001417","카리야스카","苅安賀","かりやすか","Kariyasuka","","line-30014"
"station-3001418","칸논지","観音寺","かんのんじ","Kannonji","","line-30014"
"station-3001420","니시이치노미야","西一宮","にしいちのみや","Nishiichinomiya","","line-30014"
"station-3001421","카이메이","開明","かいめい","Kaimei","","line-30014"
"station-3001422","오키마치","奥町","おきまち","Okimachi","","line-30014"
"station-3001423","타마노이","玉ノ井","たまのい","Tamanoi","","line-30014"
"station-3001504","시모오다이","下小田井","しもおだい","Shimoodai","","line-30015"
"station-3001505","나카오타이","中小田井","なかおたい","Nakaotai","","line-30015"
"station-3001506","카미오타이","上小田井","かみおたい","Kamiotai","","line-30015"
"station-3001507","니시하루","西春","にしはる","Nishiharu","","line-30015"
"station-3001508","토쿠시게·나고야게이다이","徳重・名古屋芸大","とくしげ・なごやげいだい","Tokushige･Nagoyageidai","","line-30015"
"station-3001509","다이센지","大山寺","だいせんじ","Daisenji","","line-30015"
"station-3001510","이와쿠라","岩倉","いわくら","Iwakura","","line-30015"
"station-3001511","이시보토케","石仏","いしぼとけ","Ishibotoke","","line-30015"
"station-3001512","호테이","布袋","ほてい","Hotei","","line-30015"
"station-3001513","코난","江南","こうなん","KōNan","","line-30015"
"station-3001514","카야모리","柏森","かやもり","Kayamori","","line-30015"
"station-3001515","후소","扶桑","ふそう","Fusō","","line-30015"
"station-3001516","코츠요스이","木津用水","こつようすい","KotsuyōSui","","line-30015"
"station-3001517","이누야마구치","犬山口","いぬやまぐち","Inuyamaguchi","","line-30015"
"station-3001518","이누야마","犬山","いぬやま","Inuyama","","line-30015"
"station-3001519","이누야마유엔","犬山遊園","いぬやまゆうえん","InuyamayūEn","","line-30015"
"station-3001602","우누마주쿠","鵜沼宿","うぬまじゅく","Unumajuku","","line-30016"
"station-3001603","하바","羽場","はば","Haba","","line-30016"
"station-3001604","카라무시가세","苧ヶ瀬","からむしゖせ","Karamushikese","","line-30016"
"station-3001606","니주켄","二十軒","にじゅうけん","NijūKen","","line-30016"
"station-3001607","산카키노","三柿野","さんかきの","Sankakino","","line-30016"
"station-3001608","로쿠켄","六軒","ろくけん","Rokuken","","line-30016"
"station-3001609","카카미가하라시야쿠쇼마에","各務原市役所前","かがみはらしやくしょまえ","Kagamiharashiyakushomae","","line-30016"
"station-3001610","시민코엔마에","市民公園前","しみんこうえんまえ","ShiminkōEmmae","","line-30016"
"station-3001612","신카노","新加納","しんかのう","Shinkanō","","line-30016"
"station-3001613","타카다쿄","高田橋","たかだきょう","Takadakyō","","line-30016"
"station-3001614","테지카라","手力","てじから","Tejikara","","line-30016"
"station-3001615","키리도오시","切通","きりどおし","KiridōShi","","line-30016"
"station-3001616","호소바타","細畑","ほそばた","Hosobata","","line-30016"
"station-3001617","타가미","田神","たがみ","Tagami","","line-30016"
"station-3001702","토미오카마에","富岡前","とみおかまえ","Tomiokamae","","line-30017"
"station-3001703","젠지노","善師野","ぜんじの","Zenjino","","line-30017"
"station-3001704","니시카니","西可児","にしかに","Nishikani","","line-30017"
"station-3001705","카니가와","可児川","かにがわ","Kanigawa","","line-30017"
"station-3001706","니혼라인이마와타리","日本ライン今渡","にほんらいんいまわたり","Nihonrain'Imawatari","","line-30017"
"station-3001708","메이치","明智","めいち","Meichi","","line-30017"
"station-3001709","고토","顔戸","ごうと","GōTo","","line-30017"
"station-3001710","미타케구치","御嵩口","みたけぐち","Mitakeguchi","","line-30017"
"station-3001711","미타케","御嵩","みたけ","Mitake","","line-30017"
"station-3001801","카미이이다","上飯田","かみいいだ","KamiīDa","","line-30018"
"station-3001802","아지","味鋺","あじ鋺","Aji鋺","","line-30018"
"station-3001803","아지요시","味美","あじよし","Ajiyoshi","","line-30018"
"station-3001804","카스가이","春日井","かすがい","Kasugai","","line-30018"
"station-3001805","우시야마","牛山","うしやま","Ushiyama","","line-30018"
"station-3001806","마우치","間内","まうち","Mauchi","","line-30018"
"station-3001807","코마키구치","小牧口","しょうまきぐち","ShōMakiguchi","","line-30018"
"station-3001808","코마키","小牧","こまき","Komaki","","line-30018"
"station-3001809","코마키겐","小牧原","こまきげん","Komakigen","","line-30018"
"station-3001810","아지오카","味岡","あじおか","Ajioka","","line-30018"
"station-3001811","타가타진자마에","田県神社前","たがたじんじゃまえ","Tagatajinjamae","","line-30018"
"station-3001812","가쿠덴","楽田","がくでん","Gakuden","","line-30018"
"station-3001813","하구로","羽黒","はぐろ","Haguro","","line-30018"
"station-3002002","니시카사마츠","西笠松","にしかさまつ","Nishikasamatsu","","line-30020"
"station-3002003","야나이즈","柳津","やないづ","Yanaizu","","line-30020"
"station-3002004","미나미주쿠","南宿","みなみじゅく","Minamijuku","","line-30020"
"station-3002005","스카","須賀","すか","Suka","","line-30020"
"station-3002006","후와잇쇼쿠","不破一色","ふわいっしょく","Fuwaisshoku","","line-30020"
"station-3002007","타케하나","竹鼻","たけはな","Takehana","","line-30020"
"station-3002008","하시마시야쿠쇼마에","羽島市役所前","はしましやくしょまえ","Hashimashiyakushomae","","line-30020"
"station-3002009","에기라","江吉良","えぎら","Egira","","line-30020"
"station-3002102","신하시마","新羽島","しんはしま","Shinhashima","","line-30021"
"station-3100101","오사카난바","大阪難波","おおさかなんば","ōSakanamba","","line-31001"
"station-3100102","킨테츠닛폰바시","近鉄日本橋","きんてつにほんばし","Kintetsunihombashi","","line-31001"
"station-3100103","오사카우에혼마치","大阪上本町","おおさかうえほんまち","ōSakauehonmachi","","line-31001"
"station-3100201","야마토사이다이지","大和西大寺","やまとさいだいじ","Yamatosaidaiji","","line-31002"
"station-3100202","아마가츠지","尼ヶ辻","あまゖつじ","Amaketsuji","","line-31002"
"station-3100203","니시노쿄","西ノ京","にしのきょう","Nishinokyō","","line-31002"
"station-3100204","큐조","九条","きゅうじょう","KyūJō","","line-31002"
"station-3100205","킨테츠코리야마","近鉄郡山","きんてつこおりやま","KintetsukōRiyama","","line-31002"
"station-3100206","츠츠이","筒井","つつい","Tsutsui","","line-31002"
"station-3100207","히라하타","平端","ひらはた","Hirahata","","line-31002"
"station-3100208","화미리코엔마에","ファミリー公園前","ふぁみりーこうえんまえ","FamirīKōEmmae","","line-31002"
"station-3100209","유자키","結崎","ゆうざき","YūZaki","","line-31002"
"station-3100210","이와미","石見","いわみ","Iwami","","line-31002"
"station-3100211","타와라모토","田原本","たわらもと","Tawaramoto","","line-31002"
"station-3100212","카사누이","笠縫","かさぬい","Kasanui","","line-31002"
"station-3100213","신노쿠치","新ノ口","しんのくち","Shinnokuchi","","line-31002"
"station-3100214","야마토하치보쿠","大和八木","やまとはちぼく","Yamatohachiboku","","line-31002"
"station-3100215","하치보쿠니시구치","八木西口","はちぼくにしぐち","Hachibokunishiguchi","","line-31002"
"station-3100216","우네비고료마에","畝傍御陵前","うねびごりょうまえ","UnebigoryōMae","","line-31002"
"station-3100217","카시하라진구마에","橿原神宮前","かしはらじんぐうまえ","KashiharajingūMae","","line-31002"
"station-3100302","카와호리구치","河堀口","かわほりぐち","Kawahoriguchi","","line-31003"
"station-3100303","키타타나베","北田辺","きたたなべ","Kitatanabe","","line-31003"
"station-3100304","이마가와","今川","いまがわ","Imagawa","","line-31003"
"station-3100305","하리나카노","針中野","はりなかの","Harinakano","","line-31003"
"station-3100306","야다","矢田","やだ","Yada","","line-31003"
"station-3100307","카와우치아마미","河内天美","かわうちあまみ","Kawauchiamami","","line-31003"
"station-3100308","누노세","布忍","ぬのせ","Nunose","","line-31003"
"station-3100309","코켄노사토","高見ノ里","こうけんのさと","KōKennosato","","line-31003"
"station-3100310","카와우치마츠바라","河内松原","かわうちまつばら","Kawauchimatsubara","","line-31003"
"station-3100311","에가노쇼","恵我ノ荘","えがのしょう","Eganoshō","","line-31003"
"station-3100312","타카스","高鷲","たかす","Takasu","","line-31003"
"station-3100313","후지이데라","藤井寺","ふじいでら","Fujiidera","","line-31003"
"station-3100314","하지노사토","土師ノ里","はじのさと","Hajinosato","","line-31003"
"station-3100315","도묘지","道明寺","どうみょうじ","DōMyōJi","","line-31003"
"station-3100316","후루이치","古市","ふるいち","Furuichi","","line-31003"
"station-3100317","코마가타니","駒ヶ谷","こまがたに","Komagatani","","line-31003"
"station-3100318","카미노타이시","上ノ太子","かみのたいし","Kaminotaishi","","line-31003"
"station-3100319","니조잔","二上山","にじょうざん","NijōZan","","line-31003"
"station-3100320","후타카미진자구치","二上神社口","ふたかみじんじゃぐち","Futakamijinjaguchi","","line-31003"
"station-3100321","타이마데라","当麻寺","たいまでら","Taimadera","","line-31003"
"station-3100322","이와키","磐城","いわき","Iwaki","","line-31003"
"station-3100323","샤쿠도","尺土","しゃくど","Shakudo","","line-31003"
"station-3100324","타카다시","高田市","たかだし","Takadashi","","line-31003"
"station-3100325","우키아나","浮孔","うきあな","Ukiana","","line-31003"
"station-3100326","보조","坊城","ぼうじょう","BōJō","","line-31003"
"station-3100327","카시하라진구니시구치","橿原神宮西口","かしはらじんぐうにしぐち","KashiharajingūNishiguchi","","line-31003"
"station-3100105","이마사토","今里","いまさと","Imasato","","line-31005"
"station-3100106","후세","布施","ふせ","Fuse","","line-31005"
"station-3100506","나가세","長瀬","ながせ","Nagase","","line-31005"
"station-3100507","미토","弥刀","みと","Mito","","line-31005"
"station-3100508","큐호지구치","久宝寺口","きゅうほうじぐち","KyūHōJiguchi","","line-31005"
"station-3100509","킨테츠야오","近鉄八尾","きんてつやお","Kintetsuyao","","line-31005"
"station-3100510","카와치야마모토","河内山本","かわちやまもと","Kawachiyamamoto","","line-31005"
"station-3100511","타카야스","高安","たかやす","Takayasu","","line-31005"
"station-3100512","온지","恩智","おんじ","Onji","","line-31005"
"station-3100513","호젠지","法善寺","ほうぜんじ","HōZenji","","line-31005"
"station-3100514","켄카","堅下","けんか","Kenka","","line-31005"
"station-3100515","안도","安堂","あんどう","Andō","","line-31005"
"station-3100516","카와우치코쿠부","河内国分","かわうちこくぶ","Kawauchikokubu","","line-31005"
"station-3100517","오사카쿄이쿠다이마에","大阪教育大前","おおさかきょういくだいまえ","ōSakakyōIkudaimae","","line-31005"
"station-3100518","세키야","関屋","せきや","Sekiya","","line-31005"
"station-3100519","후타카미","二上","ふたかみ","Futakami","","line-31005"
"station-3100520","킨테츠시모다","近鉄下田","きんてつしもだ","Kintetsushimoda","","line-31005"
"station-3100521","고이도","五位堂","ごいどう","Goidō","","line-31005"
"station-3100522","츠키야마","築山","つきやま","Tsukiyama","","line-31005"
"station-3100523","야마토타카다","大和高田","やまとたかだ","Yamatotakada","","line-31005"
"station-3100524","마츠즈카","松塚","まつづか","Matsuzuka","","line-31005"
"station-3100525","마스가","真菅","ますが","Masuga","","line-31005"
"station-3100527","미미시게루","耳成","みみしげる","Mimishigeru","","line-31005"
"station-3100528","다이후쿠","大福","だいふく","Daifuku","","line-31005"
"station-3100530","야마토아사쿠라","大和朝倉","やまとあさくら","Yamatoasakura","","line-31005"
"station-3100531","하세데라","長谷寺","はせでら","Hasedera","","line-31005"
"station-3100532","하이바라","榛原","はいばら","Haibara","","line-31005"
"station-3100533","무로구치오노","室生口大野","むろうくちおおの","MurōKuchiōNo","","line-31005"
"station-3100534","산본마츠","三本松","さんぼんまつ","Sambommatsu","","line-31005"
"station-3100535","아카메구치","赤目口","あかめぐち","Akameguchi","","line-31005"
"station-3100536","나바리","名張","なばり","Nabari","","line-31005"
"station-3100537","키쿄가오카","桔梗が丘","ききょうがおか","KikyōGaoka","","line-31005"
"station-3100538","미하타","美旗","みはた","Mihata","","line-31005"
"station-3100539","이가코베","伊賀神戸","いがこうべ","IgakōBe","","line-31005"
"station-3100540","아오야마마치","青山町","あおやままち","Aoyamamachi","","line-31005"
"station-3100541","이가조츠","伊賀上津","いがじょうつ","IgajōTsu","","line-31005"
"station-3100542","니시아오야마","西青山","にしあおやま","Nishiaoyama","","line-31005"
"station-3100543","히가시아오야마","東青山","ひがしあおやま","Higashiaoyama","","line-31005"
"station-3100544","사카키바라온센구치","榊原温泉口","さかきばらおんせんぐち","Sakakibaraonsenguchi","","line-31005"
"station-3100545","다이산","大三","だいさん","Daisan","","line-31005"
"station-3100546","이세이시바시","伊勢石橋","いせいしばし","Iseishibashi","","line-31005"
"station-3100548","이세나카가와","伊勢中川","いせなかがわ","Isenakagawa","","line-31005"
"station-3100702","오카데라","岡寺","おかでら","Okadera","","line-31007"
"station-3100703","아스카","飛鳥","あすか","Asuka","","line-31007"
"station-3100704","츠보사카산","壺阪山","つぼさかさん","Tsubosakasan","","line-31007"
"station-3100705","이치노오","市尾","いちのお","Ichinoo","","line-31007"
"station-3100706","카즈라","葛","かずら","Kazura","","line-31007"
"station-3100708","쿠스리미즈","薬水","くすりみず","Kusurimizu","","line-31007"
"station-3100709","후쿠진","福神","ふくじん","Fukujin","","line-31007"
"station-3100710","다이오모네후토","大阿太","だいおもねふと","Daiomonefuto","","line-31007"
"station-3100711","시모이치구치","下市口","しもいちぐち","Shimoichiguchi","","line-31007"
"station-3100712","코시베","越部","こしべ","Koshibe","","line-31007"
"station-3100713","로쿠덴","六田","ろくでん","Rokuden","","line-31007"
"station-3100714","야마토카미이치","大和上市","やまとかみいち","Yamatokamiichi","","line-31007"
"station-3100715","요시노진구","吉野神宮","よしのじんぐう","Yoshinojingū","","line-31007"
"station-3100716","요시노","吉野","よしの","Yoshino","","line-31007"
"station-3100801","킨테츠욧카이치","近鉄四日市","きんてつよっかいち","Kintetsuyokkaichi","","line-31008"
"station-3100802","나카가와라","中川原","なかがわら","Nakagawara","","line-31008"
"station-3100803","이세마츠모토","伊勢松本","いせまつもと","Isematsumoto","","line-31008"
"station-3100804","이세카와시마","伊勢川島","いせかわしま","Isekawashima","","line-31008"
"station-3100805","코카쿠","高角","こうかく","KōKaku","","line-31008"
"station-3100806","사쿠라","桜","さくら","Sakura","","line-31008"
"station-3100807","코모노","菰野","こもの","Komono","","line-31008"
"station-3100808","츄코모노","中菰野","ちゅうこもの","ChūKomono","","line-31008"
"station-3100809","오바네엔","大羽根園","おおばねえん","Oobaneen","","line-31008"
"station-3100810","유노야마온선","湯の山温泉","ゆのやまおんせん","Yunoyamaonsen","","line-31008"
"station-3100902","이세나카하라","伊勢中原","いせなかはら","Isenakahara","","line-31009"
"station-3100903","마츠가사키","松ヶ崎","まつがさき","Matsugasaki","","line-31009"
"station-3100905","히가시마츠사카","東松阪","ひがしまつさか","Higashimatsusaka","","line-31009"
"station-3100906","쿠시타","櫛田","くした","Kushita","","line-31009"
"station-3100907","다이","漕代","漕だい","漕Dai","","line-31009"
"station-3100908","사이구우","斎宮","さいぐう","Saigū","","line-31009"
"station-3100909","묘조","明星","みょうじょう","MyōJō","","line-31009"
"station-3100910","아케노","明野","あけの","Akeno","","line-31009"
"station-3100911","오마타","小俣","おまた","Omata","","line-31009"
"station-3100912","미야마치","宮町","みやまち","Miyamachi","","line-31009"
"station-3100914","우지야마다","宇治山田","うじやまだ","Ujiyamada","","line-31009"
"station-3101002","이스즈가와","五十鈴川","いすずがわ","Isuzugawa","","line-31010"
"station-3101003","아사마","朝熊","あさま","Asama","","line-31010"
"station-3101004","이케노라","池の浦","いけのうら","Ikenoura","","line-31010"
"station-3101102","니카이도","二階堂","にかいどう","Nikaidō","","line-31011"
"station-3101103","센자이","前栽","せんざい","Senzai","","line-31011"
"station-3101202","카시와바라미나미구치","柏原南口","かしわばらみなみぐち","Kashiwabaraminamiguchi","","line-31012"
"station-3101302","아카호리","赤堀","あかほり","Akahori","","line-31013"
"station-3101303","히나가","日永","ひなが","Hinaga","","line-31013"
"station-3101304","미나미히나가","南日永","みなみひなが","Minamihinaga","","line-31013"
"station-3101305","토마리","泊","とまり","Tomari","","line-31013"
"station-3101306","오이와케","追分","おいわけ","Oiwake","","line-31013"
"station-3101307","오고소","小古曽","おごそ","Ogoso","","line-31013"
"station-3101308","나이부","内部","ないぶ","Naibu","","line-31013"
"station-3101404","니시히노","西日野","にしひの","Nishihino","","line-31014"
"station-3101502","나카노고","中之郷","なかのごう","Nakanogō","","line-31015"
"station-3101503","시마아카사키","志摩赤崎","しまあかさき","Shimaakasaki","","line-31015"
"station-3101504","후나츠","船津","ふなつ","Funatsu","","line-31015"
"station-3101505","카모","加茂","かも","Kamo","","line-31015"
"station-3101506","마츠오","松尾","まつお","Matsuo","","line-31015"
"station-3101507","시라키","白木","しらき","Shiraki","","line-31015"
"station-3101508","고치","五知","ごち","Gochi","","line-31015"
"station-3101509","쿠츠카케","沓掛","くつかけ","Kutsukake","","line-31015"
"station-3101510","카미노고","上之郷","かみのごう","Kaminogō","","line-31015"
"station-3101511","시마이소베","志摩磯部","しまいそべ","Shimaisobe","","line-31015"
"station-3101512","아나가와","穴川","あながわ","Anagawa","","line-31015"
"station-3101513","시마요코야마","志摩横山","しまよこやま","Shimayokoyama","","line-31015"
"station-3101514","우가타","鵜方","うがた","Ugata","","line-31015"
"station-3101515","시마신메이","志摩神明","しましんめい","Shimashimmei","","line-31015"
"station-3101516","카시코지마","賢島","かしこじま","Kashikojima","","line-31015"
"station-3101601","이코마","生駒","いこま","Ikoma","","line-31016"
"station-3101602","나바타케","菜畑","なばたけ","Nabatake","","line-31016"
"station-3101603","이치훈","一分","いちふん","Ichifun","","line-31016"
"station-3101604","미나미이코마","南生駒","みなみいこま","Minamiikoma","","line-31016"
"station-3101605","하기노다이","萩の台","はぎのだい","Haginodai","","line-31016"
"station-3101606","히가시야마","東山","ひがしやま","Higashiyama","","line-31016"
"station-3101607","모토산조구치","元山上口","もとさんじょうぐち","MotosanjōGuchi","","line-31016"
"station-3101608","헤구리","平群","へぐり","Heguri","","line-31016"
"station-3101609","타츠타가와","竜田川","たつたがわ","Tatsutagawa","","line-31016"
"station-3101610","제이노기타구치","勢野北口","ぜいのぎたぐち","Zeinogitaguchi","","line-31016"
"station-3101611","시기야마시타","信貴山下","しぎやました","Shigiyamashita","","line-31016"
"station-3101702","쿠로다","黒田","くろだ","Kuroda","","line-31017"
"station-3101703","타지마","但馬","たじま","Tajima","","line-31017"
"station-3101704","하시오","箸尾","はしお","Hashio","","line-31017"
"station-3101705","이케베","池部","いけべ","Ikebe","","line-31017"
"station-3101706","사미타가와","佐味田川","さみたがわ","Samitagawa","","line-31017"
"station-3101707","오와다","大輪田","おおわだ","ōWada","","line-31017"
"station-3101802","킨테츠신조","近鉄新庄","きんてつしんじょう","Kintetsushinjō","","line-31018"
"station-3101803","오시미","忍海","おしみ","Oshimi","","line-31018"
"station-3101901","이세와카마츠","伊勢若松","いせわかまつ","Isewakamatsu","","line-31019"
"station-3101902","야나기","柳","やなぎ","Yanagi","","line-31019"
"station-3101903","스즈카시","鈴鹿市","すずかし","Suzukashi","","line-31019"
"station-3101904","산니치시","三日市","さんにちし","Sannichishi","","line-31019"
"station-3101905","히라타마치","平田町","ひらたまち","Hiratamachi","","line-31019"
"station-3102003","카와우치코사카","河内小阪","かわうちこさか","Kawauchikosaka","","line-31020"
"station-3102004","하치노헤노사토","八戸ノ里","はちのへのさと","Hachinohenosato","","line-31020"
"station-3102005","와카에이와타","若江岩田","わかえいわた","Wakaeiwata","","line-31020"
"station-3102006","카와치하나조노","河内花園","かわちはなぞの","Kawachihanazono","","line-31020"
"station-3102007","히가시하나조노","東花園","ひがしはなぞの","Higashihanazono","","line-31020"
"station-3102008","후쿠베야마","瓢箪山","ふくべやま","Fukubeyama","","line-31020"
"station-3102009","마이오카","枚岡","まいおか","Maioka","","line-31020"
"station-3102010","누카타","額田","ぬかた","Nukata","","line-31020"
"station-3102011","이시키리","石切","いしきり","Ishikiri","","line-31020"
"station-3102013","히가시이코마","東生駒","ひがしいこま","Higashiikoma","","line-31020"
"station-3102014","토미오","富雄","とみお","Tomio","","line-31020"
"station-3102015","가쿠엔마에","学園前","がくえんまえ","Gakuemmae","","line-31020"
"station-3102016","아야메이케","菖蒲池","あやめいけ","Ayameike","","line-31020"
"station-3102018","신오미야","新大宮","しんおおみや","Shin'ōMiya","","line-31020"
"station-3102019","킨테츠나라","近鉄奈良","きんてつなら","Kintetsunara","","line-31020"
"station-3102102","핫토리가와","服部川","はっとりがわ","Hattorigawa","","line-31021"
"station-3102103","시기야마구치","信貴山口","しぎやまぐち","Shigiyamaguchi","","line-31021"
"station-3102202","키시","喜志","きし","Kishi","","line-31022"
"station-3102203","토미타린","富田林","とみたりん","Tomitarin","","line-31022"
"station-3102204","톤다바야시니시구치","富田林西口","とんだばやしにしぐち","Tondabayashinishiguchi","","line-31022"
"station-3102205","카와니시","川西","かわにし","Kawanishi","","line-31022"
"station-3102206","타키야후도","滝谷不動","たきやふどう","Takiyafudō","","line-31022"
"station-3102207","시오노미야","汐ノ宮","しおのみや","Shionomiya","","line-31022"
"station-3102208","카와치나가노","河内長野","かわちながの","Kawachinagano","","line-31022"
"station-3102301","나가타","長田","ながた","Nagata","","line-31023"
"station-3102302","아라모토","荒本","あらもと","Aramoto","","line-31023"
"station-3102303","요시다","吉田","よしだ","Yoshida","","line-31023"
"station-3102304","신이시키리","新石切","しんいしきり","Shinishikiri","","line-31023"
"station-3102306","시라니와다이","白庭台","しらにわだい","Shiraniwadai","","line-31023"
"station-3102307","갓켄키타이코마","学研北生駒","がっけんきたいこま","Gakkenkitaikoma","","line-31023"
"station-3102308","갓켄나라토미가오카","学研奈良登美ヶ丘","がっけんならとみゖおか","Gakkennaratomikeoka","","line-31023"
"station-3102402","타카야스야마","高安山","たかやすやま","Takayasuyama","","line-31024"
"station-3102502","토지","東寺","とうじ","TōJi","","line-31025"
"station-3102503","주조","十条","じゅうじょう","JūJō","","line-31025"
"station-3102504","카미토바구치","上鳥羽口","かみとばぐち","Kamitobaguchi","","line-31025"
"station-3102505","타케다","竹田","たけだ","Takeda","","line-31025"
"station-3102506","후시미","伏見","ふしみ","Fushimi","","line-31025"
"station-3102507","킨테츠탄바바시","近鉄丹波橋","きんてつたんばばし","Kintetsutambabashi","","line-31025"
"station-3102508","모모야마고료마에","桃山御陵前","ももやまごりょうまえ","MomoyamagoryōMae","","line-31025"
"station-3102509","무코지마","向島","むこうじま","MukōJima","","line-31025"
"station-3102510","오구라","小倉","おぐら","Ogura","","line-31025"
"station-3102511","이세다","伊勢田","いせだ","Iseda","","line-31025"
"station-3102512","오쿠보","大久保","おおくぼ","ōKubo","","line-31025"
"station-3102513","히사츠가와","久津川","ひさつがわ","Hisatsugawa","","line-31025"
"station-3102514","테라다","寺田","てらだ","Terada","","line-31025"
"station-3102515","토노쇼","富野荘","とのしょう","Tonoshō","","line-31025"
"station-3102516","닛타아타리","新田辺","にったあたり","Nittaatari","","line-31025"
"station-3102517","코도","興戸","こうど","KōDo","","line-31025"
"station-3102519","킨테츠미야즈","近鉄宮津","きんてつみやづ","Kintetsumiyazu","","line-31025"
"station-3102522","키즈가와다이","木津川台","きづがわだい","Kizugawadai","","line-31025"
"station-3102523","야마다카와","山田川","やまだかわ","Yamadakawa","","line-31025"
"station-3102524","타카노하라","高の原","たかのはら","Takanohara","","line-31025"
"station-3102525","히라지로","平城","ひらじろ","Hirajiro","","line-31025"
"station-3102602","호잔지","宝山寺","ほうざんじ","HōZanji","","line-31026"
"station-3102603","우메야시키","梅屋敷","うめやしき","Umeyashiki","","line-31026"
"station-3102604","카스미가오카","霞ヶ丘","かすみがおか","Kasumigaoka","","line-31026"
"station-3102605","이코마산조","生駒山上","いこまさんじょう","Ikomasanjō","","line-31026"
"station-3102702","코메노","米野","こめの","Komeno","","line-31027"
"station-3102703","오곤","黄金","おうごん","ōGon","","line-31027"
"station-3102704","카스모리","烏森","かすもり","Kasumori","","line-31027"
"station-3102706","후세야","伏屋","ふせや","Fuseya","","line-31027"
"station-3102707","토다","戸田","とだ","Toda","","line-31027"
"station-3102708","킨테츠카니에","近鉄蟹江","きんてつかにえ","Kintetsukanie","","line-31027"
"station-3102709","토미키치","富吉","とみきち","Tomikichi","","line-31027"
"station-3102710","사코키","佐古木","さこき","Sakoki","","line-31027"
"station-3102714","마스오","益生","ますお","Masuo","","line-31027"
"station-3102715","이세아사히","伊勢朝日","いせあさひ","Iseasahi","","line-31027"
"station-3102716","카와고에토미시마겐","川越富洲原","かわごえとみしまげん","Kawagoetomishimagen","","line-31027"
"station-3102717","킨테츠토미다","近鉄富田","きんてつとみだ","Kintetsutomida","","line-31027"
"station-3102718","카스미가우라","霞ヶ浦","かすみがうら","Kasumigaura","","line-31027"
"station-3102719","아쿠라가와","阿倉川","あくらがわ","Akuragawa","","line-31027"
"station-3102720","카와하라마치","川原町","かわはらまち","Kawaharamachi","","line-31027"
"station-3102722","신쇼","新正","しんしょう","Shinshō","","line-31027"
"station-3102723","미야마도","海山道","みやまど","Miyamado","","line-31027"
"station-3102724","시오하마","塩浜","しおはま","Shiohama","","line-31027"
"station-3102725","키타쿠스노키","北楠","きたくすのき","Kitakusunoki","","line-31027"
"station-3102726","쿠스노키","楠","くすのき","Kusunoki","","line-31027"
"station-3102727","나고노라","長太ノ浦","なごのうら","Nagonoura","","line-31027"
"station-3102728","미타","箕田","みた","Mita","","line-31027"
"station-3102730","치요자키","千代崎","ちよざき","Chiyozaki","","line-31027"
"station-3102731","시라코","白子","しらこ","Shirako","","line-31027"
"station-3102732","츠즈미가우라","鼓ヶ浦","つづみがうら","Tsuzumigaura","","line-31027"
"station-3102733","이소야마","磯山","いそやま","Isoyama","","line-31027"
"station-3102734","센리","千里","せんり","Senri","","line-31027"
"station-3102735","토요츠우에노","豊津上野","とよつうえの","Toyotsuueno","","line-31027"
"station-3102736","시로츠카","白塚","しろつか","Shirotsuka","","line-31027"
"station-3102737","타카다혼잔","高田本山","たかだほんざん","Takadahonzan","","line-31027"
"station-3102738","에도바시","江戸橋","えどばし","Edobashi","","line-31027"
"station-3102740","츠신마치","津新町","つしんまち","Tsushimmachi","","line-31027"
"station-3102741","미나미가오카","南が丘","みなみがおか","Minamigaoka","","line-31027"
"station-3102742","히사이","久居","ひさい","Hisai","","line-31027"
"station-3102743","모모조노","桃園","ももぞの","Momozono","","line-31027"
"station-3200101","난바","難波","なんば","Namba","","line-32001"
"station-3200103","텐가차야","天下茶屋","てんがちゃや","Tengachaya","","line-32001"
"station-3200104","키시노사토타마데","岸里玉出","きしのさとたまで","Kishinosatotamade","","line-32001"
"station-3200105","코하마","粉浜","こはま","Kohama","","line-32001"
"station-3200106","스미요시타이샤","住吉大社","すみよしたいしゃ","Sumiyoshitaisha","","line-32001"
"station-3200107","스미노에","住ノ江","すみのえ","Suminoe","","line-32001"
"station-3200108","시치도","七道","しちどう","Shichidō","","line-32001"
"station-3200109","사카이","堺","さかい","Sakai","","line-32001"
"station-3200110","미나토","湊","みなと","Minato","","line-32001"
"station-3200111","이시즈가와","石津川","いしづがわ","Ishizugawa","","line-32001"
"station-3200112","스와노모리","諏訪ノ森","すわのもり","Suwanomori","","line-32001"
"station-3200113","하마데라코엔","浜寺公園","はまでらこうえん","HamaderakōEn","","line-32001"
"station-3200115","타카이시","高石","たかいし","Takaishi","","line-32001"
"station-3200116","키타스케마츠","北助松","きたすけまつ","Kitasukematsu","","line-32001"
"station-3200117","마츠노하마","松ノ浜","まつのはま","Matsunohama","","line-32001"
"station-3200118","이즈미오츠","泉大津","いずみおおつ","IzumiōTsu","","line-32001"
"station-3200119","타다오카","忠岡","ただおか","Tadaoka","","line-32001"
"station-3200120","하루키","春木","はるき","Haruki","","line-32001"
"station-3200121","이즈미오미야","和泉大宮","いずみおおみや","IzumiōMiya","","line-32001"
"station-3200122","키시와다","岸和田","きしわだ","Kishiwada","","line-32001"
"station-3200123","타코지조","蛸地蔵","たこじぞう","Takojizō","","line-32001"
"station-3200124","카이즈카","貝塚","かいづか","Kaizuka","","line-32001"
"station-3200125","니시키노하마","二色浜","にしきのはま","Nishikinohama","","line-32001"
"station-3200126","츠루하라","鶴原","つるはら","Tsuruhara","","line-32001"
"station-3200127","이하라사토","井原里","いはらさと","Iharasato","","line-32001"
"station-3200128","이즈미사노","泉佐野","いずみさの","Izumisano","","line-32001"
"station-3200129","하구라자키","羽倉崎","はぐらざき","Hagurazaki","","line-32001"
"station-3200130","요시미노사토","吉見ノ里","よしみのさと","Yoshiminosato","","line-32001"
"station-3200131","오카다우라","岡田浦","おかだうら","Okadaura","","line-32001"
"station-3200132","타루이","樽井","たるい","Tarui","","line-32001"
"station-3200133","오자키","尾崎","おざき","Ozaki","","line-32001"
"station-3200134","톳토리노쇼","鳥取ノ荘","とっとりのしょう","Tottorinoshō","","line-32001"
"station-3200135","하코츠쿠리","箱作","はこつくり","Hakotsukuri","","line-32001"
"station-3200136","탄노와","淡輪","たんのわ","Tannowa","","line-32001"
"station-3200137","미사키코엔","みさき公園","みさきこうえん","MisakikōEn","","line-32001"
"station-3200138","타카코","孝子","たかこ","Takako","","line-32001"
"station-3200139","키노카와","紀ノ川","きのかわ","Kinokawa","","line-32001"
"station-3200141","와카야마다이가쿠마에","和歌山大学前","わかやまだいがくまえ","Wakayamadaigakumae","","line-32001"
"station-3200302","와카야마코","和歌山港","わかやまこう","Wakayamakō","","line-32003"
"station-3200402","캬라쿄","伽羅橋","きゃらきょう","Kyarakyō","","line-32004"
"station-3200403","타카시노하마","高師浜","たかしのはま","Takashinohama","","line-32004"
"station-3200503","히가시마츠에","東松江","ひがしまつえ","Higashimatsue","","line-32005"
"station-3200504","나카마츠에","中松江","なかまつえ","Nakamatsue","","line-32005"
"station-3200505","하치만마에","八幡前","はちまんまえ","Hachimanmae","","line-32005"
"station-3200506","니시노쇼","西ノ庄","にしのしょう","Nishinoshō","","line-32005"
"station-3200507","니리가하마","二里ヶ浜","にりがはま","Nirigahama","","line-32005"
"station-3200508","이소노라","磯ノ浦","いそのうら","Isonoura","","line-32005"
"station-3200509","카부토","加太","かぶと","Kabuto","","line-32005"
"station-3200602","후케마치","深日町","ふけまち","Fukemachi","","line-32006"
"station-3200603","후케코","深日港","ふけこう","Fukekō","","line-32006"
"station-3200604","타나가와","多奈川","たながわ","Tanagawa","","line-32006"
"station-3200702","이마미야에비스","今宮戎","いまみやえびす","Imamiyaebisu","","line-32007"
"station-3200704","하기노차야","萩ノ茶屋","はぎのちゃや","Haginochaya","","line-32007"
"station-3200707","테즈카야마","帝塚山","てづかやま","Tezukayama","","line-32007"
"station-3200708","스미요시히가시","住吉東","すみよしひがし","Sumiyoshihigashi","","line-32007"
"station-3200709","사와노마치","沢ノ町","さわのまち","Sawanomachi","","line-32007"
"station-3200710","아비코마에","我孫子前","あびこまえ","Abikomae","","line-32007"
"station-3200711","아사카야마","浅香山","あさかやま","Asakayama","","line-32007"
"station-3200712","사카이히가시","堺東","さかいひがし","Sakaihigashi","","line-32007"
"station-3200714","모즈야하타","百舌鳥八幡","もずやはた","Mozuyahata","","line-32007"
"station-3200715","나카모즈","中百舌鳥","なかもず","Nakamozu","","line-32007"
"station-3200716","시라사기","白鷺","しらさぎ","Shirasagi","","line-32007"
"station-3200717","하츠시바","初芝","はつしば","Hatsushiba","","line-32007"
"station-3200718","하기와라텐진","萩原天神","はぎわらてんじん","Hagiwaratenjin","","line-32007"
"station-3200719","키타노다","北野田","きたのだ","Kitanoda","","line-32007"
"station-3200720","사야마","狭山","さやま","Sayama","","line-32007"
"station-3200721","오사카사야마시","大阪狭山市","おおさかさやまし","ōSakasayamashi","","line-32007"
"station-3200722","키무츠요시","金剛","きむつよし","Kimutsuyoshi","","line-32007"
"station-3200723","타키야","滝谷","たきや","Takiya","","line-32007"
"station-3200724","치요다","千代田","ちよだ","Chiyoda","","line-32007"
"station-3200726","산니치시초","三日市町","さんにちしちょう","Sannichishichō","","line-32007"
"station-3200727","미카노다이","美加の台","みかのだい","Mikanodai","","line-32007"
"station-3200728","센하야쿠치","千早口","せんはやくち","Senhayakuchi","","line-32007"
"station-3200729","아마미","天見","あまみ","Amami","","line-32007"
"station-3200730","키미토게","紀見峠","きみとうげ","KimitōGe","","line-32007"
"station-3200731","린칸덴엔토시","林間田園都市","りんかんでんえんとし","Rinkanden'Entoshi","","line-32007"
"station-3200732","미유키츠지","御幸辻","みゆきつじ","Miyukitsuji","","line-32007"
"station-3200734","키이시미즈","紀伊清水","きいしみず","Kiishimizu","","line-32007"
"station-3200735","카무로","学文路","かむろ","Kamuro","","line-32007"
"station-3200736","쿠도산","九度山","くどさん","Kudosan","","line-32007"
"station-3200737","타카노카","高野下","たかのか","Takanoka","","line-32007"
"station-3200738","시모후루사와","下古沢","しもふるさわ","Shimofurusawa","","line-32007"
"station-3200739","카미후루사와","上古沢","かみふるさわ","Kamifurusawa","","line-32007"
"station-3200740","키이호소카와","紀伊細川","きいほそかわ","Kiihosokawa","","line-32007"
"station-3200741","키이카미야","紀伊神谷","きいかみや","Kiikamiya","","line-32007"
"station-3200742","고쿠라쿠바시","極楽橋","ごくらくばし","Gokurakubashi","","line-32007"
"station-3200802","코야산","高野山","こうやさん","KōYasan","","line-32008"
"station-3200901","시오미바시","汐見橋","しおみばし","Shiomibashi","","line-32009"
"station-3200902","아와라마치","芦原町","あわらまち","Awaramachi","","line-32009"
"station-3200903","키즈가와","木津川","きづがわ","Kizugawa","","line-32009"
"station-3200904","츠모리","津守","つもり","Tsumori","","line-32009"
"station-3200905","니시텐가차야","西天下茶屋","にしてんがちゃや","Nishitengachaya","","line-32009"
"station-3300101","산조","三条","さんじょう","Sanjō","","line-33001"
"station-3300102","기온시조","祇園四条","ぎおんしじょう","Gionshijō","","line-33001"
"station-3300103","시미즈고조","清水五条","しみずごじょう","Shimizugojō","","line-33001"
"station-3300104","나나조","七条","ななじょう","Nanajō","","line-33001"
"station-3300106","토바카이도","鳥羽街道","とばかいどう","Tobakaidō","","line-33001"
"station-3300107","후시미이나리","伏見稲荷","ふしみいなり","Fushimiinari","","line-33001"
"station-3300108","류코쿠다이젠후카쿠사","龍谷大前深草","りゅうこくだいぜんふかくさ","RyūKokudaizenfukakusa","","line-33001"
"station-3300109","후지모리","藤森","ふじもり","Fujimori","","line-33001"
"station-3300110","스미조메","墨染","すみぞめ","Sumizome","","line-33001"
"station-3300113","츄쇼지마","中書島","ちゅうしょじま","ChūShojima","","line-33001"
"station-3300114","요도","淀","よど","Yodo","","line-33001"
"station-3300115","이와시미즈하치만구우","石清水八幡宮","いわしみずはちまんぐう","Iwashimizuhachimangū","","line-33001"
"station-3300116","하시모토","橋本","はしもと","Hashimoto","","line-33001"
"station-3300117","쿠즈하","樟葉","くずは","Kuzuha","","line-33001"
"station-3300118","마키노","牧野","まきの","Makino","","line-33001"
"station-3300119","고텐야마","御殿山","ごてんやま","Goten'Yama","","line-33001"
"station-3300120","히라카타시","枚方市","ひらかたし","Hirakatashi","","line-33001"
"station-3300121","히라카타코엔","枚方公園","ひらかたこうえん","HirakatakōEn","","line-33001"
"station-3300122","코젠지","光善寺","こうぜんじ","KōZenji","","line-33001"
"station-3300123","코리엔","香里園","こうりえん","KōRien","","line-33001"
"station-3300124","네야가와시","寝屋川市","ねやがわし","Neyagawashi","","line-33001"
"station-3300125","카야시마","萱島","かやしま","Kayashima","","line-33001"
"station-3300126","오와다","大和田","おおわだ","ōWada","","line-33001"
"station-3300127","후루카와쿄","古川橋","ふるかわきょう","Furukawakyō","","line-33001"
"station-3300128","카도마시","門真市","かどまし","Kadomashi","","line-33001"
"station-3300129","니시산소","西三荘","にしさんそう","Nishisansō","","line-33001"
"station-3300130","모리구치시","守口市","もりぐちし","Moriguchishi","","line-33001"
"station-3300131","도이","土居","どい","Doi","","line-33001"
"station-3300132","타키이","滝井","たきい","Takii","","line-33001"
"station-3300133","센바야시","千林","せんばやし","Sembayashi","","line-33001"
"station-3300134","모리쇼지","森小路","もりしょうじ","MorishōJi","","line-33001"
"station-3300135","세키메","関目","せきめ","Sekime","","line-33001"
"station-3300138","텐마바시","天満橋","てんまばし","Temmabashi","","line-33001"
"station-3300139","키타하마","北浜","きたはま","Kitahama","","line-33001"
"station-3300140","요도야바시","淀屋橋","よどやばし","Yodoyabashi","","line-33001"
"station-3300401","데마치야나기","出町柳","でまちやなぎ","Demachiyanagi","","line-33001"
"station-3300402","진구마루타마치","神宮丸太町","じんぐうまるたまち","JingūMarutamachi","","line-33001"
"station-3300202","칸게츠쿄","観月橋","かんげつきょう","Kangetsukyō","","line-33002"
"station-3300203","모모야마미나미구치","桃山南口","ももやまみなみぐち","Momoyamaminamiguchi","","line-33002"
"station-3300204","로쿠지조","六地蔵","ろくじぞう","Rokujizō","","line-33002"
"station-3300205","키바타","木幡","きばた","Kibata","","line-33002"
"station-3300207","산시츠토","三室戸","さんしつと","Sanshitsuto","","line-33002"
"station-3300208","우지","宇治","うじ","Uji","","line-33002"
"station-3300302","미야노사카","宮之阪","みやのさか","Miyanosaka","","line-33003"
"station-3300303","호시가오카","星ヶ丘","ほしがおか","Hoshigaoka","","line-33003"
"station-3300304","무라노","村野","むらの","Murano","","line-33003"
"station-3300305","코오즈","郡津","こおづ","KōZu","","line-33003"
"station-3300306","카타노시","交野市","かたのし","Katanoshi","","line-33003"
"station-3300307","카와치모리","河内森","かわちもり","Kawachimori","","line-33003"
"station-3300308","키사이치","私市","きさいち","Kisaichi","","line-33003"
"station-3300502","케이블하치만구산조","ケーブル八幡宮山上","けーぶるはちまんぐうさんじょう","KēBuruhachimangūSanjō","","line-33005"
"station-3300601","이시야마데라","石山寺","いしやまでら","Ishiyamadera","","line-33006"
"station-3300602","카라하시마에","唐橋前","からはしまえ","Karahashimae","","line-33006"
"station-3300604","아와즈","粟津","あわづ","Awazu","","line-33006"
"station-3300605","카와라가하마","瓦ヶ浜","かわらがはま","Kawaragahama","","line-33006"
"station-3300606","나카노쇼","中ノ庄","なかのしょう","Nakanoshō","","line-33006"
"station-3300607","제제혼마치","膳所本町","ぜぜほんまち","Zezehommachi","","line-33006"
"station-3300608","니시키","錦","にしき","Nishiki","","line-33006"
"station-3300610","이시바","石場","いしば","Ishiba","","line-33006"
"station-3300611","시마노세키","島ノ関","しまのせき","Shimanoseki","","line-33006"
"station-3300612","비와코하마오츠","びわ湖浜大津","びわこはまおおつ","BiwakohamaōTsu","","line-33006"
"station-3300613","미이데라","三井寺","みいでら","Miidera","","line-33006"
"station-3300614","오츠시야쿠쇼마에","大津市役所前","おおつしやくしょまえ","ōTsushiyakushomae","","line-33006"
"station-3300616","오미진구마에","近江神宮前","おうみじんぐうまえ","ōMijingūMae","","line-33006"
"station-3300617","미나미시가","南滋賀","みなみしが","Minamishiga","","line-33006"
"station-3300618","시가사토","滋賀里","しがさと","Shigasato","","line-33006"
"station-3300619","아노","穴太","あのう","Anō","","line-33006"
"station-3300620","마츠노바바","松ノ馬場","まつのばば","Matsunobaba","","line-33006"
"station-3300621","사카모토히에이잔구치","坂本比叡山口","さかもとひえいざんぐち","Sakamotohieizanguchi","","line-33006"
"station-3300701","고료","御陵","ごりょう","Goryō","","line-33007"
"station-3300703","시노미야","四宮","しのみや","Shinomiya","","line-33007"
"station-3300704","오이와케","追分","おいわけ","Oiwake","","line-33007"
"station-3300705","오야","大谷","おおや","ōYa","","line-33007"
"station-3300706","카미사카에마치","上栄町","かみさかえまち","Kamisakaemachi","","line-33007"
"station-3300804","와타나베쿄","渡辺橋","わたなべきょう","Watanabekyō","","line-33008"
"station-3300805","나카노시마","中之島","なかのしま","Nakanoshima","","line-33008"
"station-3400102","나카츠","中津","なかつ","Nakatsu","","line-34001"
"station-3400103","주산","十三","じゅうさん","JūSan","","line-34001"
"station-3400104","칸자키가와","神崎川","かんざきがわ","Kanzakigawa","","line-34001"
"station-3400105","소노다","園田","そのだ","Sonoda","","line-34001"
"station-3400106","츠카구치","塚口","つかぐち","Tsukaguchi","","line-34001"
"station-3400107","무코노소","武庫之荘","むこのそう","Mukonosō","","line-34001"
"station-3400108","니시노미야키타구치","西宮北口","にしのみやきたぐち","Nishinomiyakitaguchi","","line-34001"
"station-3400109","슈쿠가와","夙川","しゅくがわ","Shukugawa","","line-34001"
"station-3400110","아시야가와","芦屋川","あしやがわ","Ashiyagawa","","line-34001"
"station-3400111","오카모토","岡本","おかもと","Okamoto","","line-34001"
"station-3400112","미카게","御影","みかげ","Mikage","","line-34001"
"station-3400113","롯코","六甲","ろっこう","Rokkō","","line-34001"
"station-3400114","오지코엔","王子公園","おうじこうえん","ōJikōEn","","line-34001"
"station-3400115","카스가노미치","春日野道","かすがのみち","Kasuganomichi","","line-34001"
"station-3400204","산코쿠","三国","さんこく","Sankoku","","line-34002"
"station-3400205","쇼나이","庄内","しょうない","ShōNai","","line-34002"
"station-3400206","핫토리텐진","服部天神","はっとりてんじん","Hattoritenjin","","line-34002"
"station-3400207","소네","曽根","そね","Sone","","line-34002"
"station-3400208","오카마치","岡町","おかまち","Okamachi","","line-34002"
"station-3400209","토요나카","豊中","とよなか","Toyonaka","","line-34002"
"station-3400210","호타루가이케","蛍池","ほたるがいけ","Hotarugaike","","line-34002"
"station-3400211","이시바시한다이마에","石橋阪大前","いしばしはんだいまえ","Ishibashihandaimae","","line-34002"
"station-3400212","이케다","池田","いけだ","Ikeda","","line-34002"
"station-3400213","카와니시노세구치","川西能勢口","かわにしのせぐち","Kawanishinoseguchi","","line-34002"
"station-3400214","히바리가오카하나야시키","雲雀丘花屋敷","ひばりがおかはなやしき","Hibarigaokahanayashiki","","line-34002"
"station-3400215","야마모토","山本","やまもと","Yamamoto","","line-34002"
"station-3400216","나카야마칸논","中山観音","なかやまかんのん","Nakayamakannon","","line-34002"
"station-3400217","메후진자","売布神社","めふじんじゃ","Mefujinja","","line-34002"
"station-3400218","키요시코진","清荒神","きよしこうじん","KiyoshikōJin","","line-34002"
"station-3400302","카라스마","烏丸","からすま","Karasuma","","line-34003"
"station-3400303","오미야","大宮","おおみや","ōMiya","","line-34003"
"station-3400304","사이인","西院","さいいん","Saiin","","line-34003"
"station-3400305","니시쿄고쿠","西京極","にしきょうごく","NishikyōGoku","","line-34003"
"station-3400306","카츠라","桂","かつら","Katsura","","line-34003"
"station-3400307","라쿠니시구치","洛西口","らくにしぐち","Rakunishiguchi","","line-34003"
"station-3400308","히가시무코","東向日","ひがしむこう","Higashimukō","","line-34003"
"station-3400309","니시무코","西向日","にしむこう","Nishimukō","","line-34003"
"station-3400310","나가오카텐진","長岡天神","ながおかてんじん","Nagaokatenjin","","line-34003"
"station-3400312","미나세","水無瀬","みなせ","Minase","","line-34003"
"station-3400313","칸마키","上牧","かんまき","Kammaki","","line-34003"
"station-3400314","타카츠키시","高槻市","たかつきし","Takatsukishi","","line-34003"
"station-3400315","토미타","富田","とみた","Tomita","","line-34003"
"station-3400316","소지지","総持寺","そうじじ","SōJiji","","line-34003"
"station-3400317","이바라기시","茨木市","いばらぎし","Ibaragishi","","line-34003"
"station-3400318","미나미이바라키","南茨木","みなみいばらき","Minamiibaraki","","line-34003"
"station-3400319","쇼자쿠","正雀","しょうじゃく","ShōJaku","","line-34003"
"station-3400320","아이카와","相川","あいかわ","Aikawa","","line-34003"
"station-3400321","카미신조","上新庄","かみしんじょう","Kamishinjō","","line-34003"
"station-3400323","타카시젠테라","崇禅寺","たかしぜんてら","Takashizentera","","line-34003"
"station-3400324","난포","南方","なんぽう","Nampō","","line-34003"
"station-3400327","셋츠시","摂津市","せっつし","Settsushi","","line-34003"
"station-3400328","니시야마텐노잔","西山天王山","にしやまてんのうざん","NishiyamatennōZan","","line-34003"
"station-3400401","이마즈","今津","いまづ","Imazu","","line-34004"
"station-3400402","한신코쿠도","阪神国道","はんしんこくどう","Hanshinkokudō","","line-34004"
"station-3400404","몬코야쿠진","門戸厄神","もんこやくじん","Monkoyakujin","","line-34004"
"station-3400405","코토엔","甲東園","こうとうえん","KōTōEn","","line-34004"
"station-3400406","니가와","仁川","にがわ","Nigawa","","line-34004"
"station-3400407","코바야시","小林","こばやし","Kobayashi","","line-34004"
"station-3400408","사카세가와","逆瀬川","さかせがわ","Sakasegawa","","line-34004"
"station-3400409","타카라즈카미나미구치","宝塚南口","たからづかみなみぐち","Takarazukaminamiguchi","","line-34004"
"station-3400502","쿠라쿠엔구치","苦楽園口","くらくえんぐち","Kurakuenguchi","","line-34005"
"station-3400503","키노에요엔","甲陽園","きのえようえん","KinoeyōEn","","line-34005"
"station-3400602","이나노","稲野","いなの","Inano","","line-34006"
"station-3400603","신이타미","新伊丹","しんいたみ","Shinitami","","line-34006"
"station-3400604","이타미","伊丹","いたみ","Itami","","line-34006"
"station-3400702","사쿠라이","桜井","さくらい","Sakurai","","line-34007"
"station-3400703","마키오치","牧落","まきおち","Makiochi","","line-34007"
"station-3400704","미노오","箕面","みのお","Minoo","","line-34007"
"station-3400801","키타센리","北千里","きたせんり","Kitasenri","","line-34008"
"station-3400802","야마다","山田","やまだ","Yamada","","line-34008"
"station-3400803","미나미센리","南千里","みなみせんり","Minamisenri","","line-34008"
"station-3400804","센리야마","千里山","せんりやま","Senriyama","","line-34008"
"station-3400805","칸다이마에","関大前","かんだいまえ","Kandaimae","","line-34008"
"station-3400806","토요츠","豊津","とよつ","Toyotsu","","line-34008"
"station-3400807","스이타","吹田","すいた","Suita","","line-34008"
"station-3400808","시모신조","下新庄","しもしんじょう","Shimoshinjō","","line-34008"
"station-3400810","쿠니지마","柴島","くにじま","Kunijima","","line-34008"
"station-3400811","텐진바시스지로쿠초메","天神橋筋六丁目","てんじんばしすじろくちょうめ","TenjimbashisujirokuchōMe","","line-34008"
"station-3400902","우에카츠라","上桂","うえかつら","Uekatsura","","line-34009"
"station-3400903","마츠오타이샤","松尾大社","まつおたいしゃ","Matsuotaisha","","line-34009"
"station-3400904","아라시야마","嵐山","あらしやま","Arashiyama","","line-34009"
"station-3500104","요도가와","淀川","よどがわ","Yodogawa","","line-35001"
"station-3500105","히메시마","姫島","ひめしま","Himeshima","","line-35001"
"station-3500106","치부네","千船","ちぶね","Chibune","","line-35001"
"station-3500107","쿠이세","杭瀬","くいせ","Kuise","","line-35001"
"station-3500108","오모노","大物","おおもの","ōMono","","line-35001"
"station-3500109","아마가사키","尼崎","あまがさき","Amagasaki","","line-35001"
"station-3500110","데야시키","出屋敷","でやしき","Deyashiki","","line-35001"
"station-3500111","아마가사키센터푸루마에","尼崎センタープール前","あまがさきせんたーぷーるまえ","AmagasakisentāPūRumae","","line-35001"
"station-3500112","무코가와","武庫川","むこがわ","Mukogawa","","line-35001"
"station-3500113","나루오·무코가와조시다이마에","鳴尾・武庫川女子大前","なるお・むこがわじょしだいまえ","Naruo･Mukogawajoshidaimae","","line-35001"
"station-3500114","코시엔","甲子園","こうしえん","KōShien","","line-35001"
"station-3500115","큐주가와","久寿川","きゅうじゅがわ","KyūJugawa","","line-35001"
"station-3500117","니시노미야","西宮","にしのみや","Nishinomiya","","line-35001"
"station-3500118","코하제엔","香櫨園","こうはぜえん","KōHazeen","","line-35001"
"station-3500119","우치데","打出","うちで","Uchide","","line-35001"
"station-3500120","아시야","芦屋","あしや","Ashiya","","line-35001"
"station-3500121","후카에","深江","ふかえ","Fukae","","line-35001"
"station-3500122","아오키","青木","あおき","Aoki","","line-35001"
"station-3500123","우오자키","魚崎","うおざき","Uozaki","","line-35001"
"station-3500124","스미요시","住吉","すみよし","Sumiyoshi","","line-35001"
"station-3500125","미카게","御影","みかげ","Mikage","","line-35001"
"station-3500126","이시야가와","石屋川","いしやがわ","Ishiyagawa","","line-35001"
"station-3500127","신아리이에","新在家","しんありいえ","Shinariie","","line-35001"
"station-3500128","오이시","大石","おおいし","ōIshi","","line-35001"
"station-3500129","니시나다","西灘","にしなだ","Nishinada","","line-35001"
"station-3500130","이와야","岩屋","いわや","Iwaya","","line-35001"
"station-3500131","카스가노미치","春日野道","かすがのみち","Kasuganomichi","","line-35001"
"station-3500202","치도리쿄","千鳥橋","ちどりきょう","Chidorikyō","","line-35002"
"station-3500203","덴보","伝法","でんぼう","Dembō","","line-35002"
"station-3500204","후쿠","福","ふく","Fuku","","line-35002"
"station-3500205","데키시마","出来島","できしま","Dekishima","","line-35002"
"station-3500208","큐조","九条","きゅうじょう","KyūJō","","line-35002"
"station-3500209","도무마에","ドーム前","どーむまえ","DōMumae","","line-35002"
"station-3500302","히가시나루오","東鳴尾","ひがしなるお","Higashinaruo","","line-35003"
"station-3500303","스사키","洲先","すさき","Susaki","","line-35003"
"station-3500304","무코가와단치마에","武庫川団地前","むこがわだんちまえ","Mukogawadanchimae","","line-35003"
"station-3600101","니시테츠후쿠오카(텐진)","西鉄福岡（天神）","にしてつふくおか（てんじん）","Nishitetsufukuoka(Tenjin)","","line-36001"
"station-3600102","야쿠인","薬院","やくいん","Yakuin","","line-36001"
"station-3600103","니시테츠히라오","西鉄平尾","にしてつひらお","Nishitetsuhirao","","line-36001"
"station-3600104","타카미야","高宮","たかみや","Takamiya","","line-36001"
"station-3600105","오하시","大橋","おおはし","ōHashi","","line-36001"
"station-3600106","이지리","井尻","いじり","Ijiri","","line-36001"
"station-3600107","잣쇼노쿠마","雑餉隈","ざっしょのくま","Zasshonokuma","","line-36001"
"station-3600108","카스가겐","春日原","かすがげん","Kasugagen","","line-36001"
"station-3600109","시라키하라","白木原","しらきはら","Shirakihara","","line-36001"
"station-3600110","시모오리","下大利","しもおおり","ShimoōRi","","line-36001"
"station-3600111","토후로마에","都府楼前","とふろうまえ","TofurōMae","","line-36001"
"station-3600112","니시테츠후츠카이치","西鉄二日市","にしてつふつかいち","Nishitetsufutsukaichi","","line-36001"
"station-3600113","아사쿠라카이도","朝倉街道","あさくらかいどう","Asakurakaidō","","line-36001"
"station-3600114","사쿠라다이","桜台","さくらだい","Sakuradai","","line-36001"
"station-3600115","츠쿠시","筑紫","つくし","Tsukushi","","line-36001"
"station-3600116","츠코","津古","つこ","Tsuko","","line-36001"
"station-3600117","미쿠니가오카","三国が丘","みくにがおか","Mikunigaoka","","line-36001"
"station-3600118","미사와","三沢","みさわ","Misawa","","line-36001"
"station-3600119","타이호","大保","たいほ","Taiho","","line-36001"
"station-3600120","니시테츠오고리","西鉄小郡","にしてつおごおり","NishitetsuogōRi","","line-36001"
"station-3600121","하지칸","端間","はじかん","Hajikan","","line-36001"
"station-3600122","아지자카","味坂","あじざか","Ajizaka","","line-36001"
"station-3600123","미야노진","宮の陣","みやのじん","Miyanojin","","line-36001"
"station-3600124","쿠시하라","櫛原","くしはら","Kushihara","","line-36001"
"station-3600125","니시테츠쿠루메","西鉄久留米","にしてつくるめ","Nishitetsukurume","","line-36001"
"station-3600126","하나하타","花畑","はなはた","Hanahata","","line-36001"
"station-3600127","시켄조마에","試験場前","しけんじょうまえ","ShikenjōMae","","line-36001"
"station-3600128","츠부쿠","津福","つぶく","Tsubuku","","line-36001"
"station-3600129","야스타케","安武","やすたけ","Yasutake","","line-36001"
"station-3600130","다이젠지","大善寺","だいぜんじ","Daizenji","","line-36001"
"station-3600131","미즈마","三潴","みずま","Mizuma","","line-36001"
"station-3600132","이누즈카","犬塚","いぬづか","Inuzuka","","line-36001"
"station-3600133","오미조","大溝","おおみぞ","ōMizo","","line-36001"
"station-3600134","핫초무타","八丁牟田","はっちょうむた","HatchōMuta","","line-36001"
"station-3600135","카마치","蒲池","かまち","Kamachi","","line-36001"
"station-3600136","야카베","矢加部","やかべ","Yakabe","","line-36001"
"station-3600137","니시테츠야나가와","西鉄柳川","にしてつやながわ","Nishitetsuyanagawa","","line-36001"
"station-3600138","토쿠마스","徳益","とくます","Tokumasu","","line-36001"
"station-3600139","시오츠카","塩塚","しおつか","Shiotsuka","","line-36001"
"station-3600140","니시테츠나카시마","西鉄中島","にしてつなかしま","Nishitetsunakashima","","line-36001"
"station-3600141","에노라","江の浦","えのうら","Enoura","","line-36001"
"station-3600142","히라쿠","開","ひらく","Hiraku","","line-36001"
"station-3600143","니시테츠와타제","西鉄渡瀬","にしてつわたぜ","Nishitetsuwataze","","line-36001"
"station-3600144","쿠라히사시","倉永","くらひさし","Kurahisashi","","line-36001"
"station-3600145","히가시아마기","東甘木","ひがしあまぎ","Higashiamagi","","line-36001"
"station-3600146","니시테츠긴스이","西鉄銀水","にしてつぎんすい","Nishitetsuginsui","","line-36001"
"station-3600147","신에이마치","新栄町","しんえいまち","Shin'Eimachi","","line-36001"
"station-3600149","무라사키","紫","むらさき","Murasaki","","line-36001"
"station-3600202","니시테츠고조","西鉄五条","にしてつごじょう","Nishitetsugojō","","line-36002"
"station-3600203","다자이후","太宰府","だざいふ","Dazaifu","","line-36002"
"station-3600302","고로마루","五郎丸","ごろうまる","GorōMaru","","line-36003"
"station-3600303","갓코마에","学校前","がっこうまえ","GakkōMae","","line-36003"
"station-3600304","코가차야","古賀茶屋","こがちゃや","Kogachaya","","line-36003"
"station-3600305","키타노","北野","きたの","Kitano","","line-36003"
"station-3600306","오시로","大城","おおしろ","ōShiro","","line-36003"
"station-3600307","카네지마","金島","かねじま","Kanejima","","line-36003"
"station-3600308","오제키","大堰","おおぜき","ōZeki","","line-36003"
"station-3600309","혼고","本郷","ほんごう","Hongō","","line-36003"
"station-3600310","카미우라","上浦","かみうら","Kamiura","","line-36003"
"station-3600311","마다","馬田","まだ","Mada","","line-36003"
"station-3600312","아마기","甘木","あまぎ","Amagi","","line-36003"
"station-3600401","카이즈카","貝塚","かいづか","Kaizuka","","line-36004"
"station-3600402","나지마","名島","なじま","Najima","","line-36004"
"station-3600404","카시이미야마에","香椎宮前","かしいみやまえ","Kashiimiyamae","","line-36004"
"station-3600405","니시테츠카시이","西鉄香椎","にしてつかしい","Nishitetsukashii","","line-36004"
"station-3600406","카시이카엔마에","香椎花園前","かしいかえんまえ","Kashiikaemmae","","line-36004"
"station-3600407","토노하라","唐の原","とうのはら","TōNohara","","line-36004"
"station-3600409","미토마","三苫","みとま","Mitoma","","line-36004"
"station-3600410","니시테츠신구","西鉄新宮","にしてつしんぐう","Nishitetsushingū","","line-36004"
"station-9910101","미야노사와","宮の沢","みやのさわ","Miyanosawa","","line-99101"
"station-9910102","핫사무미나미","発寒南","はっさむみなみ","Hassamuminami","","line-99101"
"station-9910103","코토니","琴似","ことに","Kotoni","","line-99101"
"station-9910104","니주욘켄","二十四軒","にじゅうよんけん","NijūYonken","","line-99101"
"station-9910105","니시２８초메","西２８丁目","にし２８ちょうめ","Nishi28chōMe","","line-99101"
"station-9910106","마루야마코엔","円山公園","まるやまこうえん","MaruyamakōEn","","line-99101"
"station-9910107","니시１８초메","西１８丁目","にし１８ちょうめ","Nishi18chōMe","","line-99101"
"station-9910108","니시１１초메","西１１丁目","にし１１ちょうめ","Nishi11chōMe","","line-99101"
"station-9910109","다이츠우","大通","だいつう","Daitsū","","line-99101"
"station-9910110","바스센터마에","バスセンター前","ばすせんたーまえ","BasusentāMae","","line-99101"
"station-9910111","키쿠스이","菊水","きくすい","Kikusui","","line-99101"
"station-9910112","히가시삿포로","東札幌","ひがしさっぽろ","Higashisapporo","","line-99101"
"station-9910113","시라이시","白石","しらいし","Shiraishi","","line-99101"
"station-9910114","난고７초메","南郷７丁目","なんごう７ちょうめ","Nangō7chōMe","","line-99101"
"station-9910115","난고１３초메","南郷１３丁目","なんごう１３ちょうめ","Nangō13chōMe","","line-99101"
"station-9910116","난고１８초메","南郷１８丁目","なんごう１８ちょうめ","Nangō18chōMe","","line-99101"
"station-9910117","오야치","大谷地","おおやち","ōYachi","","line-99101"
"station-9910118","히바리가오카","ひばりが丘","ひばりがおか","Hibarigaoka","","line-99101"
"station-9910201","아소","麻生","あそう","Asō","","line-99102"
"station-9910202","키타３４조","北３４条","きた３４じょう","Kita34jō","","line-99102"
"station-9910203","키타２４조","北２４条","きた２４じょう","Kita24jō","","line-99102"
"station-9910204","키타１８조","北１８条","きた１８じょう","Kita18jō","","line-99102"
"station-9910205","키타１２조","北１２条","きた１２じょう","Kita12jō","","line-99102"
"station-9910208","스스키노","すすきの","すすきの","Susukino","","line-99102"
"station-9910209","나카지마코엔","中島公園","なかじまこうえん","NakajimakōEn","","line-99102"
"station-9910210","호로타이라쿄","幌平橋","ほろたいらきょう","Horotairakyō","","line-99102"
"station-9910211","나카노시마","中の島","なかのしま","Nakanoshima","","line-99102"
"station-9910212","히라기시","平岸","ひらぎし","Hiragishi","","line-99102"
"station-9910213","미나미다이라키시","南平岸","みなみだいらきし","Minamidairakishi","","line-99102"
"station-9910214","스미카와","澄川","すみかわ","Sumikawa","","line-99102"
"station-9910215","지에이타이마에","自衛隊前","じえいたいまえ","Jieitaimae","","line-99102"
"station-9910216","마코마나이","真駒内","まこまない","Makomanai","","line-99102"
"station-9910301","사카에마치","栄町","さかえまち","Sakaemachi","","line-99103"
"station-9910302","신도히가시","新道東","しんどうひがし","ShindōHigashi","","line-99103"
"station-9910303","모토마치","元町","もとまち","Motomachi","","line-99103"
"station-9910304","칸조도리히가시","環状通東","かんじょうどおりひがし","KanjōDōRihigashi","","line-99103"
"station-9910305","히가시쿠야쿠쇼마에","東区役所前","ひがしくやくしょまえ","Higashikuyakushomae","","line-99103"
"station-9910306","키타주산조히가시","北１３条東","きたじゅうさんじょうひがし","KitajūSanjōHigashi","","line-99103"
"station-9910309","호스이스스키노","豊水すすきの","ほうすいすすきの","HōSuisusukino","","line-99103"
"station-9910310","가쿠엔마에","学園前","がくえんまえ","Gakuemmae","","line-99103"
"station-9910311","토요히라코엔","豊平公園","とよひらこうえん","ToyohirakōEn","","line-99103"
"station-9910312","미소노","美園","みその","Misono","","line-99103"
"station-9910313","츠키사무츄오","月寒中央","つきさむちゅうおう","Tsukisamuchūō","","line-99103"
"station-9910314","후쿠즈미","福住","ふくずみ","Fukuzumi","","line-99103"
"station-9910401","니시４초메","西４丁目","にし４ちょうめ","Nishi4chōMe","","line-99104"
"station-9910402","니시８초메","西８丁目","にし８ちょうめ","Nishi8chōMe","","line-99104"
"station-9910404","니시１５초메","西１５丁目","にし１５ちょうめ","Nishi15chōMe","","line-99104"
"station-9910405","니시센６조","西線６条","にしせん６じょう","Nishisen6jō","","line-99104"
"station-9910406","니시센９조아사히야마코엔도리","西線９条旭山公園通","にしせん９じょうあさひやまこうえんどおり","Nishisen9jōAsahiyamakōEndōRi","","line-99104"
"station-9910407","니시센１１조","西線１１条","にしせん１１じょう","Nishisen11jō","","line-99104"
"station-9910408","니시센１４조","西線１４条","にしせん１４じょう","Nishisen14jō","","line-99104"
"station-9910409","니시센１６조","西線１６条","にしせん１６じょう","Nishisen16jō","","line-99104"
"station-9910410","로푸웨이이리구치","ロープウェイ入口","ろーぷうぇいいりぐち","RōPuweiiriguchi","","line-99104"
"station-9910411","덴샤지교쇼마에","電車事業所前","でんしゃじぎょうしょまえ","DenshajigyōShomae","","line-99104"
"station-9910412","츄오토쇼칸마에","中央図書館前","ちゅうおうとしょかんまえ","ChūōToshokammae","","line-99104"
"station-9910413","이시야마토오루","石山通","いしやまとおる","IshiyamatōRu","","line-99104"
"station-9910414","히가시톤덴도리","東屯田通","ひがしとんでんどおり","HigashitondendōRi","","line-99104"
"station-9910415","코난쇼갓코마에","幌南小学校前","こうなんしょうがっこうまえ","KōNanshōGakkōMae","","line-99104"
"station-9910416","야마하나１９조","山鼻１９条","やまはな１９じょう","Yamahana19jō","","line-99104"
"station-9910417","세이슈가쿠엔마에","静修学園前","せいしゅうがくえんまえ","SeishūGakuemmae","","line-99104"
"station-9910418","교케이도리","行啓通","ぎょうけいどおり","GyōKeidōRi","","line-99104"
"station-9910419","나카지마코엔도리","中島公園通","なかじまこうえんどおり","NakajimakōEndōRi","","line-99104"
"station-9910420","야마하나９조","山鼻９条","やまはな９じょう","Yamahana9jō","","line-99104"
"station-9910421","히가시혼간지마에","東本願寺前","ひがしほんがんじまえ","Higashihonganjimae","","line-99104"
"station-9910422","시세이칸쇼갓코마에","資生館小学校前","しせいかんしょうがっこうまえ","ShiseikanshōGakkōMae","","line-99104"
"station-9910424","타누키코지","狸小路","たぬきこうじ","TanukikōJi","","line-99104"
"station-9910501","유노카와","湯の川","ゆのかわ","Yunokawa","","line-99105"
"station-9910502","유노카와온선","湯の川温泉","ゆのかわおんせん","Yunokawaonsen","","line-99105"
"station-9910503","하코다테아리나마에","函館アリーナ前","はこだてありーなまえ","HakodatearīNamae","","line-99105"
"station-9910504","코마바샤코마에","駒場車庫前","こまばしゃこまえ","Komabashakomae","","line-99105"
"station-9910505","케이바조마에","競馬場前","けいばじょうまえ","KeibajōMae","","line-99105"
"station-9910506","후카호리마치","深堀町","ふかほりまち","Fukahorimachi","","line-99105"
"station-9910507","카시와기마치","柏木町","かしわぎまち","Kashiwagimachi","","line-99105"
"station-9910508","스기나미마치","杉並町","すぎなみまち","Suginamimachi","","line-99105"
"station-9910509","고료카쿠코엔마에","五稜郭公園前","ごりょうかくこうえんまえ","GoryōKakukōEmmae","","line-99105"
"station-9910510","츄오뵤인마에","中央病院前","ちゅうおうびょういんまえ","ChūōByōInmae","","line-99105"
"station-9910511","치요가다이","千代台","ちよがだい","Chiyogadai","","line-99105"
"station-9910512","호리카와마치","堀川町","ほりかわまち","Horikawamachi","","line-99105"
"station-9910513","쇼와쿄","昭和橋","しょうわきょう","ShōWakyō","","line-99105"
"station-9910514","치토세마치","千歳町","ちとせまち","Chitosemachi","","line-99105"
"station-9910515","신카와마치","新川町","しんかわまち","Shinkawamachi","","line-99105"
"station-9910516","마츠카제마치","松風町","まつかぜまち","Matsukazemachi","","line-99105"
"station-9910518","시야쿠쇼마에","市役所前","しやくしょまえ","Shiyakushomae","","line-99105"
"station-9910519","우오이치바도리","魚市場通","うおいちばどおり","UoichibadōRi","","line-99105"
"station-9910520","주지가이","十字街","じゅうじがい","JūJigai","","line-99105"
"station-9910521","타카라기마치","宝来町","たからぎまち","Takaragimachi","","line-99105"
"station-9910522","아오야기마치","青柳町","あおやぎまち","Aoyagimachi","","line-99105"
"station-9910523","야치가시라","谷地頭","やちがしら","Yachigashira","","line-99105"
"station-9910621","스에히로마치","末広町","すえひろまち","Suehiromachi","","line-99106"
"station-9910622","오마치","大町","おおまち","ōMachi","","line-99106"
"station-9910623","하코다테돗쿠마에","函館どつく前","はこだてどっくまえ","Hakodatedokkumae","","line-99106"
"station-1111911","사츠카리","札苅","さつかり","Satsukari","","line-99108"
"station-1111912","이즈미사와","泉沢","いずみさわ","Izumisawa","","line-99108"
"station-1111913","카마야","釜谷","かまや","Kamaya","","line-99108"
"station-1111914","오시마토베츠","渡島当別","おしまとうべつ","OshimatōBetsu","","line-99108"
"station-1111915","모헤지","茂辺地","もへじ","Moheji","","line-99108"
"station-1111916","카미이소","上磯","かみいそ","Kamiiso","","line-99108"
"station-1111917","키요시카와구치","清川口","きよしかわぐち","Kiyoshikawaguchi","","line-99108"
"station-1111918","쿠네베츠","久根別","くねべつ","Kunebetsu","","line-99108"
"station-1111919","히가시쿠네베츠","東久根別","ひがしくねべつ","Higashikunebetsu","","line-99108"
"station-1111920","나나에하마","七重浜","ななえはま","Nanaehama","","line-99108"
"station-9920102","소가와","十川","そがわ","Sogawa","","line-99201"
"station-9920103","고노코마에","五農校前","ごのうこうまえ","GonōKōMae","","line-99201"
"station-9920104","츠가루이이즈메","津軽飯詰","つがるいいづめ","TsugaruīZume","","line-99201"
"station-9920105","비샤몬","毘沙門","びしゃもん","Bishamon","","line-99201"
"station-9920106","카세","嘉瀬","かせ","Kase","","line-99201"
"station-9920107","카나기","金木","かなぎ","Kanagi","","line-99201"
"station-9920108","아시노코엔","芦野公園","あしのこうえん","AshinokōEn","","line-99201"
"station-9920109","카와쿠라","川倉","かわくら","Kawakura","","line-99201"
"station-9920110","오자와나이","大沢内","おおざわない","ōZawanai","","line-99201"
"station-9920111","후코다","深郷田","ふこうだ","FukōDa","","line-99201"
"station-9920112","츠가루나카사토","津軽中里","つがるなかさと","Tsugarunakasato","","line-99201"
"station-9920202","히로사키히가시다카마에","弘前東高前","ひろさきひがしだかまえ","Hirosakihigashidakamae","","line-99202"
"station-9920203","운도코엔마에","運動公園前","うんどうこうえんまえ","UndōKōEmmae","","line-99202"
"station-9920204","니이사토","新里","にいさと","NīSato","","line-99202"
"station-9920205","타테다","館田","たてだ","Tateda","","line-99202"
"station-9920206","히라가","平賀","ひらが","Hiraga","","line-99202"
"station-9920207","하쿠노코코마에","柏農高校前","はくのうこうこうまえ","HakunōKōKōMae","","line-99202"
"station-9920208","츠가루오노에","津軽尾上","つがるおのえ","Tsugaruonoe","","line-99202"
"station-9920209","오노에코코마에","尾上高校前","おのえこうこうまえ","OnoekōKōMae","","line-99202"
"station-9920210","이나카칸","田舎館","いなかかん","Inakakan","","line-99202"
"station-9920211","사카이마츠","境松","さかいまつ","Sakaimatsu","","line-99202"
"station-9920212","쿠로이시","黒石","くろいし","Kuroishi","","line-99202"
"station-9920213","탄보아토","田んぼアート","たんぼあーと","TamboāTo","","line-99202"
"station-9920302","슈쿠가와라","宿川原","しゅくがわら","Shukugawara","","line-99203"
"station-9920303","사바이시","鯖石","さばいし","Sabaishi","","line-99203"
"station-9920304","이시카와푸루마에","石川プール前","いしかわぷーるまえ","IshikawapūRumae","","line-99203"
"station-9920305","이시카와","石川","いしかわ","Ishikawa","","line-99203"
"station-9920306","기주쿠코코마에","義塾高校前","ぎじゅくこうこうまえ","GijukukōKōMae","","line-99203"
"station-9920307","츠가루오사와","津軽大沢","つがるおおさわ","TsugaruōSawa","","line-99203"
"station-9920308","마츠키타이","松木平","まつきたい","Matsukitai","","line-99203"
"station-9920309","코구리야마","小栗山","こぐりやま","Koguriyama","","line-99203"
"station-9920310","센넨","千年","せんねん","Sennen","","line-99203"
"station-9920311","히지리아이나카다카마에","聖愛中高前","ひじりあいなかだかまえ","Hijiriainakadakamae","","line-99203"
"station-9920312","히로사키가쿠인다이마에","弘前学院大前","ひろさきがくいんだいまえ","Hirosakigakuindaimae","","line-99203"
"station-9920313","히로코게","弘高下","ひろこうげ","HirokōGe","","line-99203"
"station-9920314","츄오히로사키","中央弘前","ちゅうおうひろさき","ChūōHirosaki","","line-99203"
"station-9920502","아오야마","青山","あおやま","Aoyama","","line-99205"
"station-9920503","쿠리야가와","厨川","くりやがわ","Kuriyagawa","","line-99205"
"station-9920504","스코","巣子","すこ","Suko","","line-99205"
"station-9920505","타키자와","滝沢","たきざわ","Takizawa","","line-99205"
"station-9920506","시부타미","渋民","しぶたみ","Shibutami","","line-99205"
"station-9920508","이와테카와구치","岩手川口","いわてかわぐち","Iwatekawaguchi","","line-99205"
"station-9920509","이와테누마미야우치","いわて沼宮内","いわてぬまみやうち","Yuwatenumamiyauchi","","line-99205"
"station-9920510","미도","御堂","みどう","Midō","","line-99205"
"station-9920511","오쿠나카야마타카하라","奥中山高原","おくなかやまたかはら","Okunakayamatakahara","","line-99205"
"station-9920512","코츠나기","小繋","こつなぎ","Kotsunagi","","line-99205"
"station-9920513","코즈야","小鳥谷","こずや","Kozuya","","line-99205"
"station-9920514","이치코","一戸","いちこ","Ichiko","","line-99205"
"station-9920515","니코","二戸","にこ","Niko","","line-99205"
"station-9920516","토마이","斗米","とまい","Tomai","","line-99205"
"station-9920517","킨타이치온선","金田一温泉","きんたいちおんせん","Kintaichionsen","","line-99205"
"station-9920518","메토키","目時","めとき","Metoki","","line-99205"
"station-1120102","무츠이치카와","陸奥市川","むついちかわ","Mutsuichikawa","","line-99206"
"station-1120103","시모다","下田","しもだ","Shimoda","","line-99206"
"station-1120104","무코야마","向山","むこうやま","MukōYama","","line-99206"
"station-1120105","미사와","三沢","みさわ","Misawa","","line-99206"
"station-1120106","오가와겐","小川原","おがわげん","Ogawagen","","line-99206"
"station-1120107","카미키타마치","上北町","かみきたまち","Kamikitamachi","","line-99206"
"station-1120108","옷토모","乙供","おっとも","Ottomo","","line-99206"
"station-1120109","치비키","千曳","ちびき","Chibiki","","line-99206"
"station-1120111","카리바사와","狩場沢","かりばさわ","Karibasawa","","line-99206"
"station-1120112","시미즈가와","清水川","しみずがわ","Shimizugawa","","line-99206"
"station-1120113","코미나토","小湊","こみなと","Kominato","","line-99206"
"station-1120114","니시히라나이","西平内","にしひらない","Nishihiranai","","line-99206"
"station-1120115","아사무시온선","浅虫温泉","あさむしおんせん","Asamushionsen","","line-99206"
"station-1120116","노치","野内","のうち","Nouchi","","line-99206"
"station-1120117","야다마에","矢田前","やだまえ","Yadamae","","line-99206"
"station-1120118","코야나기","小柳","こやなぎ","Koyanagi","","line-99206"
"station-1120119","히가시아오모리","東青森","ひがしあおもり","Higashiaomori","","line-99206"
"station-9920602","산코","三戸","さんこ","Sanko","","line-99206"
"station-9920603","스와노타이라","諏訪ノ平","すわのたいら","Suwanotaira","","line-99206"
"station-9920604","켄요시","剣吉","けんよし","Ken'Yoshi","","line-99206"
"station-9920605","토마베치","苫米地","とまべち","Tomabechi","","line-99206"
"station-9920606","키타타카이와","北高岩","きたたかいわ","Kitatakaiwa","","line-99206"
"station-9920608","츠츠이","筒井","つつい","Tsutsui","","line-99206"
"station-1120825","모리","盛","もり","Mori","","line-99208"
"station-9920702","이치노와타리","一の渡","いちのわたり","Ichinowatari","","line-99208"
"station-9920703","사하네","佐羽根","さはね","Sahane","","line-99208"
"station-9920704","타로","田老","たろう","Tarō","","line-99208"
"station-9920705","세츠타이","摂待","せつたい","Setsutai","","line-99208"
"station-9920706","이와이즈미코모토","岩泉小本","いわいずみこもと","Iwaizumikomoto","","line-99208"
"station-9920707","시마노코시","島越","しまのこし","Shimanokoshi","","line-99208"
"station-9920708","타노하타","田野畑","たのはた","Tanohata","","line-99208"
"station-9920709","후다이","普代","ふだい","Fudai","","line-99208"
"station-9920710","시라이카이간","白井海岸","しらいかいがん","Shiraikaigan","","line-99208"
"station-9920711","호리우치","堀内","ほりうち","Horiuchi","","line-99208"
"station-9920712","노다타마가와","野田玉川","のだたまがわ","Nodatamagawa","","line-99208"
"station-9920713","리쿠츄노다","陸中野田","りくちゅうのだ","RikuchūNoda","","line-99208"
"station-9920714","리쿠츄베","陸中宇部","りくちゅううべ","RikuchūUbe","","line-99208"
"station-9920716","야마구치단치","山口団地","やまぐちだんち","Yamaguchidanchi","","line-99208"
"station-9920717","토후가우라카이간","十府ヶ浦海岸","とふがうらかいがん","Tofugaurakaigan","","line-99208"
"station-9920802","리쿠젠아카사키","陸前赤崎","りくぜんあかさき","Rikuzenakasaki","","line-99208"
"station-9920803","료리","綾里","りょうり","RyōRi","","line-99208"
"station-9920804","코이시하마","恋し浜","こいしはま","Koishihama","","line-99208"
"station-9920805","하지메미네","甫嶺","はじめみね","Hajimemine","","line-99208"
"station-9920806","산리쿠","三陸","さんりく","Sanriku","","line-99208"
"station-9920807","요시하마","吉浜","よしはま","Yoshihama","","line-99208"
"station-9920808","토니","唐丹","とうに","TōNi","","line-99208"
"station-9920809","히라타","平田","ひらた","Hirata","","line-99208"
"station-9920811","료이시","両石","りょういし","RyōIshi","","line-99208"
"station-9920812","우노즈마이","鵜住居","うのずまい","Unozumai","","line-99208"
"station-9920813","오츠치","大槌","おおつち","ōTsuchi","","line-99208"
"station-9920814","키리키리","吉里吉里","きりきり","Kirikiri","","line-99208"
"station-9920815","나미이타카이간","浪板海岸","なみいたかいがん","Namiitakaigan","","line-99208"
"station-9920816","이와테후나코시","岩手船越","いわてふなこし","Iwatefunakoshi","","line-99208"
"station-9920817","오리카사","織笠","おりかさ","Orikasa","","line-99208"
"station-9920818","리쿠츄야마다","陸中山田","りくちゅうやまだ","RikuchūYamada","","line-99208"
"station-9920819","토요마네","豊間根","とよまね","Toyomane","","line-99208"
"station-9920820","하라이가와","払川","はらいがわ","Haraigawa","","line-99208"
"station-9920821","츠가루이시","津軽石","つがるいし","Tsugaruishi","","line-99208"
"station-9920822","야기사와·미야코탄다이","八木沢・宮古短大","やぎさわ・みやこたんだい","Yagisawa･Miyakotandai","","line-99208"
"station-9920823","소케이","磯鶏","そけい","Sokei","","line-99208"
"station-9920824","닛타로","新田老","にったろう","Nittarō","","line-99208"
"station-9920902","니시타카노스","西鷹巣","にしたかのす","Nishitakanosu","","line-99209"
"station-9920903","조몬오가타","縄文小ヶ田","じょうもんおがた","JōMonogata","","line-99209"
"station-9920904","오노다이","大野台","おおのだい","ōNodai","","line-99209"
"station-9920905","아이카와","合川","あいかわ","Aikawa","","line-99209"
"station-9920906","우에스기","上杉","うえすぎ","Uesugi","","line-99209"
"station-9920907","요나이사와","米内沢","よないさわ","Yonaisawa","","line-99209"
"station-9920908","카츠라세","桂瀬","かつらせ","Katsurase","","line-99209"
"station-9920909","아니마에다온선","阿仁前田温泉","あにまえだおんせん","Animaedaonsen","","line-99209"
"station-9920910","마에다미나미","前田南","まえだみなみ","Maedaminami","","line-99209"
"station-9920911","오부치","小渕","おぶち","Obuchi","","line-99209"
"station-9920912","아니아이","阿仁合","あにあい","Aniai","","line-99209"
"station-9920913","아라세","荒瀬","あらせ","Arase","","line-99209"
"station-9920914","칸조","萱草","かんぞう","Kanzō","","line-99209"
"station-9920915","오카시나이","笑内","おかしない","Okashinai","","line-99209"
"station-9920916","이와노메","岩野目","いわのめ","Iwanome","","line-99209"
"station-9920917","히타치나이","比立内","ひたちない","Hitachinai","","line-99209"
"station-9920918","오쿠아니","奥阿仁","おくあに","Okuani","","line-99209"
"station-9920919","아니마타기","阿仁マタギ","あにまたぎ","Animatagi","","line-99209"
"station-9920920","토자와","戸沢","とざわ","Tozawa","","line-99209"
"station-9920921","카미히노키나이","上桧木内","かみひのきない","Kamihinokinai","","line-99209"
"station-9920922","히다리도리","左通","ひだりどおり","HidaridōRi","","line-99209"
"station-9920923","우고나카사토","羽後中里","うごなかさと","Ugonakasato","","line-99209"
"station-9920924","마츠바","松葉","まつば","Matsuba","","line-99209"
"station-9920925","우고나가토로","羽後長戸呂","うごながとろ","Ugonagatoro","","line-99209"
"station-9920926","하치츠","八津","はちつ","Hachitsu","","line-99209"
"station-9920927","사이묘지","西明寺","さいみょうじ","SaimyōJi","","line-99209"
"station-9920928","우고오타","羽後太田","うごおおた","UgoōTa","","line-99209"
"station-9921002","야쿠시도","薬師堂","やくしどう","Yakushidō","","line-99210"
"station-9921003","코요시","子吉","こよし","Koyoshi","","line-99210"
"station-9921004","아이카와","鮎川","あいかわ","Aikawa","","line-99210"
"station-9921005","쿠로사와","黒沢","くろさわ","Kurosawa","","line-99210"
"station-9921006","마가리사와","曲沢","まがりさわ","Magarisawa","","line-99210"
"station-9921007","젠고","前郷","ぜんごう","Zengō","","line-99210"
"station-9921008","쿠보타","久保田","くぼた","Kubota","","line-99210"
"station-9921009","니시타키자와","西滝沢","にしたきざわ","Nishitakizawa","","line-99210"
"station-9921010","요시자와","吉沢","よしざわ","Yoshizawa","","line-99210"
"station-9921011","카와베","川辺","かわべ","Kawabe","","line-99210"
"station-9921012","야지마","矢島","やじま","Yajima","","line-99210"
"station-9921102","난요시야쿠쇼","南陽市役所","なんようしやくしょ","Nan'YōShiyakusho","","line-99211"
"station-9921103","쿠나이","宮内","くない","Kunai","","line-99211"
"station-9921104","오리하타","おりはた","おりはた","Oriwata","","line-99211"
"station-9921105","린고","梨郷","りんごう","Ringō","","line-99211"
"station-9921106","니시오츠카","西大塚","にしおおつか","NishiōTsuka","","line-99211"
"station-9921108","토키니와","時庭","ときにわ","Tokiniwa","","line-99211"
"station-9921109","미나미나가이","南長井","みなみながい","Minaminagai","","line-99211"
"station-9921110","나가이","長井","ながい","Nagai","","line-99211"
"station-9921111","아야메코엔","あやめ公園","あやめこうえん","AyamekōEn","","line-99211"
"station-9921112","우젠나리타","羽前成田","うぜんなりた","Uzennarita","","line-99211"
"station-9921113","시로사기","白兎","しろうさぎ","Shirousagi","","line-99211"
"station-9921114","코구와","蚕桑","こぐわ","Koguwa","","line-99211"
"station-9921115","아유카이","鮎貝","あゆかい","Ayukai","","line-99211"
"station-9921116","아라토","荒砥","あらと","Arato","","line-99211"
"station-9921117","시키노사토","四季の郷","しきのさと","Shikinosato","","line-99211"
"station-9921302","오로시마치","卸町","おろしまち","Oroshimachi","","line-99213"
"station-9921303","후쿠시마가쿠인마에","福島学院前","ふくしまがくいんまえ","Fukushimagakuinmae","","line-99213"
"station-9921304","세노에","瀬上","せのうえ","Senoue","","line-99213"
"station-9921305","무카이세노에","向瀬上","むかいせのうえ","Mukaisenoue","","line-99213"
"station-9921306","타카코","高子","たかこ","Takako","","line-99213"
"station-9921307","카미호바라","上保原","かみほばら","Kamihobara","","line-99213"
"station-9921308","호바라","保原","ほばら","Hobara","","line-99213"
"station-9921309","오이즈미","大泉","おおいずみ","ōIzumi","","line-99213"
"station-9921310","니이다","二井田","にいだ","Niida","","line-99213"
"station-9921311","닛타","新田","にった","Nitta","","line-99213"
"station-9921312","하시카와","梁川","はしかわ","Hashikawa","","line-99213"
"station-9921313","야나가와키보노모리코엔마에","やながわ希望の森公園前","やながわきぼうのもりこうえんまえ","YanagawakibōNomorikōEmmae","","line-99213"
"station-9921314","토미노","富野","とみの","Tomino","","line-99213"
"station-9921315","카부토","兜","かぶと","Kabuto","","line-99213"
"station-9921316","아부쿠마","あぶくま","あぶくま","Abukuma","","line-99213"
"station-9921317","마루모리","丸森","まるもり","Marumori","","line-99213"
"station-9921318","키타마루모리","北丸森","きたまるもり","Kitamarumori","","line-99213"
"station-9921319","미나미카쿠타","南角田","みなみかくた","Minamikakuta","","line-99213"
"station-9921320","츠노다","角田","つのだ","Tsunoda","","line-99213"
"station-9921321","요코쿠라","横倉","よこくら","Yokokura","","line-99213"
"station-9921322","오카","岡","おか","Oka","","line-99213"
"station-9921323","히가시후나오카","東船岡","ひがしふなおか","Higashifunaoka","","line-99213"
"station-9921401","이즈미츄오","泉中央","いずみちゅうおう","Izumichūō","","line-99214"
"station-9921402","야오토메","八乙女","やおとめ","Yaotome","","line-99214"
"station-9921403","쿠로마츠","黒松","くろまつ","Kuromatsu","","line-99214"
"station-9921404","아사히가오카","旭ヶ丘","あさひがおか","Asahigaoka","","line-99214"
"station-9921405","다이노하라","台原","だいのはら","Dainohara","","line-99214"
"station-9921407","키타요반초","北四番丁","きたよばんちょう","Kitayobanchō","","line-99214"
"station-9921408","코토다이코엔","勾当台公園","こうとうだいこうえん","KōTōDaikōEn","","line-99214"
"station-9921409","히로세토오루","広瀬通","ひろせとおる","HirosetōRu","","line-99214"
"station-9921411","고쿄","五橋","ごきょう","Gokyō","","line-99214"
"station-9921412","아타고쿄","愛宕橋","あたごきょう","Atagokyō","","line-99214"
"station-9921413","카와라마치","河原町","かわらまち","Kawaramachi","","line-99214"
"station-9921414","나가마치이치초메","長町一丁目","ながまちいちちょうめ","NagamachiichichōMe","","line-99214"
"station-9921416","나가마치미나미","長町南","ながまちみなみ","Nagamachiminami","","line-99214"
"station-9921417","토미자와","富沢","とみざわ","Tomizawa","","line-99214"
"station-9921502","소네다","曽根田","そねだ","Soneda","","line-99215"
"station-9921503","비주츠칸토쇼칸마에","美術館図書館前","びじゅつかんとしょかんまえ","Bijutsukantoshokammae","","line-99215"
"station-9921504","이와시로시미즈","岩代清水","いわしろしみず","Iwashiroshimizu","","line-99215"
"station-9921505","이즈미","泉","いずみ","Izumi","","line-99215"
"station-9921506","우에마츠가와","上松川","うえまつがわ","Uematsugawa","","line-99215"
"station-9921507","사사야","笹谷","ささや","Sasaya","","line-99215"
"station-9921508","사쿠라미즈","桜水","さくらみず","Sakuramizu","","line-99215"
"station-9921509","헤이야","平野","へいや","Heiya","","line-99215"
"station-9921510","이오지마에","医王寺前","いおうじまえ","IōJimae","","line-99215"
"station-9921511","하나미즈자카","花水坂","はなみずざか","Hanamizuzaka","","line-99215"
"station-9921512","이이자카온선","飯坂温泉","いいざかおんせん","īZakaonsen","","line-99215"
"station-9921602","미나미와카마츠","南若松","みなみわかまつ","Minamiwakamatsu","","line-99216"
"station-9921603","카도타","門田","かどた","Kadota","","line-99216"
"station-9921604","아마야","あまや","あまや","Amaya","","line-99216"
"station-9921605","아시노마키온선","芦ノ牧温泉","あしのまきおんせん","Ashinomakionsen","","line-99216"
"station-9921606","오카와다무코엔","大川ダム公園","おおかわだむこうえん","ōKawadamukōEn","","line-99216"
"station-9921607","아시노마키아츠시센난","芦ノ牧温泉南","あしのまきあつしせんなん","Ashinomakiatsushisennan","","line-99216"
"station-9921608","유노카미온선","湯野上温泉","ゆのかみおんせん","Yunokamionsen","","line-99216"
"station-9921609","토노헤츠리","塔のへつり","とうのへつり","TōNoetsuri","","line-99216"
"station-9921610","야고시마","弥五島","やごしま","Yagoshima","","line-99216"
"station-9921611","아이즈시모고","会津下郷","あいづしもごう","Aizushimogō","","line-99216"
"station-9921612","후루사토코엔","ふるさと公園","ふるさとこうえん","FurusatokōEn","","line-99216"
"station-9921613","요손코엔","養鱒公園","ようそんこうえん","YōSonkōEn","","line-99216"
"station-9921614","아이즈나가노","会津長野","あいづながの","Aizunagano","","line-99216"
"station-9921615","타지마코코마에","田島高校前","たじまこうこうまえ","TajimakōKōMae","","line-99216"
"station-9921616","아이즈타지마","会津田島","あいづたじま","Aizutajima","","line-99216"
"station-9921617","나카아라이","中荒井","なかあらい","Nakaarai","","line-99216"
"station-9921618","아이즈아라카이","会津荒海","あいづあらかい","Aizuarakai","","line-99216"
"station-9921619","아이즈산손도조","会津山村道場","あいづさんそんどうじょう","AizusansondōJō","","line-99216"
"station-9921620","나나가다케토잔구치","七ヶ岳登山口","ななゖだけとざんぐち","Nanakedaketozanguchi","","line-99216"
"station-9921621","아이즈코겐오제구치","会津高原尾瀬口","あいづこうげんおぜぐち","AizukōGenozeguchi","","line-99216"
"station-9921702","모리세키노시타","杜せきのした","もりせきのした","Morisekinoshita","","line-99217"
"station-9921703","비덴엔","美田園","びでんえん","Bidenen","","line-99217"
"station-9921704","센다이 공항","仙台空港","せんだいくうこう","SendaikūKō","","line-99217"
"station-9921801","야키야마도부츠코엔","八木山動物公園","やきやまどうぶつこうえん","YakiyamadōButsukōEn","","line-99218"
"station-9921802","아오바야마","青葉山","あおばやま","Aobayama","","line-99218"
"station-9921803","카와우치","川内","かわうち","Kawauchi","","line-99218"
"station-9921804","코쿠사이센터","国際センター","こくさいせんたー","Kokusaisentā","","line-99218"
"station-9921805","오마치니시코엔","大町西公園","おおまちにしこうえん","ōMachinishikōEn","","line-99218"
"station-9921806","아오바도리이치반초","青葉通一番町","あおばどおりいちばんちょう","AobadōRiichibanchō","","line-99218"
"station-9921808","미야기노도리","宮城野通","みやぎのどおり","MiyaginodōRi","","line-99218"
"station-9921809","렌보","連坊","れんぼう","Rembō","","line-99218"
"station-9921810","야쿠시도","薬師堂","やくしどう","Yakushidō","","line-99218"
"station-9921811","오로시마치","卸町","おろしまち","Oroshimachi","","line-99218"
"station-9921812","로쿠초노메","六丁の目","ろくちょうのめ","RokuchōNome","","line-99218"
"station-9921813","아라이","荒井","あらい","Arai","","line-99218"
"station-mlit-003225","히카리가오카","光が丘","ひかりがおか","Hikarigaoka","","line-99301"
"station-mlit-003243","네리마카스가마치","練馬春日町","ねりまかすがまち","Nerimakasugamachi","","line-99301"
"station-mlit-003367","신에고타","新江古田","しんえごた","Shinegota","","line-99301"
"station-mlit-003448","오치아이미나미나가사키","落合南長崎","おちあいみなみながさき","Ochiaiminaminagasaki","","line-99301"
"station-mlit-003529","카스가","春日","かすが","Kasuga","","line-99301"
"station-mlit-003543","우에노오카치마치","上野御徒町","うえのおかちまち","Uenookachimachi","","line-99301"
"station-mlit-003556","신오카치마치","新御徒町","しんおかちまち","Shinokachimachi","","line-99301"
"station-mlit-003571","쿠라마에","蔵前","くらまえ","Kuramae","","line-99301"
"station-mlit-003602","우시고메카구라자카","牛込神楽坂","うしごめかぐらざか","Ushigome-kagurazaka","","line-99301"
"station-mlit-003618","우시고메야나기초","牛込柳町","うしごめやなぎちょう","Ushigome-yanagicho","","line-99301"
"station-mlit-003623","와카마츠카와다","若松河田","わかまつかわだ","Wakamatsu-kawada","","line-99301"
"station-mlit-003646","료고쿠","両国","りょうこく","RyōKoku","","line-99301"
"station-mlit-003669","신주쿠니시구치","新宿西口","しんじゅくにしぐち","Shinjuku-nishiguchi","","line-99301"
"station-mlit-003690","토초마에","都庁前","とちょうまえ","TochōMae","","line-99301"
"station-mlit-003696","니시신주쿠고초메","西新宿五丁目","にししんじゅくごちょうめ","NishishinjukugochōMe","","line-99301"
"station-mlit-003711","모리시타","森下","もりした","Morishita","","line-99301"
"station-mlit-003775","코쿠리츠쿄기조","国立競技場","こくりつきょうぎじょう","KokuritsukyōGijō","","line-99301"
"station-mlit-003886","츠키지시조","築地市場","つきじしじょう","Tsukijishijō","","line-99301"
"station-mlit-003887","시오도메","汐留","しおどめ","Shiodome","","line-99301"
"station-mlit-003927","카치도키","勝どき","かちどき","Kachidoki","","line-99301"
"station-mlit-003939","다이몬","大門","だいもん","Daimon","","line-99301"
"station-mlit-003954","아카바네바시","赤羽橋","あかばきょう","Akabakyō","","line-99301"
"station-mlit-003538","혼조아즈마바시","本所吾妻橋","ほんじょあずまばし","Honjoazumabashi","","line-99302"
"station-mlit-003676","히가시니혼바시","東日本橋","ひがしにほんばし","Higashinihombashi","","line-99302"
"station-mlit-003796","타카라마치","宝町","たからまち","Takaramachi","","line-99302"
"station-mlit-003986","미타","三田","みた","Mita","","line-99302"
"station-mlit-004079","타카나와다이","高輪台","たかなわだい","Takanawadai","","line-99302"
"station-mlit-004161","토고시","戸越","とごし","Togoshi","","line-99302"
"station-mlit-004248","마고메","馬込","まごめ","Magome","","line-99302"
"station-mlit-004270","니시마고메","西馬込","にしまごめ","Nishimagome","","line-99302"
"station-mlit-003104","니시타카시마다이라","西高島平","にしたかしまだいら","Nishitakashimadaira","","line-99303"
"station-mlit-003112","신타카시마다이라","新高島平","しんたかしまだいら","Shintakashimadaira","","line-99303"
"station-mlit-003117","타카시마다이라","高島平","たかしまだいら","Takashimadaira","","line-99303"
"station-mlit-003128","니시다이","西台","にしだい","Nishidai","","line-99303"
"station-mlit-003140","렌콘","蓮根","れんこん","Renkon","","line-99303"
"station-mlit-003158","시무라산초메","志村三丁目","しむらさんちょうめ","ShimurasanchōMe","","line-99303"
"station-mlit-003165","시무라사카가미","志村坂上","しむらさかがみ","Shimurasakagami","","line-99303"
"station-mlit-003193","혼하스누마","本蓮沼","ほんはすぬま","Honhasunuma","","line-99303"
"station-mlit-003216","이타하시모토마치","板橋本町","いたはしもとまち","Itahashimotomachi","","line-99303"
"station-mlit-003245","이타바시쿠야쿠쇼마에","板橋区役所前","いたばしくやくしょまえ","Itabashikuyakushomae","","line-99303"
"station-mlit-003268","신이타바시","新板橋","しんいたばし","Shinitabashi","","line-99303"
"station-mlit-003293","니시스가모","西巣鴨","にしすがも","Nishisugamo","","line-99303"
"station-mlit-003415","센세키","千石","せんせき","Senseki","","line-99303"
"station-mlit-003461","하쿠산","白山","はくさん","Hakusan","","line-99303"
"station-mlit-003842","우치사이와이초","内幸町","うちさいわいちょう","Uchisaiwaichō","","line-99303"
"station-mlit-003911","오나리몬","御成門","おなりもん","Onarimon","","line-99303"
"station-mlit-003962","시바코엔","芝公園","しばこうえん","ShibakōEn","","line-99303"
"station-mlit-003565","시노자키","篠崎","しのざき","Shinozaki","","line-99304"
"station-mlit-003655","이와모토초","岩本町","いわもとちょう","Iwamotocho","","line-99304"
"station-mlit-003659","오가와마치","小川町","おがわまち","Ogawamachi","","line-99304"
"station-mlit-003667","미즈에","瑞江","みずえ","Mizue","","line-99304"
"station-mlit-003671","이치가야","市ヶ谷","いちがや","Ichigaya","","line-99304"
"station-mlit-003673","아케보노바시","曙橋","あけぼのばし","Akebonobashi","","line-99304"
"station-mlit-003675","바쿠로요코야마","馬喰横山","ばくろよこやま","Bakuroyokoyama","","line-99304"
"station-mlit-003695","히가시오지마","東大島","ひがしおおじま","HigashiōJima","","line-99304"
"station-mlit-003698","오시마","大島","おおしま","ōShima","","line-99304"
"station-mlit-003702","니시오지마","西大島","にしおおじま","NishiōJima","","line-99304"
"station-mlit-003706","하마초","浜町","はまちょう","Hamachō","","line-99304"
"station-mlit-003709","키쿠카와","菊川","きくかわ","Kikukawa","","line-99304"
"station-mlit-003724","이치노에","一之江","いちのえ","Ichinoe","","line-99304"
"station-mlit-003745","후나보리","船堀","ふなぼり","Funabori","","line-99304"
"station-mlit-003239","오지에키마에","王子駅前","おうじえきまえ","ōJiekimae","","line-99305"
"station-mlit-003246","카지하라","梶原","かじはら","Kajihara","","line-99305"
"station-mlit-003252","아라카와샤코마에","荒川車庫前","あらかわしゃこまえ","Arakawashakomae","","line-99305"
"station-mlit-003253","사카에마치","栄町","さかえまち","Sakaemachi","","line-99305"
"station-mlit-003254","아라카와유엔치마에","荒川遊園地前","あらかわゆうえんちまえ","ArakawayūEnchimae","","line-99305"
"station-mlit-003255","오다이","小台","おだい","Odai","","line-99305"
"station-mlit-003256","아스카야마","飛鳥山","あすかやま","Asukayama","","line-99305"
"station-mlit-003259","미야노마에","宮ノ前","みやのまえ","Miyanomae","","line-99305"
"station-mlit-003266","쿠마노마에","熊野前","くまのまえ","Kumanomae","","line-99305"
"station-mlit-003276","타키노가와이치초메","滝野川一丁目","たきのがわいちちょうめ","TakinogawaichichōMe","","line-99305"
"station-mlit-003284","히가시오구산초메","東尾久三丁目","ひがしおぐさんちょうめ","HigashiogusanchōMe","","line-99305"
"station-mlit-003289","니시가하라욘초메","西ヶ原四丁目","にしがはらよんちょうめ","NishigaharayonchōMe","","line-99305"
"station-mlit-003291","마치야니초메","町屋二丁目","まちやにちょうめ","MachiyanichōMe","","line-99305"
"station-mlit-003299","마치야에키마에","町屋駅前","まちやえきまえ","Machiyaekimae","","line-99305"
"station-mlit-003306","아라카와나나초메","荒川七丁目","あらかわななちょうめ","ArakawananachōMe","","line-99305"
"station-mlit-003310","신코신즈카","新庚申塚","しんこうしんづか","ShinkōShinzuka","","line-99305"
"station-mlit-003319","코신즈카","庚申塚","こうしんづか","KōShinzuka","","line-99305"
"station-mlit-003322","아라카와니초메","荒川二丁目","あらかわにちょうめ","ArakawanichōMe","","line-99305"
"station-mlit-003350","아라카와쿠야쿠쇼마에","荒川区役所前","あらかわくやくしょまえ","Arakawakuyakushomae","","line-99305"
"station-mlit-003351","스가모신덴","巣鴨新田","すがもしんでん","Sugamoshinden","","line-99305"
"station-mlit-003357","아라카와이치츄젠","荒川一中前","あらかわいちちゅうぜん","ArakawaichichūZen","","line-99305"
"station-mlit-003370","미노와쿄","三ノ輪橋","みのわきょう","Minowakyō","","line-99305"
"station-mlit-003378","오츠카에키마에","大塚駅前","おおつかえきまえ","ōTsukaekimae","","line-99305"
"station-mlit-003407","무카이하라","向原","むかいはら","Mukaihara","","line-99305"
"station-mlit-003436","히가시이케부쿠로욘초메","東池袋四丁目","ひがしいけぶくろよんちょうめ","HigashiikebukuroyonchōMe","","line-99305"
"station-mlit-003443","토덴조시가야","都電雑司ヶ谷","とでんぞうしがや","TodenzōShigaya","","line-99305"
"station-mlit-003468","키시보진마에","鬼子母神前","きしぼじんまえ","Kishibojimmae","","line-99305"
"station-mlit-003490","가쿠슈인시타","学習院下","がくしゅういんか","GakushūInka","","line-99305"
"station-mlit-003509","오모카게바시","面影橋","おもかげばし","Omokagebashi","","line-99305"
"station-mlit-003514","와세다","早稲田","わせだ","Waseda","","line-99305"
"station-1132316","쿠마가이","熊谷","くまがい","Kumagai","","line-99306"
"station-2100237","하부","羽生","はぶ","Habu","","line-99306"
"station-9930602","니시하부","西羽生","にしはぶ","Nishihabu","","line-99306"
"station-9930603","신고","新郷","しんごう","Shingō","","line-99306"
"station-9930604","타케슈아라키","武州荒木","たけしゅうあらき","TakeshūAraki","","line-99306"
"station-9930605","히가시교다","東行田","ひがしぎょうだ","HigashigyōDa","","line-99306"
"station-9930606","교다시","行田市","ぎょうだし","GyōDashi","","line-99306"
"station-9930607","모치다","持田","もちだ","Mochida","","line-99306"
"station-9930609","카미쿠마가야","上熊谷","かみくまがや","Kamikumagaya","","line-99306"
"station-9930610","이시하라","石原","いしはら","Ishihara","","line-99306"
"station-9930611","히로세야초노모리","ひろせ野鳥の森","ひろせやちょうのもり","HiroseyachōNomori","","line-99306"
"station-9930612","오아소","大麻生","おおあそう","ōAsō","","line-99306"
"station-9930613","아케토","明戸","あけと","Aketo","","line-99306"
"station-9930614","무카와","武川","むかわ","Mukawa","","line-99306"
"station-9930615","나가타","永田","ながた","Nagata","","line-99306"
"station-9930616","쇼마에다","小前田","しょうまえだ","ShōMaeda","","line-99306"
"station-9930617","사쿠라자와","桜沢","さくらざわ","Sakurazawa","","line-99306"
"station-9930619","나미쿠레","波久礼","なみくれ","Namikure","","line-99306"
"station-9930620","히구치","樋口","ひぐち","Higuchi","","line-99306"
"station-9930621","노가미","野上","のがみ","Nogami","","line-99306"
"station-9930622","나가토로","長瀞","ながとろ","Nagatoro","","line-99306"
"station-9930623","조초토로","上長瀞","じょうちょうとろ","JōChōToro","","line-99306"
"station-9930624","오야하나","親鼻","おやはな","Oyahana","","line-99306"
"station-9930625","미나노","皆野","みなの","Minano","","line-99306"
"station-9930626","와도쿠로타니","和銅黒谷","わどうくろたに","WadōKurotani","","line-99306"
"station-9930627","오노하라","大野原","おおのはら","ōNohara","","line-99306"
"station-9930628","치치부","秩父","ちちぶ","Chichibu","","line-99306"
"station-9930629","고하나바타케","御花畑","ごはなばたけ","Gohanabatake","","line-99306"
"station-9930630","카게모리","影森","かげもり","Kagemori","","line-99306"
"station-9930631","우라야마구치","浦山口","うらやまぐち","Urayamaguchi","","line-99306"
"station-9930632","타케슈나카가와","武州中川","たけしゅうなかがわ","TakeshūNakagawa","","line-99306"
"station-9930633","타케슈히노","武州日野","たけしゅうひの","TakeshūHino","","line-99306"
"station-9930634","시로쿠","白久","しろく","Shiroku","","line-99306"
"station-9930635","미츠미네구치","三峰口","みつみねぐち","Mitsumineguchi","","line-99306"
"station-9930636","소시오류츠우센터","ソシオ流通センター","そしおりゅうつうせんたー","SoshioryūTsūSentā","","line-99306"
"station-9930637","후카야하나조노","ふかや花園","ふかやはなぞの","Fukayahanazono","","line-99306"
"station-mlit-002933","우라와미소노","浦和美園","うらわみその","Urawamisono","","line-99307"
"station-mlit-002988","토츠카야스유키","戸塚安行","とつかやすゆき","Totsukayasuyuki","","line-99307"
"station-mlit-003017","아라이주쿠","新井宿","あらいじゅく","Araijuku","","line-99307"
"station-mlit-003036","하토가야","鳩ヶ谷","はとがや","Hatogaya","","line-99307"
"station-mlit-003054","미나미하토가야","南鳩ヶ谷","みなみはとがや","Minamihatogaya","","line-99307"
"station-mlit-003092","카와구치모토고","川口元郷","かわぐちもとごう","Kawaguchimotogō","","line-99307"
"station-9930802","니시오하라","西大原","にしおおはら","NishiōHara","","line-99308"
"station-9930803","카즈사아즈마","上総東","かずさあずま","Kazusaazuma","","line-99308"
"station-9930804","닛타노","新田野","にったの","Nittano","","line-99308"
"station-9930805","쿠니요시","国吉","くによし","Kuniyoshi","","line-99308"
"station-9930806","카즈사나카가와","上総中川","かずさなかがわ","Kazusanakagawa","","line-99308"
"station-9930807","오타키","大多喜","おおたき","ōTaki","","line-99308"
"station-9930808","오야마츠","小谷松","おやまつ","Oyamatsu","","line-99308"
"station-9930809","히가시후사모토","東総元","ひがしふさもと","Higashifusamoto","","line-99308"
"station-9930810","쿠가하라","久我原","くがはら","Kugahara","","line-99308"
"station-9930811","후사모토","総元","ふさもと","Fusamoto","","line-99308"
"station-9930812","니시하타","西畑","にしはた","Nishihata","","line-99308"
"station-9930813","카즈사나카노","上総中野","かずさなかの","Kazusanakano","","line-99308"
"station-9930814","시로미가오카","城見ヶ丘","しろみゖおか","Shiromikeoka","","line-99308"
"station-mlit-002655","츠쿠바","つくば","つくば","Tsukuba","","line-99309"
"station-mlit-002656","켄큐가쿠엔","研究学園","けんきゅうがくえん","KenkyūGakuen","","line-99309"
"station-mlit-002694","반파쿠키넨코엔","万博記念公園","ばんぱくきねんこうえん","BampakukinenkōEn","","line-99309"
"station-mlit-002724","미도리노","みどりの","みどりの","Midorino","","line-99309"
"station-mlit-002765","미라이타이라","みらい平","みらいたいら","Miraitaira","","line-99309"
"station-mlit-002830","모리야","守谷","もりや","Moriya","","line-99309"
"station-mlit-002900","카시와타나카","柏たなか","かしわたなか","Kashiwatanaka","","line-99309"
"station-mlit-002935","카시와노하캠퍼스","柏の葉キャンパス","かしわのはきゃんぱす","Kashiwanohakyampasu","","line-99309"
"station-mlit-002969","나가레야마오타카노모리","流山おおたかの森","ながれやまおおたかのもり","Nagareyamaootakanomori","","line-99309"
"station-mlit-002993","나가레야마센토라루파쿠","流山セントラルパーク","ながれやませんとらるぱーく","NagareyamasentorarupāKu","","line-99309"
"station-mlit-003047","미사토츄오","三郷中央","みさとちゅうおう","Misatochūō","","line-99309"
"station-mlit-003073","야시오","八潮","やしお","Yashio","","line-99309"
"station-mlit-003133","로쿠마치","六町","ろくまち","Rokumachi","","line-99309"
"station-mlit-003177","아오이","青井","あおい","Aoi","","line-99309"
"station-mlit-003502","아사쿠사","浅草","あさくさ","Asakusa","","line-99309"
"station-mlit-004647","신타카시마","新高島","しんたかしま","Shintakashima","","line-99310"
"station-mlit-004656","미나토미라이","みなとみらい","みなとみらい","Minatomirai","","line-99310"
"station-mlit-004679","바샤도","馬車道","ばしゃどう","Bashadō","","line-99310"
"station-mlit-004686","닛폰오도리","日本大通り","にっぽんおおどおり","NipponōDōRi","","line-99310"
"station-mlit-004704","모토마치·츄카가이","元町・中華街","もとまち・ちゅうかがい","Motomachi･ChūKagai","","line-99310"
"station-mlit-003958","다케시바","竹芝","たけしば","Takeshiba","","line-99311"
"station-mlit-003979","히노데","日の出","ひので","Hinode","","line-99311"
"station-mlit-003981","신토요스","新豊洲","しんとよす","Shintoyosu","","line-99311"
"station-mlit-004001","시조마에","市場前","しじょうまえ","ShijōMae","","line-99311"
"station-mlit-004030","시바우라 후토","芝浦ふ頭","しばうらふとう","Shibaurafutō","","line-99311"
"station-mlit-004037","아리아케 테니스노모리","有明テニスの森","ありあけてにすのもり","Ariaketenisunomori","","line-99311"
"station-mlit-004064","아리아케","有明","ありあけ","Ariake","","line-99311"
"station-mlit-004087","도쿄빅사이트","東京ビッグサイト","とうきょうびっぐさいと","TōKyōBiggusaito","","line-99311"
"station-mlit-004091","오다이바 카이힌코엔","お台場海浜公園","おだいばかいひんこうえん","OdaibakaihinkōEn","","line-99311"
"station-mlit-004112","다이바","台場","だいば","Daiba","","line-99311"
"station-mlit-004119","아오미","青海","あおみ","Aomi","","line-99311"
"station-mlit-004128","도쿄 국제 크루즈 터미널","東京国際クルーズターミナル","とうきょうこくさいくるーずたーみなる","TōKyōKokusaikurūZutāMinaru","","line-99311"
"station-mlit-004144","텔레콤센터","テレコムセンター","てれこむせんたー","Terekomusentā","","line-99311"
"station-9931202","시모신덴","下新田","しもしんでん","Shimoshinden","","line-99312"
"station-9931204","운도코엔","運動公園","うんどうこうえん","UndōKōEn","","line-99312"
"station-9931205","오마마","大間々","おおまま","ōMama","","line-99312"
"station-9931206","카미칸바이","上神梅","かみかんばい","Kamikambai","","line-99312"
"station-9931207","모토주쿠","本宿","もとじゅく","Motojuku","","line-99312"
"station-9931208","미즈누마","水沼","みずぬま","Mizunuma","","line-99312"
"station-9931209","하나와","花輪","はなわ","Hanawa","","line-99312"
"station-9931210","나카노","中野","なかの","Nakano","","line-99312"
"station-9931211","코나카","小中","こなか","Konaka","","line-99312"
"station-9931212","코베","神戸","こうべ","KōBe","","line-99312"
"station-9931213","사와이리","沢入","さわいり","Sawairi","","line-99312"
"station-9931214","하라무코","原向","はらむこう","Haramukō","","line-99312"
"station-9931215","츠우도","通洞","つうどう","TsūDō","","line-99312"
"station-9931216","아시오","足尾","あしお","Ashio","","line-99312"
"station-9931217","마토","間藤","まとう","Matō","","line-99312"
"station-2300133","유카리가오카","ユーカリが丘","ゆーかりがおか","YūKarigaoka","","line-99313"
"station-9931302","치쿠센터","地区センター","ちくせんたー","Chikusentā","","line-99313"
"station-9931303","코엔","公園","こうえん","KōEn","","line-99313"
"station-9931304","조시다이","女子大","じょしだい","Joshidai","","line-99313"
"station-9931305","츄갓코","中学校","ちゅうがっこう","ChūGakkō","","line-99313"
"station-9931306","이노","井野","いの","Ino","","line-99313"
"station-9931402","미도리초","緑町","みどりちょう","Midorichō","","line-99314"
"station-9931403","이사이다","井細田","いさいだ","Isaida","","line-99314"
"station-9931404","고햐쿠라칸","五百羅漢","ごひゃくらかん","Gohyakurakan","","line-99314"
"station-9931405","아나베","穴部","あなべ","Anabe","","line-99314"
"station-9931406","이이다오카","飯田岡","いいだおか","īDaoka","","line-99314"
"station-9931407","사가미누마타","相模沼田","さがみぬまた","Sagaminumata","","line-99314"
"station-9931408","이와하라","岩原","いわはら","Iwahara","","line-99314"
"station-9931409","츠카하라","塚原","つかはら","Tsukahara","","line-99314"
"station-9931410","와다가하라","和田河原","わだがはら","Wadagahara","","line-99314"
"station-9931411","후지후이루무마에","富士フイルム前","ふじふいるむまえ","Fujifirumumae","","line-99314"
"station-9931412","다이유잔","大雄山","だいゆうざん","DaiyūZan","","line-99314"
"station-9931501","아지가우라","阿字ヶ浦","あじがうら","Ajigaura","","line-99315"
"station-9931502","이소자키","磯崎","いそざき","Isozaki","","line-99315"
"station-9931503","히라이소","平磯","ひらいそ","Hiraiso","","line-99315"
"station-9931504","토노야마","殿山","とのやま","Tonoyama","","line-99315"
"station-9931505","나카미나토","那珂湊","なかみなと","Nakaminato","","line-99315"
"station-9931506","나카네","中根","なかね","Nakane","","line-99315"
"station-9931507","카나가미","金上","かながみ","Kanagami","","line-99315"
"station-9931508","코키마에","工機前","こうきまえ","KōKimae","","line-99315"
"station-9931510","타카다노텟쿄","高田の鉄橋","たかだのてっきょう","Takadanotekkyō","","line-99315"
"station-9931511","요시노하마가쿠엔","美乃浜学園","よしのはまがくえん","Yoshinohamagakuen","","line-99315"
"station-mlit-004325","나카가와","中川","なかがわ","Nakagawa","","line-99316"
"station-mlit-004353","센터키타","センター北","せんたーきた","SentāKita","","line-99316"
"station-mlit-004380","센터미나미","センター南","せんたーみなみ","SentāMinami","","line-99316"
"station-mlit-004416","나카마치다이","仲町台","なかまちだい","Nakamachidai","","line-99316"
"station-mlit-004439","신하네","新羽","しんはね","Shinhane","","line-99316"
"station-mlit-004459","키타신요코하마","北新横浜","きたしんよこはま","Kitashin'Yokohama","","line-99316"
"station-mlit-004539","키시네코엔","岸根公園","きしねこうえん","KishinekōEn","","line-99316"
"station-mlit-004551","카타쿠라마치","片倉町","かたくらまち","Katakuramachi","","line-99316"
"station-mlit-004601","미츠자와시모마치","三ツ沢下町","みつざわしもまち","Mitsuzawashimomachi","","line-99316"
"station-mlit-004602","미츠자와카미마치","三ツ沢上町","みつざわかみまち","Mitsuzawakamimachi","","line-99316"
"station-mlit-004654","타카시마마치","高島町","たかしままち","Takashimamachi","","line-99316"
"station-mlit-004708","이세자키초자마치","伊勢佐木長者町","いせざきちょうじゃまち","IsezakichōJamachi","","line-99316"
"station-mlit-004718","반히가시쿄","阪東橋","ばんひがしきょう","Banhigashikyō","","line-99316"
"station-mlit-004721","요시노마치","吉野町","よしのまち","Yoshinomachi","","line-99316"
"station-mlit-004737","마키타","蒔田","まきた","Makita","","line-99316"
"station-mlit-004761","구묘지","弘明寺","ぐみょうじ","GumyōJi","","line-99316"
"station-mlit-004775","타치바","立場","たちば","Tachiba","","line-99316"
"station-mlit-004786","나카타","中田","なかた","Nakata","","line-99316"
"station-mlit-004796","오도리바","踊場","おどりば","Odoriba","","line-99316"
"station-mlit-004805","시모이이다","下飯田","しもいいだ","ShimoīDa","","line-99316"
"station-mlit-004808","시모나가야","下永谷","しもながや","Shimonagaya","","line-99316"
"station-mlit-004810","마이오카","舞岡","まいおか","Maioka","","line-99316"
"station-mlit-004815","카미나가야","上永谷","かみながや","Kaminagaya","","line-99316"
"station-mlit-004816","코난츄오","港南中央","こうなんちゅうおう","KōNanchūō","","line-99316"
"station-mlit-004886","난부시조","南部市場","なんぶしじょう","Nambushijō","","line-99317"
"station-mlit-004896","토리하마","鳥浜","とりはま","Torihama","","line-99317"
"station-mlit-004910","나미키키타","並木北","なみききた","Namikikita","","line-99317"
"station-mlit-004930","나미키츄오","並木中央","なみきちゅうおう","Namikichūō","","line-99317"
"station-mlit-004951","사치우라","幸浦","さちうら","Sachiura","","line-99317"
"station-mlit-004962","산교신코센터","産業振興センター","さんぎょうしんこうせんたー","SangyōShinkōSentā","","line-99317"
"station-mlit-004968","후쿠우라","福浦","ふくうら","Fukuura","","line-99317"
"station-mlit-004984","시다이이가쿠부","市大医学部","しだいいがくぶ","Shidaiigakubu","","line-99317"
"station-mlit-004988","우미노코엔시바구치","海の公園柴口","うみのこうえんしばぐち","UminokōEnshibaguchi","","line-99317"
"station-mlit-004993","핫케이지마","八景島","はっけいじま","Hakkeijima","","line-99317"
"station-mlit-005003","우미노코엔미나미구치","海の公園南口","うみのこうえんみなみぐち","UminokōEnminamiguchi","","line-99317"
"station-mlit-005025","야지마코엔","野島公園","やじまこうえん","YajimakōEn","","line-99317"
"station-9930915","모리야","守谷","もりや","Moriya","","line-99318"
"station-9931802","니시토리데","西取手","にしとりで","Nishi-toride","","line-99318"
"station-9931803","테라하라","寺原","てらはら","Terahara","","line-99318"
"station-9931804","신토리데","新取手","しんとりで","Shintoride","","line-99318"
"station-9931805","이네토이","稲戸井","いねとい","Inetoi","","line-99318"
"station-9931806","토가시라","戸頭","とがしら","Togashira","","line-99318"
"station-9931807","미나미모리야","南守谷","みなみもりや","Minamimoriya","","line-99318"
"station-9931809","신모리야","新守谷","しんもりや","Shimmoriya","","line-99318"
"station-9931810","쇼키누","小絹","しょうきぬ","ShōKinu","","line-99318"
"station-9931811","미츠카이도","水海道","みつかいどう","Mitsukaidō","","line-99318"
"station-9931812","키타미츠카이도","北水海道","きたみつかいどう","Kitamitsukaidō","","line-99318"
"station-9931813","나카츠마","中妻","なかつま","Nakatsuma","","line-99318"
"station-9931814","산츠마","三妻","さんつま","Santsuma","","line-99318"
"station-9931815","미나미이시게","南石下","みなみいしげ","Minamiishige","","line-99318"
"station-9931816","이시게","石下","いしげ","Ishige","","line-99318"
"station-9931817","타마무라","玉村","たまむら","Tamamura","","line-99318"
"station-9931818","소도","宗道","そうどう","SōDō","","line-99318"
"station-9931819","시모즈마","下妻","しもづま","Shimozuma","","line-99318"
"station-9931820","타이호","大宝","たいほう","Taihō","","line-99318"
"station-9931821","토바노에","騰波ノ江","とばのえ","Tobanoe","","line-99318"
"station-9931822","쿠로코","黒子","くろこ","Kuroko","","line-99318"
"station-9931823","오타사토","大田郷","おおたさと","ōTasato","","line-99318"
"station-9931825","유메미노","ゆめみ野","ゆめみの","Yumemino","","line-99318"
"station-9931902","이레지","入地","いれじ","Ireji","","line-99319"
"station-9931903","류가사키","竜ヶ崎","りゅうがさき","RyūGasaki","","line-99319"
"station-1130812","카마쿠라","鎌倉","かまくら","Kamakura","","line-99320"
"station-9932002","이시가미","石上","いしがみ","Ishigami","","line-99320"
"station-9932003","야나기코지","柳小路","やなぎこうじ","YanagikōJi","","line-99320"
"station-9932004","쿠게누마","鵠沼","くげぬま","Kugenuma","","line-99320"
"station-9932005","쇼난카이간코엔","湘南海岸公園","しょうなんかいがんこうえん","ShōNankaigankōEn","","line-99320"
"station-9932006","에노시마","江ノ島","えのしま","Enoshima","","line-99320"
"station-9932007","코시고에","腰越","こしごえ","Koshigoe","","line-99320"
"station-9932008","가마쿠라코코마에","鎌倉高校前","かまくらこうこうまえ","KamakurakōKōMae","","line-99320"
"station-9932009","시치리가하마","七里ヶ浜","しちりがはま","Shichirigahama","","line-99320"
"station-9932010","이나무라가사키","稲村ヶ崎","いなむらがさき","Inamuragasaki","","line-99320"
"station-9932011","고쿠라쿠지","極楽寺","ごくらくじ","Gokurakuji","","line-99320"
"station-9932012","나가타니","長谷","ながたに","Nagatani","","line-99320"
"station-9932013","유이가하마","由比ヶ浜","ゆいがはま","Yuigahama","","line-99320"
"station-9932014","와다즈카","和田塚","わだづか","Wadazuka","","line-99320"
"station-9932102","철도박물관","鉄道博物館","てつどうはくぶつかん","TetsudōHakubutsukan","","line-99321"
"station-9932103","카모노미야","加茂宮","かものみや","Kamonomiya","","line-99321"
"station-9932104","히가시미야하라","東宮原","ひがしみやはら","Higashimiyahara","","line-99321"
"station-9932105","콘바","今羽","こんば","Komba","","line-99321"
"station-9932106","요시노하루","吉野原","よしのはる","Yoshinoharu","","line-99321"
"station-9932107","하라이치","原市","はらいち","Haraichi","","line-99321"
"station-9932108","쇼난","沼南","しょうなん","ShōNan","","line-99321"
"station-9932109","마루야마","丸山","まるやま","Maruyama","","line-99321"
"station-9932110","시쿠","志久","しく","Shiku","","line-99321"
"station-9932111","이나츄오","伊奈中央","いなちゅうおう","Inachūō","","line-99321"
"station-9932112","하누키","羽貫","はぬき","Hanuki","","line-99321"
"station-9932113","우치주쿠","内宿","うちじゅく","Uchijuku","","line-99321"
"station-9932302","히가시미토","東水戸","ひがしみと","Higashimito","","line-99323"
"station-9932303","츠네즈미","常澄","つねずみ","Tsunezumi","","line-99323"
"station-9932304","오아라이","大洗","おおあらい","ōArai","","line-99323"
"station-9932305","히누마","涸沼","ひぬま","Hinuma","","line-99323"
"station-9932306","카시마아사히","鹿島旭","かしまあさひ","Kashimaasahi","","line-99323"
"station-9932307","토쿠슈쿠","徳宿","とくしゅく","Tokushuku","","line-99323"
"station-9932308","신호코타","新鉾田","しんほこた","Shinhokota","","line-99323"
"station-9932309","키타우라코한","北浦湖畔","きたうらこはん","Kitaurakohan","","line-99323"
"station-9932310","타이요","大洋","たいよう","Taiyō","","line-99323"
"station-9932311","카시마나다","鹿島灘","かしまなだ","Kashimanada","","line-99323"
"station-9932312","카시마오노","鹿島大野","かしまおおの","KashimaōNo","","line-99323"
"station-9932313","초자가하마시오사이하마나스코엔마에","長者ヶ浜潮騒はまなす公園前","ちょうじゃがはましおさいはまなすこうえんまえ","ChōJagahamashiosaihamanasukōEmmae","","line-99323"
"station-9932314","아라노다이","荒野台","あらのだい","Aranodai","","line-99323"
"station-9932402","시바야마치요다","芝山千代田","しばやまちよだ","Shibayamachiyoda","","line-99324"
"station-9932502","카츠사무라카미","上総村上","かつさむらかみ","Katsusamurakami","","line-99325"
"station-9932503","아마아리키","海士有木","あまありき","Amaariki","","line-99325"
"station-9932504","카즈사미츠마타","上総三又","かずさみつまた","Kazusamitsumata","","line-99325"
"station-9932505","카즈사야마다","上総山田","かずさやまだ","Kazusayamada","","line-99325"
"station-9932506","코후우다이","光風台","こうふうだい","KōFūDai","","line-99325"
"station-9932507","우마타테","馬立","うまたて","Umatate","","line-99325"
"station-9932508","카즈사우시쿠","上総牛久","かずさうしく","Kazusaushiku","","line-99325"
"station-9932509","카츠사카와마","上総川間","かつさかわま","Katsusakawama","","line-99325"
"station-9932510","카즈사츠루마이","上総鶴舞","かずさつるまい","Kazusatsurumai","","line-99325"
"station-9932511","카츠사히사야스","上総久保","かつさひさやす","Katsusahisayasu","","line-99325"
"station-9932512","타카다키","高滝","たかだき","Takadaki","","line-99325"
"station-9932513","사토미","里見","さとみ","Satomi","","line-99325"
"station-9932514","이타부","飯給","いたぶ","Itabu","","line-99325"
"station-9932515","츠키자키","月崎","つきざき","Tsukizaki","","line-99325"
"station-9932516","카츠사오쿠보","上総大久保","かつさおおくぼ","KatsusaōKubo","","line-99325"
"station-9932517","요로케이코쿠","養老渓谷","ようろうけいこく","YōRōKeikoku","","line-99325"
"station-9932602","후지미마치","富士見町","ふじみまち","Fujimimachi","","line-99326"
"station-9932603","쇼난마치야","湘南町屋","しょうなんまちや","ShōNammachiya","","line-99326"
"station-9932604","쇼난후카자와","湘南深沢","しょうなんふかざわ","ShōNanfukazawa","","line-99326"
"station-9932605","니시카마쿠라","西鎌倉","にしかまくら","Nishikamakura","","line-99326"
"station-9932606","카타세야마","片瀬山","かたせやま","Kataseyama","","line-99326"
"station-9932607","메지로야마시타","目白山下","めじろやました","Mejiroyamashita","","line-99326"
"station-9932702","미나미타카사키","南高崎","みなみたかさき","Minamitakasaki","","line-99327"
"station-9932703","네고야","根小屋","ねごや","Negoya","","line-99327"
"station-9932704","타카사키쇼카다이가쿠마에","高崎商科大学前","たかさきしょうかだいがくまえ","TakasakishōKadaigakumae","","line-99327"
"station-9932705","야마나","山名","やまな","Yamana","","line-99327"
"station-9932706","니시야마메이","西山名","にしやまめい","Nishiyamamei","","line-99327"
"station-9932707","마니와","馬庭","まにわ","Maniwa","","line-99327"
"station-9932708","요시이","吉井","よしい","Yoshii","","line-99327"
"station-9932709","니시요시이","西吉井","にしよしい","Nishiyoshii","","line-99327"
"station-9932710","주슈니이야","上州新屋","じゅうしゅうにいや","JūShūNīYa","","line-99327"
"station-9932711","우에슈후쿠시마","上州福島","うえしゅうふくしま","UeshūFukushima","","line-99327"
"station-9932712","히가시토미오카","東富岡","ひがしとみおか","Higashitomioka","","line-99327"
"station-9932713","조슈토미오카","上州富岡","じょうしゅうとみおか","JōShūTomioka","","line-99327"
"station-9932714","니시토미오카","西富岡","にしとみおか","Nishitomioka","","line-99327"
"station-9932715","우에슈나나니치시","上州七日市","うえしゅうななにちし","UeshūNananichishi","","line-99327"
"station-9932716","우에슈이치노미야","上州一ノ宮","うえしゅういちのみや","UeshūIchinomiya","","line-99327"
"station-9932717","카노하라","神農原","かのはら","Kanohara","","line-99327"
"station-9932718","난자이","南蛇井","なんじゃい","Nanjai","","line-99327"
"station-9932719","센다이라","千平","せんだいら","Sendaira","","line-99327"
"station-9932720","시모니타","下仁田","しもにた","Shimonita","","line-99327"
"station-9932721","사노노와타시","佐野のわたし","さののわたし","Sanonowatashi","","line-99327"
"station-9932801","츄오마에바시","中央前橋","ちゅうおうまえばし","ChūōMaebashi","","line-99328"
"station-9932802","조토","城東","じょうとう","JōTō","","line-99328"
"station-9932803","미츠마타","三俣","みつまた","Mitsumata","","line-99328"
"station-9932804","카타카이","片貝","かたかい","Katakai","","line-99328"
"station-9932805","카미이즈미","上泉","かみいずみ","Kamiizumi","","line-99328"
"station-9932806","아카사카","赤坂","あかさか","Akasaka","","line-99328"
"station-9932807","신조켓칸센터","心臓血管センター","しんぞうけっかんせんたー","ShinzōKekkansentā","","line-99328"
"station-9932808","에기","江木","えぎ","Egi","","line-99328"
"station-9932809","오고","大胡","おおご","ōGo","","line-99328"
"station-9932810","히고시","樋越","ひごし","Higoshi","","line-99328"
"station-9932811","키타하라","北原","きたはら","Kitahara","","line-99328"
"station-9932812","아라야","新屋","あらや","Araya","","line-99328"
"station-9932813","카스카와","粕川","かすかわ","Kasukawa","","line-99328"
"station-9932814","젠","膳","ぜん","Zen","","line-99328"
"station-9932815","니이사토","新里","にいさと","NīSato","","line-99328"
"station-9932816","신카와","新川","しんかわ","Shinkawa","","line-99328"
"station-9932817","히가시신카와","東新川","ひがししんかわ","Higashishinkawa","","line-99328"
"station-9932819","텐노주쿠","天王宿","てんのうじゅく","TennōJuku","","line-99328"
"station-9932820","후지야마시타","富士山下","ふじやました","Fujiyamashita","","line-99328"
"station-9932821","마루야마카","丸山下","まるやまか","Maruyamaka","","line-99328"
"station-9932822","니시키류","西桐生","にしきりゅう","Nishikiryū","","line-99328"
"station-9932823","키류큐조마에","桐生球場前","きりゅうきゅうじょうまえ","KiryūKyūJōMae","","line-99328"
"station-1130520","하치하시라","八柱","はちはしら","Hachihashira","","line-99329"
"station-9932902","신츠다누마","新津田沼","しんつだぬま","Shintsudanuma","","line-99329"
"station-9932903","마에하라","前原","まえはら","Maehara","","line-99329"
"station-9932904","야쿠엔다이","薬園台","やくえんだい","Yakuendai","","line-99329"
"station-9932905","나라시노","習志野","ならしの","Narashino","","line-99329"
"station-9932906","키타나라시노","北習志野","きたならしの","Kitanarashino","","line-99329"
"station-9932907","타카네키도","高根木戸","たかねきど","Takanekido","","line-99329"
"station-9932908","타카네코단","高根公団","たかねこうだん","TakanekōDan","","line-99329"
"station-9932909","타키후도","滝不動","たきふどう","Takifudō","","line-99329"
"station-9932910","미사키","三咲","みさき","Misaki","","line-99329"
"station-9932911","후타와무코다이","二和向台","ふたわむこうだい","FutawamukōDai","","line-99329"
"station-9932912","카마가야다이부츠","鎌ヶ谷大仏","かまがやだいぶつ","Kamagayadaibutsu","","line-99329"
"station-9932913","하츠토미","初富","はつとみ","Hatsutomi","","line-99329"
"station-9932915","키타하츠토미","北初富","きたはつとみ","Kitahatsutomi","","line-99329"
"station-9932916","쿠누기야마","くぬぎ山","くぬぎやま","Kunugiyama","","line-99329"
"station-9932917","모토야마","元山","もとやま","Motoyama","","line-99329"
"station-9932918","고코","五香","ごこう","Gokō","","line-99329"
"station-9932919","토키와다이라","常盤平","ときわだいら","Tokiwadaira","","line-99329"
"station-9932921","미노리다이","みのり台","みのりだい","Minoridai","","line-99329"
"station-9932922","마츠도신덴","松戸新田","まつどしんでん","Matsudoshinden","","line-99329"
"station-9932923","카미혼고","上本郷","かみほんごう","Kamihongō","","line-99329"
"station-9933002","시모다테니코마에","下館二高前","しもだてにこうまえ","ShimodatenikōMae","","line-99330"
"station-9933003","오리혼","折本","おりほん","Orihon","","line-99330"
"station-9933004","히구치","ひぐち","ひぐち","Higuchi","","line-99330"
"station-9933005","쿠게타","久下田","くげた","Kugeta","","line-99330"
"station-9933006","테라우치","寺内","てらうち","Terauchi","","line-99330"
"station-9933007","모오카","真岡","もおか","Mooka","","line-99330"
"station-9933008","키타모카","北真岡","きたもうか","KitamōKa","","line-99330"
"station-9933009","니시다이","西田井","にしだい","Nishidai","","line-99330"
"station-9933010","키타야마","北山","きたやま","Kitayama","","line-99330"
"station-9933011","마시코","益子","ましこ","Mashiko","","line-99330"
"station-9933012","나나이","七井","なない","Nanai","","line-99330"
"station-9933013","타타라","多田羅","たたら","Tatara","","line-99330"
"station-9933014","이치하나","市塙","いちはな","Ichihana","","line-99330"
"station-9933015","사사하라다","笹原田","ささはらだ","Sasaharada","","line-99330"
"station-9933016","텐야바","天矢場","てんやば","Tenyaba","","line-99330"
"station-9933017","모기","茂木","もぎ","Mogi","","line-99330"
"station-1132617","치바미나토","千葉みなと","ちばみなと","Chibaminato","","line-99331"
"station-9933102","시야쿠쇼마에","市役所前","しやくしょまえ","Shiyakushomae","","line-99331"
"station-9933104","사카에마치","栄町","さかえまち","Sakaemachi","","line-99331"
"station-9933105","요시가와코엔","葭川公園","よしがわこうえん","YoshigawakōEn","","line-99331"
"station-9933106","켄초마에","県庁前","けんちょうまえ","KenchōMae","","line-99331"
"station-1131412","츠가","都賀","つが","Tsuga","","line-99332"
"station-9933202","치바코엔","千葉公園","ちばこうえん","ChibakōEn","","line-99332"
"station-9933203","사쿠사베","作草部","さくさべ","Sakusabe","","line-99332"
"station-9933204","텐다이","天台","てんだい","Tendai","","line-99332"
"station-9933205","아나가와","穴川","あながわ","Anagawa","","line-99332"
"station-9933206","스포츠센터","スポーツセンター","すぽーつせんたー","SupōTsusentā","","line-99332"
"station-9933207","도부츠코엔","動物公園","どうぶつこうえん","DōButsukōEn","","line-99332"
"station-9933208","미츠와다이","みつわ台","みつわだい","Mitsuwadai","","line-99332"
"station-9933210","사쿠라기","桜木","さくらぎ","Sakuragi","","line-99332"
"station-9933211","오구라다이","小倉台","おぐらだい","Oguradai","","line-99332"
"station-9933212","치시로다이키타","千城台北","ちしろだいきた","Chishirodaikita","","line-99332"
"station-9933213","치시로다이","千城台","ちしろだい","Chishirodai","","line-99332"
"station-9933303","쇼킨조","小金城趾","しょうきんじょう趾","ShōKinjō趾","","line-99333"
"station-9933304","히레가사키","鰭ヶ崎","ひれがさき","Hiregasaki","","line-99333"
"station-9933305","헤이와다이","平和台","へいわだい","Heiwadai","","line-99333"
"station-9933306","나가레야마","流山","ながれやま","Nagareyama","","line-99333"
"station-mlit-003283","카미키타다이","上北台","かみきただい","Kamikitadai","","line-99334"
"station-mlit-003320","사쿠라카이도","桜街道","さくらかいどう","Sakurakaidō","","line-99334"
"station-mlit-003447","스나가와나나반","砂川七番","すながわななばん","Sunagawananaban","","line-99334"
"station-mlit-003476","이즈미타이이쿠칸","泉体育館","いずみたいいくかん","Izumitaiikukan","","line-99334"
"station-mlit-003499","타츠히","立飛","たつひ","Tatsuhi","","line-99334"
"station-mlit-003528","타카마츠","高松","たかまつ","Takamatsu","","line-99334"
"station-mlit-003617","타치카와키타","立川北","たちかわきた","Tachikawakita","","line-99334"
"station-mlit-003649","타치카와미나미","立川南","たちかわみなみ","Tachikawaminami","","line-99334"
"station-mlit-003697","시바자키타이이쿠칸","柴崎体育館","しばざきたいいくかん","Shibazakitaiikukan","","line-99334"
"station-mlit-003783","코슈카이도","甲州街道","こうしゅうかいどう","KōShūKaidō","","line-99334"
"station-mlit-003829","만간지","万願寺","まんがんじ","Manganji","","line-99334"
"station-mlit-003950","호도쿠보","程久保","ほどくぼ","Hodokubo","","line-99334"
"station-mlit-004031","츄오대학·메이세이대학","中央大学・明星大学","ちゅうおうだいがく・めいせいだいがく","ChūōDaigaku･Meiseidaigaku","","line-99334"
"station-mlit-004051","오츠카·테이쿄다이가쿠","大塚・帝京大学","おおつか・ていきょうだいがく","ōTsuka･TeikyōDaigaku","","line-99334"
"station-mlit-004077","마츠가야","松が谷","まつがや","Matsugaya","","line-99334"
"station-mlit-004121","타마센터","多摩センター","たませんたー","Tamasentā","","line-99334"
"station-9933502","나카노마치","仲ノ町","なかのまち","Nakanomachi","","line-99335"
"station-9933503","칸논","観音","かんのん","Kannon","","line-99335"
"station-9933504","모토초시","本銚子","もとちょうし","MotochōShi","","line-99335"
"station-9933505","카사가미쿠로하이","笠上黒生","かさがみくろはい","Kasagamikurohai","","line-99335"
"station-9933506","니시아시카지마","西海鹿島","にしあしかじま","Nishiashikajima","","line-99335"
"station-9933507","아시카시마","海鹿島","あしかしま","Ashikashima","","line-99335"
"station-9933508","키미가하마","君ヶ浜","きみがはま","Kimigahama","","line-99335"
"station-9933509","이누보","犬吠","いぬぼう","Inubō","","line-99335"
"station-9933510","소토카와","外川","そとかわ","Sotokawa","","line-99335"
"station-1130227","하마마츠초","浜松町","はままつちょう","Hamamatsucho","","line-99336"
"station-mlit-004123","텐노슈아이루","天王洲アイル","てんのうしゅうあいる","TennōShūAiru","","line-99336"
"station-mlit-004251","오이케이바조마에","大井競馬場前","おおいけいばじょうまえ","ōIkeibajōMae","","line-99336"
"station-mlit-004285","류츠우센터","流通センター","りゅうつうせんたー","RyūTsūSentā","","line-99336"
"station-mlit-004312","쇼와지마","昭和島","しょうわじま","ShōWajima","","line-99336"
"station-mlit-004348","세이비조","整備場","せいびじょう","Seibijō","","line-99336"
"station-mlit-004361","하네다 공항 제2터미널","羽田空港第2ターミナル","はねだくうこうだい2たーみなる","HanedakūKōDai2tāMinaru","","line-99336"
"station-mlit-004372","하네다 공항 제1터미널","羽田空港第1ターミナル","はねだくうこうだい1たーみなる","HanedakūKōDai1tāMinaru","","line-99336"
"station-mlit-004393","신세이비조","新整備場","しんせいびじょう","Shinseibijō","","line-99336"
"station-mlit-004034","시노노메","東雲","しののめ","Shinonome","","line-99337"
"station-mlit-004065","코쿠사이텐지조","国際展示場","こくさいてんじじょう","Kokusaitenjijō","","line-99337"
"station-mlit-004108","도쿄 텔레포트","東京テレポート","とうきょうてれぽーと","TōKyōTerepōTo","","line-99337"
"station-mlit-004182","시나가와시사이도","品川シーサイド","しながわしーさいど","ShinagawashīSaido","","line-99337"
"station-1130524","니시후나바시","西船橋","にしふなばし","Nishifunabashi","","line-99338"
"station-2300131","히가시하카츠타다이","東葉勝田台","ひがしはかつただい","Higashihakatsutadai","","line-99338"
"station-9933802","토카이신","東海神","とうかいしん","TōKaishin","","line-99338"
"station-9933803","이이야마미츠루","飯山満","いいやまみつる","īYamamitsuru","","line-99338"
"station-9933805","후나바시니치다이마에","船橋日大前","ふなばしにちだいまえ","Funabashinichidaimae","","line-99338"
"station-9933806","야치요미도리가오카","八千代緑が丘","やちよみどりがおか","Yachiyomidorigaoka","","line-99338"
"station-9933807","야치요츄오","八千代中央","やちよちゅうおう","Yachiyochūō","","line-99338"
"station-9933808","무라카미","村上","むらかみ","Murakami","","line-99338"
"station-9933902","하코네이타바시","箱根板橋","はこねいたばし","Hakoneitabashi","","line-99339"
"station-9933903","카자마츠리","風祭","かざまつり","Kazamatsuri","","line-99339"
"station-9933904","이리우다","入生田","いりうだ","Iriuda","","line-99339"
"station-9933905","하코네유모토","箱根湯本","はこねゆもと","Hakoneyumoto","","line-99339"
"station-9933906","토노사와","塔ノ沢","とうのさわ","TōNosawa","","line-99339"
"station-9933907","타이헤이다이","大平台","たいへいだい","Taiheidai","","line-99339"
"station-9933908","미야노시타","宮ノ下","みやのした","Miyanoshita","","line-99339"
"station-9933909","코와쿠다니","小涌谷","こわくだに","Kowakudani","","line-99339"
"station-9933910","초코쿠노모리","彫刻の森","ちょうこくのもり","ChōKokunomori","","line-99339"
"station-9933911","고라","強羅","ごうら","GōRa","","line-99339"
"station-mlit-003083","인자이마키노하라","印西牧の原","いんざいまきのはら","Inzaimakinohara","","line-99340"
"station-mlit-003129","코무로","小室","こむろ","Komuro","","line-99340"
"station-mlit-003135","시라이","白井","しらい","Shirai","","line-99340"
"station-mlit-003137","니시시라이","西白井","にししらい","Nishishirai","","line-99340"
"station-mlit-003169","마츠히다이","松飛台","まつひだい","Matsuhidai","","line-99340"
"station-mlit-003170","오마치","大町","おおまち","ōMachi","","line-99340"
"station-mlit-003206","아키야마","秋山","あきやま","Akiyama","","line-99340"
"station-mlit-003213","키타구니분","北国分","きたぐにぶん","Kitagunibun","","line-99340"
"station-mlit-003229","야세츠","矢切","やせつ","Yasetsu","","line-99340"
"station-mlit-003244","신시바마타","新柴又","しんしばまた","Shinshibamata","","line-99340"
"station-9934102","류오쿄","龍王峡","りゅうおうきょう","RyūōKyō","","line-99341"
"station-9934103","카와지온선","川治温泉","かわじおんせん","Kawajionsen","","line-99341"
"station-9934104","카와지유모토","川治湯元","かわじゆもと","Kawajiyumoto","","line-99341"
"station-9934105","유니시카와온선","湯西川温泉","ゆにしかわおんせん","Yunishikawaonsen","","line-99341"
"station-9934106","나카미요리온선","中三依温泉","なかみよりおんせん","Nakamiyorionsen","","line-99341"
"station-9934107","카미미요리시오바라온센구치","上三依塩原温泉口","かみみよりしおばらおんせんぐち","Kamimiyorishiobaraonsenguchi","","line-99341"
"station-9934108","오가코겐","男鹿高原","おがこうげん","OgakōGen","","line-99341"
"station-mlit-003060","미누마다이신스이코엔","見沼代親水公園","みぬまだいしんすいこうえん","MinumadaishinsuikōEn","","line-99342"
"station-mlit-003078","토네리","舎人","とねり","Toneri","","line-99342"
"station-mlit-003098","토네리코엔","舎人公園","とねりこうえん","TonerikōEn","","line-99342"
"station-mlit-003120","야자이케","谷在家","やざいけ","Yazaike","","line-99342"
"station-mlit-003144","니시아라이다이시니시","西新井大師西","にしあらいだいしにし","Nishiaraidaishinishi","","line-99342"
"station-mlit-003171","코호쿠","江北","こうほく","KōHoku","","line-99342"
"station-mlit-003196","타카노","高野","たかの","Takano","","line-99342"
"station-mlit-003209","오기오하시","扇大橋","おうぎおおはし","ōGiōHashi","","line-99342"
"station-mlit-003235","아다치오다이","足立小台","あだちおだい","Adachiodai","","line-99342"
"station-mlit-003298","아카도쇼갓코마에","赤土小学校前","あかつちしょうがっこうまえ","AkatsuchishōGakkōMae","","line-99342"
"station-mlit-004334","키타야마타","北山田","きたやまた","Kitayamata","","line-99343"
"station-mlit-004350","히가시야마타","東山田","ひがしやまた","Higashiyamata","","line-99343"
"station-mlit-004366","히요시혼마치","日吉本町","ひよしほんまち","Hiyoshihonmachi","","line-99343"
"station-mlit-004370","타카다","高田","たかだ","Takada","","line-99343"
"station-mlit-004409","츠즈키후레아이노오카","都筑ふれあいの丘","つづきふれあいのおか","Tsuzukifureainooka","","line-99343"
"station-mlit-004438","카와와마치","川和町","かわわまち","Kawawamachi","","line-99343"
"station-9934402","코엔카","公園下","こうえんか","KōEnka","","line-99344"
"station-9934403","코엔조","公園上","こうえんじょう","KōEnjō","","line-99344"
"station-9934404","나카고라","中強羅","なかごうら","NakagōRa","","line-99344"
"station-9934405","카미고라","上強羅","かみごうら","KamigōRa","","line-99344"
"station-9934406","소운잔","早雲山","そううんざん","SōUnzan","","line-99344"
"station-9940102","카미오츠키","上大月","かみおおつき","KamiōTsuki","","line-99401"
"station-9940103","타노쿠라","田野倉","たのくら","Tanokura","","line-99401"
"station-9940104","세이","禾生","禾せい","禾Sei","","line-99401"
"station-9940105","아카사카","赤坂","あかさか","Akasaka","","line-99401"
"station-9940106","츠루시","都留市","つるし","Tsurushi","","line-99401"
"station-9940107","타니무라마치","谷村町","たにむらまち","Tanimuramachi","","line-99401"
"station-9940108","츠루분카다이가쿠마에","都留文科大学前","つるぶんかだいがくまえ","Tsurubunkadaigakumae","","line-99401"
"station-9940109","주니치시조","十日市場","じゅうにちしじょう","JūNichishijō","","line-99401"
"station-9940110","아즈마카츠라","東桂","あずまかつら","Azumakatsura","","line-99401"
"station-9940111","미츠토게","三つ峠","みつとうげ","MitsutōGe","","line-99401"
"station-9940112","코토부키","寿","ことぶき","Kotobuki","","line-99401"
"station-9940113","요시치온센마에","葭池温泉前","よしちおんせんまえ","Yoshichionsenmae","","line-99401"
"station-9940114","시모요시다","下吉田","しもよしだ","Shimoyoshida","","line-99401"
"station-9940115","츠키코테라","月江寺","つきこうてら","TsukikōTera","","line-99401"
"station-9940116","후지산","富士山","ふじさん","Fujisan","","line-99401"
"station-9940117","후지큐하이란도","富士急ハイランド","ふじきゅうはいらんど","FujikyūHairando","","line-99401"
"station-9940118","카와구치코","河口湖","かわぐちこ","Kawaguchiko","","line-99401"
"station-9940202","우오누마큐료","魚沼丘陵","うおぬまきゅうりょう","UonumakyūRyō","","line-99402"
"station-9940203","미사시마","美佐島","みさしま","Misashima","","line-99402"
"station-9940204","신자","しんざ","しんざ","Shinza","","line-99402"
"station-9940206","마츠다이","まつだい","まつだい","Matsudai","","line-99402"
"station-9940207","호쿠호쿠오시마","ほくほく大島","ほくほくおおしま","HokuhokuōShima","","line-99402"
"station-9940208","무시가와오스기","虫川大杉","むしがわおおすぎ","MushigawaōSugi","","line-99402"
"station-9940209","우라가와라","うらがわら","うらがわら","Uragawara","","line-99402"
"station-9940210","오이케이코이노모리","大池いこいの森","おおいけいこいのもり","ōIkeikoinomori","","line-99402"
"station-9940211","쿠비키","くびき","くびき","Kubiki","","line-99402"
"station-9940301","카루이자와","軽井沢","かるいざわ","Karuizawa","","line-99403"
"station-9940302","나카카루이자와","中軽井沢","なかかるいざわ","Nakakaruizawa","","line-99403"
"station-9940303","시나노오이와케","信濃追分","しなのおいわけ","Shinanooiwake","","line-99403"
"station-9940304","미요타","御代田","みよた","Miyota","","line-99403"
"station-9940305","헤이겐","平原","へいげん","Heigen","","line-99403"
"station-9940307","시게노","滋野","しげの","Shigeno","","line-99403"
"station-9940308","타나카","田中","たなか","Tanaka","","line-99403"
"station-9940309","오야","大屋","おおや","ōYa","","line-99403"
"station-9940310","시나노코쿠분지","信濃国分寺","しなのこくぶんじ","Shinanokokubunji","","line-99403"
"station-9940311","우에다","上田","うえだ","Ueda","","line-99403"
"station-9940312","니시우에다","西上田","にしうえだ","Nishiueda","","line-99403"
"station-9940313","테쿠노사카키","テクノさかき","てくのさかき","Tekunosakaki","","line-99403"
"station-9940314","사카키","坂城","さかき","Sakaki","","line-99403"
"station-9940315","토쿠라","戸倉","とくら","Tokura","","line-99403"
"station-9940316","야시로","屋代","やしろ","Yashiro","","line-99403"
"station-9940317","야시로코코마에","屋代高校前","やしろこうこうまえ","YashirokōKōMae","","line-99403"
"station-9940319","센쿄쿠","千曲","せんきょく","Senkyoku","","line-99403"
"station-9940402","조카","城下","じょうか","JōKa","","line-99404"
"station-9940403","미요시마치","三好町","みよしまち","Miyoshimachi","","line-99404"
"station-9940404","아카사카조","赤坂上","あかさかじょう","Akasakajō","","line-99404"
"station-9940405","우에다겐","上田原","うえだげん","Uedagen","","line-99404"
"station-9940406","테라시타","寺下","てらした","Terashita","","line-99404"
"station-9940407","카바타케","神畑","かばたけ","Kabatake","","line-99404"
"station-9940408","다이가쿠마에","大学前","だいがくまえ","Daigakumae","","line-99404"
"station-9940409","시모노고","下之郷","しものごう","Shimonogō","","line-99404"
"station-9940410","나카시오다","中塩田","なかしおだ","Nakashioda","","line-99404"
"station-9940411","시오다마치","塩田町","しおだまち","Shiodamachi","","line-99404"
"station-9940412","나카노","中野","なかの","Nakano","","line-99404"
"station-9940413","마이타","舞田","まいた","Maita","","line-99404"
"station-9940414","야기사와","八木沢","やぎさわ","Yagisawa","","line-99404"
"station-9940415","벳쇼온선","別所温泉","べっしょおんせん","Besshoonsen","","line-99404"
"station-9940502","시야쿠쇼마에","市役所前","しやくしょまえ","Shiyakushomae","","line-99405"
"station-9940503","곤도","権堂","ごんどう","Gondō","","line-99405"
"station-9940504","젠코지시타","善光寺下","ぜんこうじした","ZenkōJishita","","line-99405"
"station-9940505","혼고","本郷","ほんごう","Hongō","","line-99405"
"station-9940506","키리하라","桐原","きりはら","Kirihara","","line-99405"
"station-9940507","시나노요시다","信濃吉田","しなのよしだ","Shinanoyoshida","","line-99405"
"station-9940508","아사히","朝陽","あさひ","Asahi","","line-99405"
"station-9940509","후조쿠츄가쿠마에","附属中学前","ふぞくちゅうがくまえ","FuzokuchūGakumae","","line-99405"
"station-9940510","야나기하라","柳原","やなぎはら","Yanagihara","","line-99405"
"station-9940511","무라야마","村山","むらやま","Murayama","","line-99405"
"station-9940512","히노","日野","ひの","Hino","","line-99405"
"station-9940513","스자카","須坂","すざか","Suzaka","","line-99405"
"station-9940514","키타스자카","北須坂","きたすざか","Kitasuzaka","","line-99405"
"station-9940515","코후세","小布施","こふせ","Kofuse","","line-99405"
"station-9940516","츠스미","都住","つすみ","Tsusumi","","line-99405"
"station-9940517","사쿠라자와","桜沢","さくらざわ","Sakurazawa","","line-99405"
"station-9940518","엔토쿠","延徳","えんとく","Entoku","","line-99405"
"station-9940519","신슈나카노","信州中野","しんしゅうなかの","ShinshūNakano","","line-99405"
"station-9940520","나카노마츠카와","中野松川","なかのまつかわ","Nakanomatsukawa","","line-99405"
"station-9940521","시나노타케하라","信濃竹原","しなのたけはら","Shinanotakehara","","line-99405"
"station-9940522","요마세","夜間瀬","よませ","Yomase","","line-99405"
"station-9940523","카미조","上条","かみじょう","Kamijō","","line-99405"
"station-9940524","유다나카","湯田中","ゆだなか","Yudanaka","","line-99405"
"station-9940702","니시마츠모토","西松本","にしまつもと","Nishimatsumoto","","line-99407"
"station-9940703","나기사","渚","なぎさ","Nagisa","","line-99407"
"station-9940704","시나노아라이","信濃荒井","しなのあらい","Shinanoarai","","line-99407"
"station-9940705","오바","大庭","おおば","ōBa","","line-99407"
"station-9940706","시모니이","下新","しもにい","Shimonī","","line-99407"
"station-9940707","키타니·마츠모토다이가쿠마에","北新・松本大学前","きたしん・まつもとだいがくまえ","Kitashin･Matsumotodaigakumae","","line-99407"
"station-9940708","니이무라","新村","にいむら","NīMura","","line-99407"
"station-9940709","산미조","三溝","さんみぞ","Sanmizo","","line-99407"
"station-9940710","모리구치","森口","もりぐち","Moriguchi","","line-99407"
"station-9940711","시모지마","下島","しもじま","Shimojima","","line-99407"
"station-9940712","나미타","波田","なみた","Namita","","line-99407"
"station-9940713","후치히가시","渕東","ふちひがし","Fuchihigashi","","line-99407"
"station-9940714","신시마시마","新島々","しんしましま","Shin-shimashima","","line-99407"
"station-100915","신쿠로베","新黒部","しんくろべ","Shinkurobe","","line-99408"
"station-1140504","나메카와","滑川","なめかわ","Namekawa","","line-99408"
"station-1140506","신우오즈","新魚津","しんうおづ","Shinuozu","","line-99408"
"station-9940802","이나리마치","稲荷町","いなりまち","Inarimachi","","line-99408"
"station-9940803","히가시신조","東新庄","ひがししんじょう","Higashishinjō","","line-99408"
"station-9940804","에츠츄에바라","越中荏原","えつちゅうえばら","EtsuchūEbara","","line-99408"
"station-9940805","엣츄미사토","越中三郷","えっちゅうみさと","EtchūMisato","","line-99408"
"station-9940806","엣츄후나바시","越中舟橋","えっちゅうふなばし","EtchūFunabashi","","line-99408"
"station-9940807","테라다","寺田","てらだ","Terada","","line-99408"
"station-9940808","에츠나카이즈미","越中泉","えつなかいずみ","Etsunakaizumi","","line-99408"
"station-9940809","아이노키","相ノ木","あいのき","Ainoki","","line-99408"
"station-9940810","카미이치","上市","かみいち","Kamiichi","","line-99408"
"station-9940811","신구우가와","新宮川","しんぐうがわ","ShingūGawa","","line-99408"
"station-9940812","츄카세키","中加積","ちゅうかせき","ChūKaseki","","line-99408"
"station-9940813","니시카세키","西加積","にしかせき","Nishikaseki","","line-99408"
"station-9940814","니시나메카와","西滑川","にしなめかわ","Nishinamekawa","","line-99408"
"station-9940815","츄나메리카와","中滑川","ちゅうなめりかわ","ChūNamerikawa","","line-99408"
"station-9940817","하마카세키","浜加積","はまかせき","Hamakaseki","","line-99408"
"station-9940818","사츠키카세키","早月加積","さつきかせき","Satsukikaseki","","line-99408"
"station-9940819","에츠츄나카무라","越中中村","えつちゅうなかむら","EtsuchūNakamura","","line-99408"
"station-9940820","니시우오츠","西魚津","にしうおつ","Nishiuotsu","","line-99408"
"station-9940821","덴테츠우오즈","電鉄魚津","でんてつうおづ","Dentetsuuozu","","line-99408"
"station-9940823","헤타","経田","へた","Heta","","line-99408"
"station-9940824","덴테츠이시다","電鉄石田","でんてついしだ","Dentetsuishida","","line-99408"
"station-9940825","덴테츠쿠로베","電鉄黒部","でんてつくろべ","Dentetsukurobe","","line-99408"
"station-9940826","히가시밋카이치","東三日市","ひがしみっかいち","Higashimikkaichi","","line-99408"
"station-9940827","오규","荻生","おぎゅう","Ogyū","","line-99408"
"station-9940828","나가야","長屋","ながや","Nagaya","","line-99408"
"station-9940829","시타야마","舌山","したやま","Shitayama","","line-99408"
"station-9940830","와카구리","若栗","わかぐり","Wakaguri","","line-99408"
"station-9940831","토치야","栃屋","とちや","Tochiya","","line-99408"
"station-9940832","우라야마","浦山","うらやま","Urayama","","line-99408"
"station-9940833","오리타테구치","下立口","おりたてぐち","Oritateguchi","","line-99408"
"station-9940834","오리타테","下立","おりたて","Oritate","","line-99408"
"station-9940835","아이모토","愛本","あいもと","Aimoto","","line-99408"
"station-9940836","우치야마","内山","うちやま","Uchiyama","","line-99408"
"station-9940837","오토자와","音沢","おとざわ","Otozawa","","line-99408"
"station-9940838","우나즈키온선","宇奈月温泉","うなづきおんせん","Unazukionsen","","line-99408"
"station-9940839","신조타나카","新庄田中","しんじょうたなか","ShinjōTanaka","","line-99408"
"station-9940840","신쇼노키","新相ノ木","しんしょうのき","ShinshōNoki","","line-99408"
"station-9940902","이토케나코츠카","稚子塚","いとけなこつか","Itokenakotsuka","","line-99409"
"station-9940903","타조에","田添","たぞえ","Tazoe","","line-99409"
"station-9940904","고햐쿠세키","五百石","ごひゃくせき","Gohyakuseki","","line-99409"
"station-9940905","에노키마치","榎町","えのきまち","Enokimachi","","line-99409"
"station-9940906","게단","下段","げだん","Gedan","","line-99409"
"station-9940907","카마가후치","釜ヶ淵","かまゖふち","Kamakefuchi","","line-99409"
"station-9940908","사와나카야마","沢中山","さわなかやま","Sawanakayama","","line-99409"
"station-9940909","이와쿠라지","岩峅寺","いわくらじ","Iwakuraji","","line-99409"
"station-9940910","요코에","横江","よこえ","Yokoe","","line-99409"
"station-9940911","치가키","千垣","ちがき","Chigaki","","line-99409"
"station-9940912","아리미네구치","有峰口","ありみねぐち","Arimineguchi","","line-99409"
"station-9940913","모토미야","本宮","もとみや","Motomiya","","line-99409"
"station-9940914","타테야마","立山","たてやま","Tateyama","","line-99409"
"station-9941003","후지코시","不二越","ふじこし","Fujikoshi","","line-99410"
"station-9941004","오이즈미","大泉","おおいずみ","ōIzumi","","line-99410"
"station-9941005","미나미토야마","南富山","みなみとやま","Minamitoyama","","line-99410"
"station-9941006","아사나마치","朝菜町","あさなまち","Asanamachi","","line-99410"
"station-9941007","카미호리","上堀","かみほり","Kamihori","","line-99410"
"station-9941008","코스기","小杉","こすぎ","Kosugi","","line-99410"
"station-9941009","누노시","布市","ぬのし","Nunoshi","","line-99410"
"station-9941010","카이하츠","開発","かいはつ","Kaihatsu","","line-99410"
"station-9941011","츠키오카","月岡","つきおか","Tsukioka","","line-99410"
"station-9941012","다이쇼","大庄","だいしょう","Daishō","","line-99410"
"station-9941013","카미다키","上滝","かみだき","Kamidaki","","line-99410"
"station-9941014","오카와테라","大川寺","おおかわてら","ōKawatera","","line-99410"
"station-9941016","사카에마치","栄町","さかえまち","Sakaemachi","","line-99410"
"station-9941202","쿠로나기","黒薙","くろなぎ","Kuronagi","","line-99412"
"station-9941203","쇼히토시","鐘釣","しょうひとし","ShōHitoshi","","line-99412"
"station-9941204","케야키타이라","欅平","けやきたいら","Keyakitaira","","line-99412"
"station-9941302","오마치","大町","おおまち","ōMachi","","line-99413"
"station-9941303","호리카와코이즈미","堀川小泉","ほりかわこいずみ","Horikawakoizumi","","line-99413"
"station-9941304","코이즈미마치","小泉町","こいずみまち","Koizumimachi","","line-99413"
"station-9941305","니시나카노","西中野","にしなかの","Nishinakano","","line-99413"
"station-9941306","코칸도마에","広貫堂前","こうかんどうまえ","KōKandōMae","","line-99413"
"station-9941307","우에혼마치","上本町","うえほんまち","Uehonmachi","","line-99413"
"station-9941308","니시마치","西町","にしまち","Nishimachi","","line-99413"
"station-9941309","아라마치","荒町","あらまち","Aramachi","","line-99413"
"station-9941310","사쿠라쿄","桜橋","さくらきょう","Sakurakyō","","line-99413"
"station-9941311","덴키비루마에","電気ビル前","でんきびるまえ","Denkibirumae","","line-99413"
"station-9941312","치테츠빌딩앞","地鉄ビル前","ちてつびるまえ","Chitetsubirumae","","line-99413"
"station-9941314","신토미마치","新富町","しんとみまち","Shintomimachi","","line-99413"
"station-9941315","켄초마에","県庁前","けんちょうまえ","KenchōMae","","line-99413"
"station-9941316","마루노치","丸の内","まるのうち","Marunouchi","","line-99413"
"station-9941317","스와노카와라","諏訪川原","すわのかわら","Suwanokawara","","line-99413"
"station-9941318","야스노야","安野屋","やすのや","Yasunoya","","line-99413"
"station-9941319","토요타모비리티토야마g스쿠에아고후쿠마에","トヨタモビリティ富山 Gスクエア五福前","とよたもびりてぃとやまgすくえあごふくまえ","Toyotamobirititoyama Gsukueagofukumae","","line-99413"
"station-9941320","토야마다이가쿠마에","富山大学前","とやまだいがくまえ","Toyamadaigakumae","","line-99413"
"station-9941321","나카마치니시마치키타","中町（西町北）","なかまち（にしまちきた）","Nakamachi(Nishimachikita)","","line-99413"
"station-9941402","카타하라마치","片原町","かたはらまち","Kataharamachi","","line-99414"
"station-9941403","사카시타마치","坂下町","さかしたまち","Sakashitamachi","","line-99414"
"station-9941404","큐칸이료센터마에","急患医療センター前","きゅうかんいりょうせんたーまえ","KyūKaniryōSentāMae","","line-99414"
"station-9941405","히로코지","広小路","ひろこうじ","HirokōJi","","line-99414"
"station-9941406","시키노츄갓코마에","志貴野中学校前","しきのちゅうがっこうまえ","ShikinochūGakkōMae","","line-99414"
"station-9941407","시민뵤인마에","市民病院前","しみんびょういんまえ","ShiminbyōInmae","","line-99414"
"station-9941408","에지리","江尻","えじり","Ejiri","","line-99414"
"station-9941409","아사히가오카","旭ヶ丘","あさひがおか","Asahigaoka","","line-99414"
"station-9941410","오기노","荻布","おぎの","Ogino","","line-99414"
"station-9941411","신노마치","新能町","しんのうまち","ShinnōMachi","","line-99414"
"station-9941412","베이시마구치","米島口","べいしまぐち","Beishimaguchi","","line-99414"
"station-9941413","노마치구치","能町口","のうまちぐち","NōMachiguchi","","line-99414"
"station-9941414","신요시히사","新吉久","しんよしひさ","Shin'Yoshihisa","","line-99414"
"station-9941415","요시히사","吉久","よしひさ","Yoshihisa","","line-99414"
"station-9941416","츄후시키","中伏木","ちゅうふしき","ChūFushiki","","line-99414"
"station-9941417","로쿠와타리테라","六渡寺","ろくわたりてら","Rokuwataritera","","line-99414"
"station-9941418","쇼카와구치","庄川口","しょうかわぐち","ShōKawaguchi","","line-99414"
"station-9941419","니시신미나토","西新湊","にししんみなと","Nishishimminato","","line-99414"
"station-9941420","신마치구치","新町口","しんまちぐち","Shimmachiguchi","","line-99414"
"station-9941421","나카신미나토","中新湊","なかしんみなと","Nakashimminato","","line-99414"
"station-9941422","토신미나토","東新湊","とうしんみなと","TōShinminato","","line-99414"
"station-9941423","카이오마루","海王丸","かいおうまる","KaiōMaru","","line-99414"
"station-9941424","코시노카타","越ノ潟","こしのかた","Koshinokata","","line-99414"
"station-9941425","스에히로마치","末広町","すえひろまち","Suehiromachi","","line-99414"
"station-9941502","인텟쿠혼샤마에","インテック本社前","いんてっくほんしゃまえ","Intekkuhonshamae","","line-99415"
"station-9941503","오쿠다츄갓코마에","奥田中学校前","おくだちゅうがっこうまえ","OkudachūGakkōMae","","line-99415"
"station-9941504","시모오쿠이","下奥井","しもおくい","Shimookui","","line-99415"
"station-9941505","아와시마오사카야숏푸마에","粟島（大阪屋ショップ前）","あわしま（おおさかやしょっぷまえ）","Awashima(ōSakayashoppumae)","","line-99415"
"station-9941506","엣츄나카지마","越中中島","えっちゅうなかじま","EtchūNakajima","","line-99415"
"station-9941507","조가와라","城川原","じょうがわら","JōGawara","","line-99415"
"station-9941508","이누지마신마치","犬島新町","いぬじましんまち","Inujimashinmachi","","line-99415"
"station-9941509","하치스마치바바키넨코엔마에","蓮町（馬場記念公園前）","はちすまち（ばばきねんこうえんまえ）","Hachisumachi(BabakinenkōEmmae)","","line-99415"
"station-9941510","하기우라쇼갓코마에","萩浦小学校前","はぎうらしょうがっこうまえ","HagiurashōGakkōMae","","line-99415"
"station-9941511","히가시이와세","東岩瀬","ひがしいわせ","Higashiiwase","","line-99415"
"station-9941512","케이린조마에","競輪場前","けいりんじょうまえ","KeirinjōMae","","line-99415"
"station-9941513","이와세하마","岩瀬浜","いわせはま","Iwasehama","","line-99415"
"station-9941514","오쿠스카나루파쿠호테루토야마마에","オークスカナルパークホテル富山前","おーくすかなるぱーくほてるとやままえ","ōKusukanarupāKuhoterutoyamamae","","line-99415"
"station-9941515","류타니토야마코코마에에이라쿠마치","龍谷富山高校前（永楽町）","りゅうたにとやまこうこうまえ（えいらくまち）","RyūTanitoyamakōKōMae(Eirakumachi)","","line-99415"
"station-9941601","노마치","野町","のまち","Nomachi","","line-99416"
"station-9941602","니시이즈미","西泉","にしいずみ","Nishiizumi","","line-99416"
"station-9941604","오시노","押野","おしの","Oshino","","line-99416"
"station-9941605","노노이치","野々市","ののいち","Nonoichi","","line-99416"
"station-9941606","노노이치코다이마에","野々市工大前","ののいちこうだいまえ","NonoichikōDaimae","","line-99416"
"station-9941607","마가에","馬替","まがえ","Magae","","line-99416"
"station-9941608","누카주타쿠마에","額住宅前","ぬかじゅうたくまえ","NukajūTakumae","","line-99416"
"station-9941609","오토마루","乙丸","おとまる","Otomaru","","line-99416"
"station-9941610","욘주만","四十万","よんじゅうまん","YonjūMan","","line-99416"
"station-9941611","소다니","曽谷","そだに","Sodani","","line-99416"
"station-9941612","도호지","道法寺","どうほうじ","DōHōJi","","line-99416"
"station-9941613","이구치","井口","いぐち","Iguchi","","line-99416"
"station-9941614","코야나기","小柳","こやなぎ","Koyanagi","","line-99416"
"station-9941615","히노미코","日御子","ひのみこ","Hinomiko","","line-99416"
"station-9941616","츠루기","鶴来","つるぎ","Tsurugi","","line-99416"
"station-9941619","히와사토","陽羽里","ひわさと","Hiwasato","","line-99416"
"station-9941702","나나츠야","七ツ屋","ななつや","Nanatsuya","","line-99417"
"station-9941703","카미모로에","上諸江","かみもろえ","Kamimoroe","","line-99417"
"station-9941704","이소베","磯部","いそべ","Isobe","","line-99417"
"station-9941705","와리다시","割出","わりだし","Waridashi","","line-99417"
"station-9941706","산쿠치","三口","さんくち","Sankuchi","","line-99417"
"station-9941707","미츠야","三ツ屋","みつや","Mitsuya","","line-99417"
"station-9941708","오코바타","大河端","おおこばた","ōKobata","","line-99417"
"station-9941709","키타마","北間","きたま","Kitama","","line-99417"
"station-9941710","카가츠메","蚊爪","かがつめ","Kagatsume","","line-99417"
"station-9941711","아와가사키","粟ヶ崎","あわゖさき","Awakesaki","","line-99417"
"station-9941712","우치나다","内灘","うちなだ","Uchinada","","line-99417"
"station-9941802","타츠루하마","田鶴浜","たつるはま","Tatsuruhama","","line-99418"
"station-9941803","카사시호","笠師保","かさしほ","Kasashiho","","line-99418"
"station-9941804","노토나카지마","能登中島","のとなかじま","Notonakajima","","line-99418"
"station-9941805","세이간","西岸","せいがん","Seigan","","line-99418"
"station-9941806","노토카시마","能登鹿島","のとかしま","Notokashima","","line-99418"
"station-9941807","아나미즈","穴水","あなみず","Anamizu","","line-99418"
"station-9941902","신후쿠이","新福井","しんふくい","Shinfukui","","line-99419"
"station-9941903","후쿠이구치","福井口","ふくいぐち","Fukuiguchi","","line-99419"
"station-9941904","에치젠카이하츠","越前開発","えちぜんかいはつ","Echizenkaihatsu","","line-99419"
"station-9941905","에치젠신보","越前新保","えちぜんしんぼ","Echizenshimbo","","line-99419"
"station-9941906","오이와케구치","追分口","おいわけぐち","Oiwakeguchi","","line-99419"
"station-9941907","히가시후지시마","東藤島","ひがしふじしま","Higashifujishima","","line-99419"
"station-9941908","에치젠시마바시","越前島橋","えちぜんしまばし","Echizenshimabashi","","line-99419"
"station-9941909","칸온마치","観音町","かんおんまち","Kan'Onmachi","","line-99419"
"station-9941910","마츠오카","松岡","まつおか","Matsuoka","","line-99419"
"station-9941911","시히사카이","志比堺","しひさかい","Shihisakai","","line-99419"
"station-9941912","에이헤이지구치","永平寺口","えいへいじぐち","Eiheijiguchi","","line-99419"
"station-9941913","시모코코로자시히","下志比","しもこころざしひ","Shimokokorozashihi","","line-99419"
"station-9941914","코묘지","光明寺","こうみょうじ","KōMyōJi","","line-99419"
"station-9941915","토도로키","轟","とどろき","Todoroki","","line-99419"
"station-9941916","에치젠노나카","越前野中","えちぜんのなか","Echizennonaka","","line-99419"
"station-9941917","산노","山王","さんのう","Sannō","","line-99419"
"station-9941918","에치젠타케하라","越前竹原","えちぜんたけはら","Echizentakehara","","line-99419"
"station-9941919","코후네와타루","小舟渡","こふねわたる","Kofunewataru","","line-99419"
"station-9941920","야스다","保田","やすだ","Yasuda","","line-99419"
"station-9941921","하츠자카","発坂","はつざか","Hatsuzaka","","line-99419"
"station-9941922","히시마","比島","ひしま","Hishima","","line-99419"
"station-9941923","카츠야마","勝山","かつやま","Katsuyama","","line-99419"
"station-9942004","니시베츠인","西別院","にしべついん","Nishibetsuin","","line-99420"
"station-9942005","타하라마치","田原町","たはらまち","Taharamachi","","line-99420"
"station-9942006","후쿠오마에니시후쿠이","福大前西福井","ふくおおまえにしふくい","FukuōMaenishifukui","","line-99420"
"station-9942007","닛타즈카","新田塚","にったづか","Nittazuka","","line-99420"
"station-9942008","나카즈미","中角","なかずみ","Nakazumi","","line-99420"
"station-9942009","와시즈카하리바라","鷲塚針原","わしづかはりばら","Washizukaharibara","","line-99420"
"station-9942010","타로마루엔제루란도","太郎丸エンゼルランド","たろうまるえんぜるらんど","TarōMaruenzerurando","","line-99420"
"station-9942011","니시하루에하토피아","西春江ハートピア","にしはるえはーとぴあ","NishiharuehāTopia","","line-99420"
"station-9942012","니시나가타유리노사토","西長田ゆりの里","にしながたゆりのさと","Nishinagatayurinosato","","line-99420"
"station-9942013","시모효고코후쿠","下兵庫こうふく","しもひょうごこうふく","ShimohyōGokōFuku","","line-99420"
"station-9942014","오제키","大関","おおぜき","ōZeki","","line-99420"
"station-9942015","혼조","本荘","ほんじょう","Honjō","","line-99420"
"station-9942016","반덴","番田","ばんでん","Banden","","line-99420"
"station-9942017","아와라유노마치","あわら湯のまち","あわらゆのまち","Awarayunomachi","","line-99420"
"station-9942018","미즈이","水居","みずい","Mizui","","line-99420"
"station-9942019","산코쿠진자","三国神社","さんこくじんじゃ","Sankokujinja","","line-99420"
"station-9942020","산코쿠","三国","さんこく","Sankoku","","line-99420"
"station-9942021","미쿠니미나토","三国港","みくにみなと","Mikuniminato","","line-99420"
"station-9942022","닛카카가쿠마에","日華化学前","にっかかがくまえ","Nikkakagakumae","","line-99420"
"station-9942023","야츠시마","八ツ島","やつしま","Yatsushima","","line-99420"
"station-9942024","마츠모토마치야","まつもと町屋","まつもとまちや","Matsumotomachiya","","line-99420"
"station-9942101","에치젠타케오","越前武生","えちぜんたけお","Echizentakeo","","line-99421"
"station-9942102","키타고","北府","きたご","Kitago","","line-99421"
"station-9942103","이에히사","家久","いえひさ","Iehisa","","line-99421"
"station-9942104","산도무니시","サンドーム西","さんどーむにし","SandōMunishi","","line-99421"
"station-9942105","니시사바에","西鯖江","にしさばえ","Nishisabae","","line-99421"
"station-9942106","니시야마코엔","西山公園","にしやまこうえん","NishiyamakōEn","","line-99421"
"station-9942107","미즈오치","水落","みずおち","Mizuochi","","line-99421"
"station-9942108","신메이","神明","しんめい","Shimmei","","line-99421"
"station-9942109","토바나카","鳥羽中","とばなか","Tobanaka","","line-99421"
"station-9942110","산주하치샤","三十八社","さんじゅうはちしゃ","SanjūHachisha","","line-99421"
"station-9942111","아사미즈","浅水","あさみず","Asamizu","","line-99421"
"station-9942112","하모니호루","ハーモニーホール","はーもにーほーる","HāMonīHōRu","","line-99421"
"station-9942113","에바타","江端","えばた","Ebata","","line-99421"
"station-9942114","베루마에","ベル前","べるまえ","Berumae","","line-99421"
"station-9942115","하난도","花堂","はなんどう","Hanandō","","line-99421"
"station-9942116","세키주지마에","赤十字前","せきじゅうじまえ","SekijūJimae","","line-99421"
"station-9942117","쇼코카이기쇼마에","商工会議所前","しょうこうかいぎしょまえ","ShōKōKaigishomae","","line-99421"
"station-9942118","아스와야마코엔구치","足羽山公園口","あすわやまこうえんぐち","AsuwayamakōEnguchi","","line-99421"
"station-9942119","후쿠이조시오나마치","福井城址大名町","ふくいじょうしおおなまち","FukuijōShiōNamachi","","line-99421"
"station-9942122","진아이조시코코","仁愛女子高校","じんあいじょしこうこう","Jin'AijoshikōKō","","line-99421"
"station-9942124","스포츠코엔","スポーツ公園","すぽーつこうえん","SupōTsukōEn","","line-99421"
"station-9942125","야스시키요시노사토","泰澄の里","やすしきよしのさと","Yasushikiyoshinosato","","line-99421"
"station-9942126","세이메이","清明","せいめい","Seimei","","line-99421"
"station-9942202","코쿠사이카이기조마에","国際会議場前","こくさいかいぎじょうまえ","KokusaikaigijōMae","","line-99422"
"station-9942203","오테모루","大手モール","おおてもーる","ōTemōRu","","line-99422"
"station-9942204","구란도푸라자마에","グランドプラザ前","ぐらんどぷらざまえ","Gurandopurazamae","","line-99422"
"station-1140513","이치부리","市振","いちぶり","Ichiburi","","line-99423"
"station-1140514","신후치","親不知","しんふち","Shinfuchi","","line-99423"
"station-1140515","아오미","青海","あおみ","Aomi","","line-99423"
"station-1140517","카지야시키","梶屋敷","かじやしき","Kajiyashiki","","line-99423"
"station-1140518","우라혼","浦本","うらほん","Urahon","","line-99423"
"station-1140519","노","能生","のう","Nō","","line-99423"
"station-1140520","츠츠이시","筒石","つついし","Tsutsuishi","","line-99423"
"station-1140521","나다치","名立","なだち","Nadachi","","line-99423"
"station-1140522","아리마가와","有間川","ありまがわ","Arimagawa","","line-99423"
"station-1140523","타니하마","谷浜","たにはま","Tanihama","","line-99423"
"station-9942302","에치고오시아게히스이카이간","えちご押上ひすい海岸","えちごおしあげひすいかいがん","Echigooshiagehisuikaigan","","line-99423"
"station-1140312","묘코코겐","妙高高原","みょうこうこうげん","MyōKōKōGen","","line-99424"
"station-1140313","세키야마","関山","せきやま","Sekiyama","","line-99424"
"station-1140314","니혼기","二本木","にほんぎ","Nihongi","","line-99424"
"station-1140315","아라이","新井","あらい","Arai","","line-99424"
"station-1140316","키타아라이","北新井","きたあらい","Kitaarai","","line-99424"
"station-1140317","조에츠묘다카","上越妙高","じょうえつみょうだか","JōEtsumyōDaka","","line-99424"
"station-1140318","미나미타카다","南高田","みなみたかだ","Minamitakada","","line-99424"
"station-1140319","타카다","高田","たかだ","Takada","","line-99424"
"station-1140320","카스가야마","春日山","かすがやま","Kasugayama","","line-99424"
"station-1140502","히가시토야마","東富山","ひがしとやま","Higashitoyama","","line-99425"
"station-1140503","미즈하시","水橋","みずはし","Mizuhashi","","line-99425"
"station-1140505","히가시나메리카와","東滑川","ひがしなめりかわ","Higashinamerikawa","","line-99425"
"station-1140507","쿠로베","黒部","くろべ","Kurobe","","line-99425"
"station-1140508","키지","生地","きじ","Kiji","","line-99425"
"station-1140509","니시이리젠","西入善","にしいりぜん","Nishiirizen","","line-99425"
"station-1140510","뉴젠","入善","にゅうぜん","NyūZen","","line-99425"
"station-1140511","토마리","泊","とまり","Tomari","","line-99425"
"station-1140512","엣츄미야자키","越中宮崎","えっちゅうみやざき","EtchūMiyazaki","","line-99425"
"station-1141547","쿠리카라","倶利伽羅","くりから","Kurikara","","line-99425"
"station-1141548","이스루기","石動","いするぎ","Isurugi","","line-99425"
"station-1141549","후쿠오카","福岡","ふくおか","Fukuoka","","line-99425"
"station-1141550","니시타카오카","西高岡","にしたかおか","Nishitakaoka","","line-99425"
"station-1141552","엣츄다이몬","越中大門","えっちゅうだいもん","EtchūDaimon","","line-99425"
"station-1141553","코스기","小杉","こすぎ","Kosugi","","line-99425"
"station-1141554","쿠레하","呉羽","くれは","Kureha","","line-99425"
"station-1141556","타카오카야부나미","高岡やぶなみ","たかおかやぶなみ","Takaokayabunami","","line-99425"
"station-1141544","히가시카나자와","東金沢","ひがしかなざわ","Higashikanazawa","","line-99426"
"station-1141545","모리모토","森本","もりもと","Morimoto","","line-99426"
"station-1140309","무레","牟礼","むれ","Mure","","line-99427"
"station-1140310","후루마","古間","ふるま","Furuma","","line-99427"
"station-1140311","쿠로히메","黒姫","くろひめ","Kurohime","","line-99427"
"station-9950102","미나미이토","南伊東","みなみいとう","Minamiitō","","line-99501"
"station-9950103","카와나","川奈","かわな","Kawana","","line-99501"
"station-9950104","후토","富戸","ふと","Futo","","line-99501"
"station-9950105","조가사키카이간","城ヶ崎海岸","じょうがさきかいがん","JōGasakikaigan","","line-99501"
"station-9950106","이즈코겐","伊豆高原","いずこうげん","IzukōGen","","line-99501"
"station-9950107","이즈오카와","伊豆大川","いずおおかわ","IzuōKawa","","line-99501"
"station-9950108","이즈홋카와","伊豆北川","いずほっかわ","Izuhokkawa","","line-99501"
"station-9950109","이즈아타가와","伊豆熱川","いずあたがわ","Izuatagawa","","line-99501"
"station-9950110","카타세시로타","片瀬白田","かたせしろた","Kataseshirota","","line-99501"
"station-9950111","이즈이나토리","伊豆稲取","いずいなとり","Izuinatori","","line-99501"
"station-9950112","이마이하마카이간","今井浜海岸","いまいはまかいがん","Imaihamakaigan","","line-99501"
"station-9950113","카와즈","河津","かわづ","Kawazu","","line-99501"
"station-9950114","이나즈사","稲梓","いなずさ","Inazusa","","line-99501"
"station-9950115","하스다이지","蓮台寺","はすだいじ","Hasudaiji","","line-99501"
"station-9950116","이즈큐시모다","伊豆急下田","いずきゅうしもだ","IzukyūShimoda","","line-99501"
"station-9950202","미시마히로코지","三島広小路","みしまひろこうじ","MishimahirokōJi","","line-99502"
"station-9950203","산시마다마치","三島田町","さんしまだまち","Sanshimadamachi","","line-99502"
"station-9950204","미시마니노마치","三島二日町","みしまにのまち","Mishimaninomachi","","line-99502"
"station-9950205","오바","大場","おおば","ōBa","","line-99502"
"station-9950206","이즈닛타","伊豆仁田","いずにった","Izunitta","","line-99502"
"station-9950207","겐보쿠","原木","げんぼく","Gemboku","","line-99502"
"station-9950208","니라야마","韮山","にらやま","Nirayama","","line-99502"
"station-9950209","이즈나가오카","伊豆長岡","いずながおか","Izunagaoka","","line-99502"
"station-9950210","타쿄","田京","たきょう","Takyō","","line-99502"
"station-9950211","오히토","大仁","おおひと","ōHito","","line-99502"
"station-9950212","마키노코","牧之郷","まきのこう","Makinokō","","line-99502"
"station-9950213","슈젠지","修善寺","しゅぜんじ","Shuzenji","","line-99502"
"station-9950302","지야토코마에지야토코１치쿠마에","ジヤトコ前（ジヤトコ１地区前）","じやとこまえ（じやとこ１ちくまえ）","Jiyatokomae(Jiyatoko1chikumae)","","line-99503"
"station-9950303","요시하라혼마치","吉原本町","よしはらほんまち","Yoshiharahommachi","","line-99503"
"station-9950304","혼요시와라","本吉原","ほんよしわら","Honyoshiwara","","line-99503"
"station-9950305","가쿠난하라다","岳南原田","がくなんはらだ","Gakunanharada","","line-99503"
"station-9950306","히나","比奈","ひな","Hina","","line-99503"
"station-9950307","타케미나미후지오카","岳南富士岡","たけみなみふじおか","Takeminamifujioka","","line-99503"
"station-9950308","스즈","須津","すづ","Suzu","","line-99503"
"station-9950309","카미야","神谷","かみや","Kamiya","","line-99503"
"station-9950310","타케미나미에노오","岳南江尾","たけみなみえのお","Takeminamienoo","","line-99503"
"station-9950401","신시즈오카","新静岡","しんしずおか","Shinshizuoka","","line-99504"
"station-9950402","히요시마치","日吉町","ひよしまち","Hiyoshimachi","","line-99504"
"station-9950403","오토와마치","音羽町","おとわまち","Otowamachi","","line-99504"
"station-9950404","카스가마치","春日町","かすがまち","Kasugamachi","","line-99504"
"station-9950405","유노키","柚木","ゆのき","Yunoki","","line-99504"
"station-9950406","나가누마","長沼","ながぬま","Naganuma","","line-99504"
"station-9950407","후루쇼","古庄","ふるしょう","Furushō","","line-99504"
"station-9950408","켄소고운도조","県総合運動場","けんそうごううんどうじょう","KensōGōUndōJō","","line-99504"
"station-9950409","켄리츠비주츠칸마에","県立美術館前","けんりつびじゅつかんまえ","Kenritsubijutsukanmae","","line-99504"
"station-9950411","미카도다이","御門台","みかどだい","Mikadodai","","line-99504"
"station-9950412","키츠네가사키","狐ヶ崎","きつねゖさき","Kitsunekesaki","","line-99504"
"station-9950413","사쿠라쿄","桜橋","さくらきょう","Sakurakyō","","line-99504"
"station-9950414","이리에오카","入江岡","いりえおか","Irieoka","","line-99504"
"station-9950415","신시미즈","新清水","しんしみず","Shinshimizu","","line-99504"
"station-9950502","카케가와시야쿠쇼마에","掛川市役所前","かけがわしやくしょまえ","Kakegawashiyakushomae","","line-99505"
"station-9950503","니시카케가와","西掛川","にしかけがわ","Nishikakegawa","","line-99505"
"station-9950504","사쿠라기","桜木","さくらぎ","Sakuragi","","line-99505"
"station-9950505","이코이노히로바","いこいの広場","いこいのひろば","Ikoinohiroba","","line-99505"
"station-9950506","호소야","細谷","ほそや","Hosoya","","line-99505"
"station-9950507","하라야","原谷","はらや","Haraya","","line-99505"
"station-9950508","하라다","原田","はらだ","Harada","","line-99505"
"station-9950509","토멘","戸綿","とめん","Tomen","","line-99505"
"station-9950510","엔슈모리","遠州森","えんしゅうもり","EnshūMori","","line-99505"
"station-9950511","엔덴","円田","えんでん","Enden","","line-99505"
"station-9950512","토오토미이치노미야","遠江一宮","とおとうみいちのみや","TōTōMiichinomiya","","line-99505"
"station-9950513","시키치","敷地","しきち","Shikichi","","line-99505"
"station-9950514","토요오카","豊岡","とよおか","Toyooka","","line-99505"
"station-9950515","카미노베","上野部","かみのべ","Kaminobe","","line-99505"
"station-9950516","텐류후타마타","天竜二俣","てんりゅうふたまた","TenryūFutamata","","line-99505"
"station-9950517","후타마타혼마치","二俣本町","ふたまたほんまち","Futamatahommachi","","line-99505"
"station-9950518","니시카지마","西鹿島","にしかじま","Nishikajima","","line-99505"
"station-9950519","간스이지","岩水寺","がんすいじ","Gansuiji","","line-99505"
"station-9950520","미야구치","宮口","みやぐち","Miyaguchi","","line-99505"
"station-9950521","후루츠파쿠","フルーツパーク","ふるーつぱーく","FurūTsupāKu","","line-99505"
"station-9950522","미야코다","都田","みやこだ","Miyakoda","","line-99505"
"station-9950523","토키와다이가쿠마에","常葉大学前","ときわだいがくまえ","Tokiwadaigakumae","","line-99505"
"station-9950524","카나사시","金指","かなさし","Kanasashi","","line-99505"
"station-9950525","오카지","岡地","おかじ","Okaji","","line-99505"
"station-9950526","키가","気賀","きが","Kiga","","line-99505"
"station-9950527","니시키가","西気賀","にしきが","Nishikiga","","line-99505"
"station-9950528","슨자","寸座","すんざ","Sunza","","line-99505"
"station-9950529","하마나코사쿠메","浜名湖佐久米","はまなこさくめ","Hamanakosakume","","line-99505"
"station-9950530","히가시츠즈키","東都筑","ひがしつづき","Higashitsuzuki","","line-99505"
"station-9950531","츠즈키","都筑","つづき","Tsuzuki","","line-99505"
"station-9950532","밋카비","三ヶ日","みっかび","Mikkabi","","line-99505"
"station-9950533","오쿠하마나코","奥浜名湖","おくはまなこ","Okuhamanako","","line-99505"
"station-9950534","오","尾奈","お奈","O奈","","line-99505"
"station-9950535","치바타","知波田","ちばた","Chibata","","line-99505"
"station-9950536","아스모마에","アスモ前","あすもまえ","Asumomae","","line-99505"
"station-9950538","오모리","大森","おおもり","ōMori","","line-99505"
"station-9950539","모리마치뵤인마에","森町病院前","もりまちびょういんまえ","MorimachibyōInmae","","line-99505"
"station-9950602","다이이치토오리","第一通り","だいいちとおり","DaiichitōRi","","line-99506"
"station-9950603","토오슈뵤인","遠州病院","とおしゅうびょういん","TōShūByōIn","","line-99506"
"station-9950604","야하타","八幡","やはた","Yahata","","line-99506"
"station-9950605","스케노부","助信","すけのぶ","Sukenobu","","line-99506"
"station-9950606","히쿠마","曳馬","ひくま","Hikuma","","line-99506"
"station-9950607","우에시마","上島","うえしま","Ueshima","","line-99506"
"station-9950608","지도샤갓코마에","自動車学校前","じどうしゃがっこうまえ","JidōShagakkōMae","","line-99506"
"station-9950609","사기노미야","さぎの宮","さぎのみや","Saginomiya","","line-99506"
"station-9950610","세키시","積志","せきし","Sekishi","","line-99506"
"station-9950611","토오슈니시가사키","遠州西ヶ崎","とおしゅうにしがさき","TōShūNishigasaki","","line-99506"
"station-9950612","토오슈코마츠","遠州小松","とおしゅうこまつ","TōShūKomatsu","","line-99506"
"station-9950613","하마키타","浜北","はまきた","Hamakita","","line-99506"
"station-9950614","요시소노츄오코엔","美薗中央公園","よしそのちゅうおうこうえん","YoshisonochūōKōEn","","line-99506"
"station-9950615","토오슈코바야시","遠州小林","とおしゅうこばやし","TōShūKobayashi","","line-99506"
"station-9950616","엔슈시바모토","遠州芝本","えんしゅうしばもと","EnshūShibamoto","","line-99506"
"station-9950617","엔슈간스이지","遠州岩水寺","えんしゅうがんすいじ","EnshūGansuiji","","line-99506"
"station-9950702","신카나야","新金谷","しんかなや","Shinkanaya","","line-99507"
"station-9950703","다이칸마치","代官町","だいかんまち","Daikanmachi","","line-99507"
"station-9950704","히기리","日切","ひぎり","Higiri","","line-99507"
"station-9950705","고카쿠","合格","ごうかく","GōKaku","","line-99507"
"station-9950706","카미오","神尾","かみお","Kamio","","line-99507"
"station-9950707","후쿠요","福用","ふくよう","Fukuyō","","line-99507"
"station-9950708","오와다","大和田","おおわだ","ōWada","","line-99507"
"station-9950709","이에야마","家山","いえやま","Ieyama","","line-99507"
"station-9950710","누쿠리","抜里","ぬくり","Nukuri","","line-99507"
"station-9950711","카와네온센사사마도","川根温泉笹間渡","かわねおんせんささまど","Kawaneonsensasamado","","line-99507"
"station-9950712","치메이","地名","ちめい","Chimei","","line-99507"
"station-9950713","시오사토","塩郷","しおさと","Shiosato","","line-99507"
"station-9950714","시모이즈미","下泉","しもいずみ","Shimoizumi","","line-99507"
"station-9950715","타노쿠치","田野口","たのくち","Tanokuchi","","line-99507"
"station-9950716","스루가토쿠야마","駿河徳山","するがとくやま","Surugatokuyama","","line-99507"
"station-9950717","아오베","青部","あおべ","Aobe","","line-99507"
"station-9950718","사키다이라","崎平","さきだいら","Sakidaira","","line-99507"
"station-9950719","센토","千頭","せんとう","Sentō","","line-99507"
"station-9950720","카도데","門出","かどで","Kadode","","line-99507"
"station-9950802","카와네료고쿠","川根両国","かわねりょうごく","KawaneryōGoku","","line-99508"
"station-9950803","사와칸","沢間","さわかん","Sawakan","","line-99508"
"station-9950804","도모토","土本","どもと","Domoto","","line-99508"
"station-9950805","카와네코야마","川根小山","かわねこやま","Kawanekoyama","","line-99508"
"station-9950806","오쿠이즈미","奥泉","おくいずみ","Okuizumi","","line-99508"
"station-9950807","아푸토이치시로","アプトいちしろ","あぷといちしろ","Aputoichishiro","","line-99508"
"station-9950808","나가시마다무","長島ダム","ながしまだむ","Nagashimadamu","","line-99508"
"station-9950809","히란다","ひらんだ","ひらんだ","Hiranda","","line-99508"
"station-9950810","오쿠오이코조","奥大井湖上","おくおおいこじょう","OkuōIkojō","","line-99508"
"station-9950811","셋소와카이온선","接岨峡温泉","せっそわかいおんせん","Setsusowakaionsen","","line-99508"
"station-9950812","오사카리","尾盛","おさかり","Osakari","","line-99508"
"station-9950813","칸조","閑蔵","かんぞう","Kanzō","","line-99508"
"station-9950814","이카와","井川","いかわ","Ikawa","","line-99508"
"station-9950903","코모토","小本","こもと","Komoto","","line-99509"
"station-9950904","아라코","荒子","あらこ","Arako","","line-99509"
"station-9950905","미나미아라코","南荒子","みなみあらこ","Minamiarako","","line-99509"
"station-9950906","나카지마","中島","なかじま","Nakajima","","line-99509"
"station-9950907","나고야케이바조마에","名古屋競馬場前","なごやけいばじょうまえ","NagoyakeibajōMae","","line-99509"
"station-9950908","아라코가와코엔","荒子川公園","あらこがわこうえん","ArakogawakōEn","","line-99509"
"station-9950909","이나에이","稲永","いなえい","Inaei","","line-99509"
"station-9950910","노세키","野跡","のせき","Noseki","","line-99509"
"station-9950911","킨조후토","金城ふ頭","きんじょうふとう","KinjōFutō","","line-99509"
"station-9951002","오와리호시노미야","尾張星の宮","おわりほしのみや","Owarihoshinomiya","","line-99510"
"station-9951003","오다이","小田井","おだい","Odai","","line-99510"
"station-9951004","비라","比良","びら","Bira","","line-99510"
"station-9951005","아지요시","味美","あじよし","Ajiyoshi","","line-99510"
"station-9951102","로쿠메이","六名","ろくめい","Rokumei","","line-99511"
"station-9951104","키타오카자키","北岡崎","きたおかざき","Kitaokazaki","","line-99511"
"station-9951105","다이몬","大門","だいもん","Daimon","","line-99511"
"station-9951106","키타노마스즈카","北野桝塚","きたのますづか","Kitanomasuzuka","","line-99511"
"station-9951107","미카와카미고","三河上郷","みかわかみごう","Mikawakamigō","","line-99511"
"station-9951108","에카쿠","永覚","えかく","Ekaku","","line-99511"
"station-9951109","스에노하라","末野原","すえのはら","Suenohara","","line-99511"
"station-9951110","미카와토요타","三河豊田","みかわとよた","Mikawatoyota","","line-99511"
"station-9951111","신우와고로모","新上挙母","しんうわごろも","Shinuwagoromo","","line-99511"
"station-9951112","신토요타","新豊田","しんとよた","Shintoyota","","line-99511"
"station-9951113","아이타마키우메츠보","愛環梅坪","あいたまきうめつぼ","Aitamakiumetsubo","","line-99511"
"station-9951114","시고","四郷","しごう","Shigō","","line-99511"
"station-9951115","카이즈","貝津","かいづ","Kaizu","","line-99511"
"station-9951116","호미","保見","ほみ","Homi","","line-99511"
"station-9951117","시노하라","篠原","しのはら","Shinohara","","line-99511"
"station-9951118","야쿠사","八草","やくさ","Yakusa","","line-99511"
"station-9951119","야마구치","山口","やまぐち","Yamaguchi","","line-99511"
"station-9951120","세토구치","瀬戸口","せとぐち","Setoguchi","","line-99511"
"station-9951122","나카미즈노","中水野","なかみずの","Nakamizuno","","line-99511"
"station-9951201","후지가오카","藤が丘","ふじがおか","Fujigaoka","","line-99512"
"station-9951202","하나미즈키도리","はなみずき通","はなみずきどおり","HanamizukidōRi","","line-99512"
"station-9951203","에부리가치코엔","杁ヶ池公園","えぶりゖちこうえん","EburikechikōEn","","line-99512"
"station-9951204","나가쿠테코센조","長久手古戦場","ながくてこせんじょう","Nagakutekosenjō","","line-99512"
"station-9951205","게이다이도리","芸大通","げいだいどおり","GeidaidōRi","","line-99512"
"station-9951206","코엔니시","公園西","こうえんにし","KōEnnishi","","line-99512"
"station-9951207","아이·치큐하쿠키넨코엔","愛・地球博記念公園","あい・ちきゅうはくきねんこうえん","Ai･ChikyūHakukinenkōEn","","line-99512"
"station-9951208","토지시료타테미나미","陶磁資料館南","とうじしりょうたてみなみ","TōJishiryōTateminami","","line-99512"
"station-9951301","타카하타","高畑","たかはた","Takahata","","line-99513"
"station-9951303","이와츠카","岩塚","いわつか","Iwatsuka","","line-99513"
"station-9951304","나카무라코엔","中村公園","なかむらこうえん","NakamurakōEn","","line-99513"
"station-9951305","나카무라닛세키","中村日赤","なかむらにっせき","Nakamuranisseki","","line-99513"
"station-9951306","혼진","本陣","ほんじん","Honjin","","line-99513"
"station-9951307","카메지마","亀島","かめじま","Kamejima","","line-99513"
"station-9951309","후시미","伏見","ふしみ","Fushimi","","line-99513"
"station-9951311","신에이마치","新栄町","しんえいまち","Shin'Eimachi","","line-99513"
"station-9951313","이마이케","今池","いまいけ","Imaike","","line-99513"
"station-9951314","이케시타","池下","いけした","Ikeshita","","line-99513"
"station-9951315","카쿠오잔","覚王山","かくおうざん","KakuōZan","","line-99513"
"station-9951316","모토야마","本山","もとやま","Motoyama","","line-99513"
"station-9951317","히가시야마코엔","東山公園","ひがしやまこうえん","HigashiyamakōEn","","line-99513"
"station-9951318","호시가오카","星ヶ丘","ほしがおか","Hoshigaoka","","line-99513"
"station-9951319","이치샤","一社","いちしゃ","Ichisha","","line-99513"
"station-9951320","카미야시로","上社","かみやしろ","Kamiyashiro","","line-99513"
"station-9951321","혼고","本郷","ほんごう","Hongō","","line-99513"
"station-9951401","나고야도무젠야타","ナゴヤドーム前矢田","なごやどーむぜんやた","NagoyadōMuzenyata","","line-99514"
"station-9951403","헤이안도리","平安通","へいあんどおり","HeiandōRi","","line-99514"
"station-9951404","시가혼토오리","志賀本通","しがほんとおり","ShigahontōRi","","line-99514"
"station-9951405","쿠로카와","黒川","くろかわ","Kurokawa","","line-99514"
"station-9951406","메이조코엔","名城公園","めいじょうこうえん","MeijōKōEn","","line-99514"
"station-9951407","시야쿠쇼","市役所","しやくしょ","Shiyakusho","","line-99514"
"station-9951408","히사야다이츠우","久屋大通","ひさやだいつう","Hisayadaitsū","","line-99514"
"station-9951410","야바마치","矢場町","やばまち","Yabamachi","","line-99514"
"station-9951411","카미마에즈","上前津","かみまえづ","Kamimaezu","","line-99514"
"station-9951412","히가시베츠인","東別院","ひがしべついん","Higashibetsuin","","line-99514"
"station-9951414","니시타카쿠라","西高蔵","にしたかくら","Nishitakakura","","line-99514"
"station-9951415","진구니시","神宮西","じんぐうにし","JingūNishi","","line-99514"
"station-9951416","텐마마치","伝馬町","てんままち","Temmamachi","","line-99514"
"station-9951417","홋타","堀田","ほった","Hotta","","line-99514"
"station-9951418","묘온토오리","妙音通","みょうおんとおり","MyōOntōRi","","line-99514"
"station-9951419","신미즈쿄","新瑞橋","しんみずきょう","Shinmizukyō","","line-99514"
"station-9951420","미즈호운도조히가시","瑞穂運動場東","みずほうんどうじょうひがし","MizuhoundōJōHigashi","","line-99514"
"station-9951421","소고리하비리센터","総合リハビリセンター","そうごうりはびりせんたー","SōGōRihabirisentā","","line-99514"
"station-9951422","야고토","八事","やごと","Yagoto","","line-99514"
"station-9951423","야고토닛세키","八事日赤","やごとにっせき","Yagotonisseki","","line-99514"
"station-9951424","나고야다이가쿠","名古屋大学","なごやだいがく","Nagoyadaigaku","","line-99514"
"station-9951426","지유가오카","自由ヶ丘","じゆうがおか","JiyūGaoka","","line-99514"
"station-9951427","차야가자카","茶屋ヶ坂","ちゃやゖざか","Chayakezaka","","line-99514"
"station-9951428","스나다바시","砂田橋","すなだばし","Sunadabashi","","line-99514"
"station-9951502","히비노","日比野","ひびの","Hibino","","line-99515"
"station-9951503","로쿠반마치","六番町","ろくばんまち","Rokubanmachi","","line-99515"
"station-9951504","토카이토오리","東海通","とうかいとおり","TōKaitōRi","","line-99515"
"station-9951505","미나토쿠야쿠쇼","港区役所","みなとくやくしょ","Minatokuyakusho","","line-99515"
"station-9951506","치쿠지구치","築地口","ちくじぐち","Chikujiguchi","","line-99515"
"station-9951507","나고야코","名古屋港","なごやこう","Nagoyakō","","line-99515"
"station-9951602","쇼나리료쿠치코엔","庄内緑地公園","しょうなりりょくちこうえん","ShōNariryokuchikōEn","","line-99516"
"station-9951603","쇼나이토오리","庄内通","しょうないとおり","ShōNaitōRi","","line-99516"
"station-9951604","조신","浄心","じょうしん","JōShin","","line-99516"
"station-9951605","아사마마치","浅間町","あさままち","Asamamachi","","line-99516"
"station-9951606","마루노치","丸の内","まるのうち","Marunouchi","","line-99516"
"station-9951608","오스칸논","大須観音","おおすかんのん","ōSukannon","","line-99516"
"station-9951611","아라하타","荒畑","あらはた","Arahata","","line-99516"
"station-9951612","고키소","御器所","ごきそ","Gokiso","","line-99516"
"station-9951613","카와나","川名","かわな","Kawana","","line-99516"
"station-9951614","이리나카","いりなか","いりなか","Irinaka","","line-99516"
"station-9951616","시오가마구치","塩釜口","しおがまぐち","Shiogamaguchi","","line-99516"
"station-9951617","우에다","植田","うえだ","Ueda","","line-99516"
"station-9951618","하라","原","はら","Hara","","line-99516"
"station-9951619","히라바리","平針","ひらばり","Hirabari","","line-99516"
"station-9951701","나카무라쿠야쿠쇼","中村区役所","なかむらくやくしょ","Nakamurakuyakusho","","line-99517"
"station-9951703","코쿠사이센터","国際センター","こくさいせんたー","Kokusaisentā","","line-99517"
"station-9951706","타카오카","高岳","たかおか","Takaoka","","line-99517"
"station-9951707","샤도","車道","しゃどう","Shadō","","line-99517"
"station-9951709","후키아게","吹上","ふきあげ","Fukiage","","line-99517"
"station-9951711","사쿠라야마","桜山","さくらやま","Sakurayama","","line-99517"
"station-9951712","미즈호쿠야쿠쇼","瑞穂区役所","みずほくやくしょ","Mizuhokuyakusho","","line-99517"
"station-9951713","미즈호운도조니시","瑞穂運動場西","みずほうんどうじょうにし","MizuhoundōJōNishi","","line-99517"
"station-9951715","사쿠라모토마치","桜本町","さくらもとまち","Sakuramotomachi","","line-99517"
"station-9951716","츠루사토","鶴里","つるさと","Tsurusato","","line-99517"
"station-9951717","노나미","野並","のなみ","Nonami","","line-99517"
"station-9951718","나루코키타","鳴子北","なるこきた","Narukokita","","line-99517"
"station-9951719","아이오이산","相生山","あいおいさん","Aioisan","","line-99517"
"station-9951720","카미사와","神沢","かみさわ","Kamisawa","","line-99517"
"station-9951721","토쿠시게","徳重","とくしげ","Tokushige","","line-99517"
"station-9952002","야규쿄","柳生橋","やぎゅうきょう","YagyūKyō","","line-99520"
"station-9952003","코이케","小池","こいけ","Koike","","line-99520"
"station-9952004","아이치다이가쿠마에","愛知大学前","あいちだいがくまえ","Aichidaigakumae","","line-99520"
"station-9952005","미나미사카에","南栄","みなみさかえ","Minamisakae","","line-99520"
"station-9952006","타카시","高師","たかし","Takashi","","line-99520"
"station-9952007","아시하라","芦原","あしはら","Ashihara","","line-99520"
"station-9952008","우에다","植田","うえだ","Ueda","","line-99520"
"station-9952009","무코가오카","向ヶ丘","むこうがおか","MukōGaoka","","line-99520"
"station-9952010","다이시미즈","大清水","だいしみず","Daishimizu","","line-99520"
"station-9952011","오이츠","老津","おいつ","Oitsu","","line-99520"
"station-9952012","스기야마","杉山","すぎやま","Sugiyama","","line-99520"
"station-9952013","야구마다이","やぐま台","やぐまだい","Yagumadai","","line-99520"
"station-9952014","토시마","豊島","としま","Toshima","","line-99520"
"station-9952015","코베","神戸","こうべ","KōBe","","line-99520"
"station-9952016","미카와타하라","三河田原","みかわたはら","Mikawatahara","","line-99520"
"station-9952102","에키마에오도리","駅前大通","えきまえおおどおり","EkimaeōDōRi","","line-99521"
"station-9952103","신카와","新川","しんかわ","Shinkawa","","line-99521"
"station-9952104","후다키","札木","ふだき","Fudaki","","line-99521"
"station-9952105","시야쿠쇼마에","市役所前","しやくしょまえ","Shiyakushomae","","line-99521"
"station-9952106","토요하시코엔마에","豊橋公園前","とよはしこうえんまえ","ToyohashikōEmmae","","line-99521"
"station-9952107","히가시하치마치","東八町","ひがしはちまち","Higashihachimachi","","line-99521"
"station-9952108","마에하타","前畑","まえはた","Maehata","","line-99521"
"station-9952109","히가시다사카가미","東田坂上","ひがしださかがみ","Higashidasakagami","","line-99521"
"station-9952110","히가시다","東田","ひがしだ","Higashida","","line-99521"
"station-9952111","케이린조마에","競輪場前","けいりんじょうまえ","KeirinjōMae","","line-99521"
"station-9952112","이하라","井原","いはら","Ihara","","line-99521"
"station-9952113","아카이와구치","赤岩口","あかいわぐち","Akaiwaguchi","","line-99521"
"station-9952202","운도코엔마에","運動公園前","うんどうこうえんまえ","UndōKōEmmae","","line-99521"
"station-9952305","카나야","金屋","かなや","Kanaya","","line-99523"
"station-9952306","카와미야","川宮","かわみや","Kawamiya","","line-99523"
"station-9952307","카와무라","川村","かわむら","Kawamura","","line-99523"
"station-9952308","시라사와케이코쿠","白沢渓谷","しらさわけいこく","Shirasawakeikoku","","line-99523"
"station-9952309","오바타료쿠치","小幡緑地","おばたりょくち","Obataryokuchi","","line-99523"
"station-9952402","토노","東野","とうの","TōNo","","line-99524"
"station-9952403","이이누마","飯沼","いいぬま","īNuma","","line-99524"
"station-9952404","아기","阿木","あぎ","Agi","","line-99524"
"station-9952405","이이바마","飯羽間","いいばま","īBama","","line-99524"
"station-9952406","이와무라","岩村","いわむら","Iwamura","","line-99524"
"station-9952407","하나시로온선","花白温泉","はなしろおんせん","Hanashiroonsen","","line-99524"
"station-9952408","야마오카","山岡","やまおか","Yamaoka","","line-99524"
"station-9952409","노시","野志","のし","Noshi","","line-99524"
"station-9952410","메이치","明智","めいち","Meichi","","line-99524"
"station-9952411","고쿠라쿠","極楽","ごくらく","Gokuraku","","line-99524"
"station-9952502","마에히라코엔","前平公園","まえひらこうえん","MaehirakōEn","","line-99525"
"station-9952503","카모노","加茂野","かもの","Kamono","","line-99525"
"station-9952504","토미카","富加","とみか","Tomika","","line-99525"
"station-9952505","세키토미오카","関富岡","せきとみおか","Sekitomioka","","line-99525"
"station-9952506","세키구치","関口","せきぐち","Sekiguchi","","line-99525"
"station-9952507","하모노카이칸마에","刃物会館前","はものかいかんまえ","Hamonokaikammae","","line-99525"
"station-9952508","세키","関","せき","Seki","","line-99525"
"station-9952509","세키시야쿠쇼마에","関市役所前","せきしやくしょまえ","Sekishiyakushomae","","line-99525"
"station-9952510","세키시타유치","関下有知","せきしたゆうち","SekishitayūChi","","line-99525"
"station-9952511","마츠모리","松森","まつもり","Matsumori","","line-99525"
"station-9952512","미노시","美濃市","みのし","Minoshi","","line-99525"
"station-9952513","우메야마","梅山","うめやま","Umeyama","","line-99525"
"station-9952514","유노호라온센구치","湯の洞温泉口","ゆのほらおんせんぐち","Yunohoraonsenguchi","","line-99525"
"station-9952515","시마겐","洲原","しまげん","Shimagen","","line-99525"
"station-9952516","하하노","母野","ははの","Hahano","","line-99525"
"station-9952517","키오","木尾","きお","Kio","","line-99525"
"station-9952518","야사카","八坂","やさか","Yasaka","","line-99525"
"station-9952519","미나미코다카라온선","みなみ子宝温泉","みなみこだからおんせん","Minamikodakaraonsen","","line-99525"
"station-9952520","오야","大矢","おおや","ōYa","","line-99525"
"station-9952521","후쿠노","福野","ふくの","Fukuno","","line-99525"
"station-9952522","미나미카리야스","美並苅安","みなみかりやす","Minamikariyasu","","line-99525"
"station-9952523","아카이케","赤池","あかいけ","Akaike","","line-99525"
"station-9952524","후카토","深戸","ふかと","Fukato","","line-99525"
"station-9952525","아이오이","相生","あいおい","Aioi","","line-99525"
"station-9952526","코오리카미야하타","郡上八幡","こおりかみやはた","KōRikamiyahata","","line-99525"
"station-9952527","시젠엔마에","自然園前","しぜんえんまえ","Shizen'Emmae","","line-99525"
"station-9952528","야마다","山田","やまだ","Yamada","","line-99525"
"station-9952529","토쿠나가","徳永","とくなが","Tokunaga","","line-99525"
"station-9952530","구조야마토","郡上大和","ぐじょうやまと","GujōYamato","","line-99525"
"station-9952531","만바","万場","まんば","Mamba","","line-99525"
"station-9952532","조만조","上万場","じょうまんじょう","JōManjō","","line-99525"
"station-9952533","오나카","大中","おおなか","ōNaka","","line-99525"
"station-9952534","오시마","大島","おおしま","ōShima","","line-99525"
"station-9952535","미노시라토리","美濃白鳥","みのしらとり","Minoshiratori","","line-99525"
"station-9952536","시라토리코겐","白鳥高原","しらとりこうげん","ShiratorikōGen","","line-99525"
"station-9952537","하쿠산나가타키","白山長滝","はくさんながたき","Hakusannagataki","","line-99525"
"station-9952538","호쿠노","北濃","ほくのう","Hokunō","","line-99525"
"station-9952602","히가시오가키","東大垣","ひがしおおがき","HigashiōGaki","","line-99526"
"station-9952603","요코야","横屋","よこや","Yokoya","","line-99526"
"station-9952604","주큐조","十九条","じゅうきゅうじょう","JūKyūJō","","line-99526"
"station-9952605","요시에지","美江寺","よしえじ","Yoshieji","","line-99526"
"station-9952606","키타가타마쿠와","北方真桑","きたがたまくわ","Kitagatamakuwa","","line-99526"
"station-9952607","모레라기후","モレラ岐阜","もれらぎふ","Moreragifu","","line-99526"
"station-9952608","이토누키","糸貫","いとぬき","Itonuki","","line-99526"
"station-9952609","모토스","本巣","もとす","Motosu","","line-99526"
"station-9952610","오리베","織部","おりべ","Oribe","","line-99526"
"station-9952611","코치보라","木知原","こちぼら","Kochibora","","line-99526"
"station-9952612","타니쿠구치","谷汲口","たにくぐち","Tanikuguchi","","line-99526"
"station-9952613","코미","神海","こうみ","KōMi","","line-99526"
"station-9952614","타카시나","高科","たかしな","Takashina","","line-99526"
"station-9952615","나베하라","鍋原","なべはら","Nabehara","","line-99526"
"station-9952616","닛토","日当","にっとう","Nittō","","line-99526"
"station-9952617","타카오","高尾","たかお","Takao","","line-99526"
"station-9952618","미즈토리","水鳥","みずとり","Mizutori","","line-99526"
"station-9952619","타루미","樽見","たるみ","Tarumi","","line-99526"
"station-9952802","오야치","大矢知","おおやち","ōYachi","","line-99528"
"station-9952803","헤이즈","平津","へいづ","Heizu","","line-99528"
"station-9952804","아카츠키가쿠엔마에","暁学園前","あかつきがくえんまえ","Akatsukigakuemmae","","line-99528"
"station-9952805","야마시로","山城","やましろ","Yamashiro","","line-99528"
"station-9952806","호보","保々","ほぼ","Hobo","","line-99528"
"station-9952807","호쿠세이츄오코엔구치","北勢中央公園口","ほくせいちゅうおうこうえんぐち","HokuseichūōKōEnguchi","","line-99528"
"station-9952808","우메토이","梅戸井","うめとい","Umetoi","","line-99528"
"station-9952809","타이안","大安","たいあん","Taian","","line-99528"
"station-9952810","산리","三里","さんり","Sanri","","line-99528"
"station-9952811","뉴가와","丹生川","にゅうがわ","NyūGawa","","line-99528"
"station-9952812","이세하츠타","伊勢治田","いせはつた","Isehatsuta","","line-99528"
"station-9952813","히가시후지와라","東藤原","ひがしふじわら","Higashifujiwara","","line-99528"
"station-9952814","니시노지리","西野尻","にしのじり","Nishinojiri","","line-99528"
"station-9952815","니시후지와라","西藤原","にしふじわら","Nishifujiwara","","line-99528"
"station-9952902","우마미치","馬道","うまみち","Umamichi","","line-99529"
"station-9952903","니시벳쇼","西別所","にしべっしょ","Nishibessho","","line-99529"
"station-9952904","렌게지","蓮花寺","れんげじ","Rengeji","","line-99529"
"station-9952905","자이료","在良","ざいりょう","Zairyō","","line-99529"
"station-9952906","호시카와","星川","ほしかわ","Hoshikawa","","line-99529"
"station-9952907","나나와","七和","ななわ","Nanawa","","line-99529"
"station-9952908","아노","穴太","あのう","Anō","","line-99529"
"station-9952909","토인","東員","とういん","TōIn","","line-99529"
"station-9952910","오이즈미","大泉","おおいずみ","ōIzumi","","line-99529"
"station-9952911","소하라","楚原","そはら","Sohara","","line-99529"
"station-9952912","오다","麻生田","おうだ","ōDa","","line-99529"
"station-9952913","아게키","阿下喜","あげき","Ageki","","line-99529"
"station-9953002","스즈카","鈴鹿","すずか","Suzuka","","line-99530"
"station-9953003","타마가키","玉垣","たまがき","Tamagaki","","line-99530"
"station-9953004","스즈카사킷토이나오이","鈴鹿サーキット稲生","すずかさーきっといなおい","SuzukasāKittoinaoi","","line-99530"
"station-9953005","토쿠타","徳田","とくた","Tokuta","","line-99530"
"station-9953006","나카세코","中瀬古","なかせこ","Nakaseko","","line-99530"
"station-9953007","이세우에노","伊勢上野","いせうえの","Iseueno","","line-99530"
"station-9953008","카와게","河芸","かわげ","Kawage","","line-99530"
"station-9953009","히가시이신덴","東一身田","ひがしいしんでん","Higashiishinden","","line-99530"
"station-3100602","신쿄","新居","しんきょ","Shinkyo","","line-99531"
"station-3100603","니시오테","西大手","にしおおて","NishiōTe","","line-99531"
"station-3100604","우에노시","上野市","うえのし","Uenoshi","","line-99531"
"station-3100605","히로코지","広小路","ひろこうじ","HirokōJi","","line-99531"
"station-3100606","카야마치","茅町","かやまち","Kayamachi","","line-99531"
"station-3100607","쿠와마치","桑町","くわまち","Kuwamachi","","line-99531"
"station-3100608","이노다미치","猪田道","いのだみち","Inodamichi","","line-99531"
"station-3100609","시부","市部","しぶ","Shibu","","line-99531"
"station-3100610","요나고","依那古","よなご","Yonago","","line-99531"
"station-3100611","마루야마","丸山","まるやま","Maruyama","","line-99531"
"station-3100612","우에바야시","上林","うえばやし","Uebayashi","","line-99531"
"station-3100613","히도","比土","ひど","Hido","","line-99531"
"station-9953115","욘주큐","四十九","よんじゅうきゅう","YonjūKyū","","line-99531"
"station-3100402","하리마","播磨","はりま","Harima","","line-99532"
"station-3100403","시모후카야","下深谷","しもふかや","Shimofukaya","","line-99532"
"station-3100404","시모노시로","下野代","しものしろ","Shimonoshiro","","line-99532"
"station-3100405","타도","多度","たど","Tado","","line-99532"
"station-3100406","미노마츠야마","美濃松山","みのまつやま","Minomatsuyama","","line-99532"
"station-3100407","이시즈","石津","いしづ","Ishizu","","line-99532"
"station-3100408","미노야마자키","美濃山崎","みのやまざき","Minoyamazaki","","line-99532"
"station-3100409","코마노","駒野","こまの","Komano","","line-99532"
"station-3100410","미노츠야","美濃津屋","みのつや","Minotsuya","","line-99532"
"station-3100411","요로","養老","ようろう","YōRō","","line-99532"
"station-3100412","미노타카다","美濃高田","みのたかだ","Minotakada","","line-99532"
"station-3100413","카라스에","烏江","からすえ","Karasue","","line-99532"
"station-3100414","오토바","大外羽","おおとば","ōToba","","line-99532"
"station-3100415","토모에","友江","ともえ","Tomoe","","line-99532"
"station-3100416","미노아오야기","美濃青柳","みのあおやぎ","Minoaoyagi","","line-99532"
"station-3100417","니시오가키","西大垣","にしおおがき","NishiōGaki","","line-99532"
"station-3100419","시츠","室","しつ","Shitsu","","line-99532"
"station-3100420","키타오가키","北大垣","きたおおがき","KitaōGaki","","line-99532"
"station-3100421","히가시아카사카","東赤坂","ひがしあかさか","Higashiakasaka","","line-99532"
"station-3100422","히로코베","広神戸","ひろこうべ","HirokōBe","","line-99532"
"station-3100423","키타코베","北神戸","きたこうべ","KitakōBe","","line-99532"
"station-3100424","이케노","池野","いけの","Ikeno","","line-99532"
"station-3100425","키타이케노","北池野","きたいけの","Kitaikeno","","line-99532"
"station-3100426","미노혼고","美濃本郷","みのほんごう","Minohongō","","line-99532"
"station-3100427","이비","揖斐","いび","Ibi","","line-99532"
"station-9960102","후지텟쿠마에","フジテック前","ふじてっくまえ","Fujitekkumae","","line-99601"
"station-9960103","토리이모토","鳥居本","とりいもと","Toriimoto","","line-99601"
"station-9960105","히코네구치","彦根口","ひこねぐち","Hikoneguchi","","line-99601"
"station-9960106","타카미야","高宮","たかみや","Takamiya","","line-99601"
"station-9960107","아마코","尼子","あまこ","Amako","","line-99601"
"station-9960108","토요사토","豊郷","とよさと","Toyosato","","line-99601"
"station-9960109","아이치가와","愛知川","あいちがわ","Aichigawa","","line-99601"
"station-9960110","고카소","五箇荘","ごかそう","Gokasō","","line-99601"
"station-9960111","카와베노모리","河辺の森","かわべのもり","Kawabenomori","","line-99601"
"station-9960112","요카이치","八日市","ようかいち","YōKaichi","","line-99601"
"station-9960113","하세노","長谷野","はせの","Haseno","","line-99601"
"station-9960114","다이가쿠마에","大学前","だいがくまえ","Daigakumae","","line-99601"
"station-9960115","교세라마에","京セラ前","きょうせらまえ","KyōSeramae","","line-99601"
"station-9960116","사쿠라가와","桜川","さくらがわ","Sakuragawa","","line-99601"
"station-9960117","아사히오츠카","朝日大塚","あさひおおつか","AsahiōTsuka","","line-99601"
"station-9960118","아사히노","朝日野","あさひの","Asahino","","line-99601"
"station-9960119","히노","日野","ひの","Hino","","line-99601"
"station-9960120","미즈구치마츠오","水口松尾","みずぐちまつお","Mizuguchimatsuo","","line-99601"
"station-9960121","미즈구치","水口","みずぐち","Mizuguchi","","line-99601"
"station-9960122","미즈구치이시바시","水口石橋","みずぐちいしばし","Mizuguchiishibashi","","line-99601"
"station-9960123","미즈구치조난","水口城南","みずぐちじょうなん","MizuguchijōNan","","line-99601"
"station-9960125","히코네세리카와","ひこね芹川","ひこねせりかわ","Hikoneserikawa","","line-99601"
"station-9960202","타가타이샤마에","多賀大社前","たがたいしゃまえ","Tagataishamae","","line-99602"
"station-9960203","스쿠린","スクリーン","すくりーん","SukurīN","","line-99602"
"station-9960302","신요카이치","新八日市","しんようかいち","Shin'YōKaichi","","line-99603"
"station-9960303","타로보미야마에","太郎坊宮前","たろぼうみやまえ","TarobōMiyamae","","line-99603"
"station-9960304","이치노베","市辺","いちのべ","Ichinobe","","line-99603"
"station-9960305","히라타","平田","ひらた","Hirata","","line-99603"
"station-9960306","타케타스쿠","武佐","たけたすく","Taketasuku","","line-99603"
"station-9960402","무라사키카오리라쿠미야아토","紫香楽宮跡","むらさきかおりらくみやあと","Murasakikaorirakumiyaato","","line-99604"
"station-9960403","쿠모이","雲井","くもい","Kumoi","","line-99604"
"station-9960404","초쿠시","勅旨","ちょくし","Chokushi","","line-99604"
"station-9960405","교쿠케이지마에","玉桂寺前","ぎょくけいじまえ","Gyokukeijimae","","line-99604"
"station-9960406","시가라키","信楽","しがらき","Shigaraki","","line-99604"
"station-9960502","토롯코아라시야마","トロッコ嵐山","とろっこあらしやま","Torokkoarashiyama","","line-99605"
"station-9960503","토롯코호즈쿄","トロッコ保津峡","とろっこほづきょう","Torokkohozukyō","","line-99605"
"station-9960504","토롯코카메오카","トロッコ亀岡","とろっこかめおか","Torokkokameoka","","line-99605"
"station-9960602","모토타나카","元田中","もとたなか","Mototanaka","","line-99606"
"station-9960603","차야마","茶山","ちゃやま","Chayama","","line-99606"
"station-9960604","이치조지","一乗寺","いちじょうじ","IchijōJi","","line-99606"
"station-9960605","슈가쿠인","修学院","しゅうがくいん","ShūGakuin","","line-99606"
"station-9960606","타카라가치","宝ヶ池","たからゖち","Takarakechi","","line-99606"
"station-9960607","미야케하치만","三宅八幡","みやけはちまん","Miyakehachiman","","line-99606"
"station-9960608","하치세히에이잔구치","八瀬比叡山口","はちせひえいざんぐち","Hachisehieizanguchi","","line-99606"
"station-9960702","하치만마에","八幡前","はちまんまえ","Hachimanmae","","line-99607"
"station-9960703","이와쿠라","岩倉","いわくら","Iwakura","","line-99607"
"station-9960704","키노","木野","きの","Kino","","line-99607"
"station-9960705","쿄토세이카다이마에","京都精華大前","きょうとせいかだいまえ","KyōToseikadaimae","","line-99607"
"station-9960706","니켄차야","二軒茶屋","にけんちゃや","Nikenchaya","","line-99607"
"station-9960707","이치하라","市原","いちはら","Ichihara","","line-99607"
"station-9960708","니노세","二ノ瀬","にのせ","Ninose","","line-99607"
"station-9960709","키부네구치","貴船口","きぶねぐち","Kibuneguchi","","line-99607"
"station-9960710","안바","鞍馬","あんば","Amba","","line-99607"
"station-9960802","후쿠치야마시민뵤인구치","福知山市民病院口","ふくちやましみんびょういんぐち","FukuchiyamashiminbyōInguchi","","line-99608"
"station-9960803","아라카와카시노키다이","荒河かしの木台","あらかわかしのきだい","Arakawakashinokidai","","line-99608"
"station-9960804","마키","牧","まき","Maki","","line-99608"
"station-9960805","시모아마즈","下天津","しもあまづ","Shimoamazu","","line-99608"
"station-9960806","쿠조","公庄","くじょう","Kujō","","line-99608"
"station-9960807","오에","大江","おおえ","ōE","","line-99608"
"station-9960808","오에코코마에","大江高校前","おおえこうこうまえ","ōEkōKōMae","","line-99608"
"station-9960809","후타마타","二俣","ふたまた","Futamata","","line-99608"
"station-9960810","오에야마구치나이쿠","大江山口内宮","おおえやまぐちないく","ōEyamaguchinaiku","","line-99608"
"station-9960811","카라시가와","辛皮","からしがわ","Karashigawa","","line-99608"
"station-9960812","키타","喜多","きた","Kita","","line-99608"
"station-9960813","미야무라","宮村","みやむら","Miyamura","","line-99608"
"station-9960814","미야즈","宮津","みやづ","Miyazu","","line-99608"
"station-9960908","아마노하시다테","天橋立","あまのはしだて","Amanohashidate","","line-99609"
"station-9960909","이와타키구치","岩滝口","いわたきぐち","Iwatakiguchi","","line-99609"
"station-9960910","요사노","与謝野","よさの","Yosano","","line-99609"
"station-9960911","쿄탄고오미야","京丹後大宮","きょうたんごおおみや","KyōTangoōMiya","","line-99609"
"station-9960912","미네야마","峰山","みねやま","Mineyama","","line-99609"
"station-9960913","아미노","網野","あみの","Amino","","line-99609"
"station-9960914","유히가우라기츠온선","夕日ヶ浦木津温泉","ゆうひゖうらぎつおんせん","YūHikeuragitsuonsen","","line-99609"
"station-9960915","오아마쿄","小天橋","おあまきょう","Oamakyō","","line-99609"
"station-9960916","카부토야마","かぶと山","かぶとやま","Kabutoyama","","line-99609"
"station-9960917","쿠미하마","久美浜","くみはま","Kumihama","","line-99609"
"station-9960918","코노토리노사토","コウノトリの郷","こうのとりのさと","KōNotorinosato","","line-99609"
"station-9961001","코쿠사이카이칸","国際会館","こくさいかいかん","Kokusaikaikan","","line-99610"
"station-9961002","마츠가사키","松ヶ崎","まつがさき","Matsugasaki","","line-99610"
"station-9961003","키타야마","北山","きたやま","Kitayama","","line-99610"
"station-9961004","키타오지","北大路","きたおおじ","KitaōJi","","line-99610"
"station-9961005","쿠라마구치","鞍馬口","くらまぐち","Kuramaguchi","","line-99610"
"station-9961006","이마데가와","今出川","いまでがわ","Imadegawa","","line-99610"
"station-9961007","마루타마치","丸太町","まるたまち","Marutamachi","","line-99610"
"station-9961008","카라스마오이케","烏丸御池","からすまおいけ","Karasumaoike","","line-99610"
"station-9961010","고조","五条","ごじょう","Gojō","","line-99610"
"station-9961012","큐조","九条","きゅうじょう","KyūJō","","line-99610"
"station-9961013","주조","十条","じゅうじょう","JūJō","","line-99610"
"station-9961014","쿠이나쿄","くいな橋","くいなきょう","Kuinakyō","","line-99610"
"station-9961102","이시다","石田","いしだ","Ishida","","line-99611"
"station-9961103","다이고","醍醐","だいご","Daigo","","line-99611"
"station-9961104","오노","小野","おの","Ono","","line-99611"
"station-9961105","나기츠지","椥辻","なぎつじ","Nagitsuji","","line-99611"
"station-9961106","토노","東野","とうの","TōNo","","line-99611"
"station-9961109","케우에","蹴上","けうえ","Keue","","line-99611"
"station-9961110","히가시야마","東山","ひがしやま","Higashiyama","","line-99611"
"station-9961112","교토시야쿠쇼마에","京都市役所前","きょうとしやくしょまえ","KyōToshiyakushomae","","line-99611"
"station-9961114","니조조마에","二条城前","にじょうじょうまえ","NijōJōMae","","line-99611"
"station-9961116","니시오로미이케","西大路御池","にしおおろみいけ","NishiōRomiike","","line-99611"
"station-9961117","우즈마사텐진카와","太秦天神川","うずまさてんじんかわ","Uzumasatenjinkawa","","line-99611"
"station-9961203","니시오로산조","西大路三条","にしおおろさんじょう","NishiōRosanjō","","line-99612"
"station-9961204","야마노치","山ノ内","やまのうち","Yamanouchi","","line-99612"
"station-9961205","카이코노샤","蚕ノ社","かいこのしゃ","Kaikonosha","","line-99612"
"station-9961206","우즈마사코류지","太秦広隆寺","うずまさこうりゅうじ","UzumasakōRyūJi","","line-99612"
"station-9961207","카타비라노츠지","帷子ノ辻","かたびらのつじ","Katabiranotsuji","","line-99612"
"station-9961208","아리스가와","有栖川","ありすがわ","Arisugawa","","line-99612"
"station-9961209","쿠루마오리진자","車折神社","くるまおりじんじゃ","Kurumaorijinja","","line-99612"
"station-9961210","로쿠오인","鹿王院","ろくおういん","RokuōIn","","line-99612"
"station-9961211","아라시덴사가","嵐電嵯峨","あらしでんさが","Arashidensaga","","line-99612"
"station-9961212","아라시야마","嵐山","あらしやま","Arashiyama","","line-99612"
"station-9961213","아라시덴텐진카와","嵐電天神川","あらしでんてんじんかわ","Arashidentenjinkawa","","line-99612"
"station-9961302","히타치","常盤","ひたち","Hitachi","","line-99613"
"station-9961303","나루타키","鳴滝","なるたき","Narutaki","","line-99613"
"station-9961304","우타노","宇多野","うたの","Utano","","line-99613"
"station-9961305","오무로닌나지","御室仁和寺","おむろにんなじ","Omuroninnaji","","line-99613"
"station-9961306","묘신지","妙心寺","みょうしんじ","MyōShinji","","line-99613"
"station-9961307","류안지","龍安寺","りゅうあんじ","RyūAnji","","line-99613"
"station-9961308","토지인·리츠메이칸다이가쿠키누가사캠퍼스마에","等持院・立命館大学衣笠キャンパス前","とうじいん・りつめいかんだいがくきぬがさきゃんぱすまえ","TōJiin･Ritsumeikandaigakukinugasakyampasumae","","line-99613"
"station-9961309","키타노하쿠바이마치","北野白梅町","きたのはくばいまち","Kitanohakubaimachi","","line-99613"
"station-9961310","사츠에이쇼마에","撮影所前","さつえいしょまえ","Satsueishomae","","line-99613"
"station-9961401","센리츄오","千里中央","せんりちゅうおう","Senrichūō","","line-99614"
"station-9961402","모모야마다이","桃山台","ももやまだい","Momoyamadai","","line-99614"
"station-9961403","료쿠치코엔","緑地公園","りょくちこうえん","RyokuchikōEn","","line-99614"
"station-9961404","에사카","江坂","えさか","Esaka","","line-99614"
"station-9961502","키누노베바시","絹延橋","きぬのべばし","Kinunobebashi","","line-99615"
"station-9961503","타키야마","滝山","たきやま","Takiyama","","line-99615"
"station-9961504","우구이스노모리","鶯の森","うぐいすのもり","Uguisunomori","","line-99615"
"station-9961505","츠즈미가다키","鼓滝","つづみがだき","Tsuzumigadaki","","line-99615"
"station-9961506","타다","多田","ただ","Tada","","line-99615"
"station-9961507","헤이야","平野","へいや","Heiya","","line-99615"
"station-9961508","이치노토리이","一の鳥居","いちのとりい","Ichinotorii","","line-99615"
"station-9961509","우네노","畦野","うねの","Uneno","","line-99615"
"station-9961510","야마시타","山下","やました","Yamashita","","line-99615"
"station-9961511","사사베","笹部","ささべ","Sasabe","","line-99615"
"station-9961512","코후우다이","光風台","こうふうだい","KōFūDai","","line-99615"
"station-9961513","토키와다이","ときわ台","ときわだい","Tokiwadai","","line-99615"
"station-9961514","묘켄구치","妙見口","みょうけんぐち","MyōKenguchi","","line-99615"
"station-9961602","후카이","深井","ふかい","Fukai","","line-99616"
"station-9961603","이즈미가오카","泉ヶ丘","いずみがおか","Izumigaoka","","line-99616"
"station-9961604","츠가·미키타","栂・美木多","つが・みきた","Tsuga･Mikita","","line-99616"
"station-9961605","코묘이케","光明池","こうみょういけ","KōMyōIke","","line-99616"
"station-9961606","이즈미츄오","和泉中央","いずみちゅうおう","Izumichūō","","line-99616"
"station-9961702","카이즈카시야쿠쇼마에","貝塚市役所前","かいづかしやくしょまえ","Kaizukashiyakushomae","","line-99617"
"station-9961703","킨기노사토","近義の里","きんぎのさと","Kinginosato","","line-99617"
"station-9961704","이시자이","石才","いしざい","Ishizai","","line-99617"
"station-9961705","세치고","清児","せちご","Sechigo","","line-99617"
"station-9961706","나고시","名越","なごし","Nagoshi","","line-99617"
"station-9961707","모리","森","もり","Mori","","line-99617"
"station-9961708","미츠마츠","三ツ松","みつまつ","Mitsumatsu","","line-99617"
"station-9961709","산가야마구치","三ヶ山口","さんゖやまぐち","Sankeyamaguchi","","line-99617"
"station-9961710","미즈마칸논","水間観音","みずまかんのん","Mizumakannon","","line-99617"
"station-9961802","히가시미쿠니","東三国","ひがしみくに","Higashimikuni","","line-99618"
"station-9961805","나카츠","中津","なかつ","Nakatsu","","line-99618"
"station-9961808","혼마치","本町","ほんまち","Hommachi","","line-99618"
"station-9961809","신사이바시","心斎橋","しんさいばし","Shinsaibashi","","line-99618"
"station-9961811","타이코쿠마치","大国町","たいこくまち","Taikokumachi","","line-99618"
"station-9961814","쇼와초","昭和町","しょうわちょう","ShōWachō","","line-99618"
"station-9961815","니시타나베","西田辺","にしたなべ","Nishitanabe","","line-99618"
"station-9961817","아비코","あびこ","あびこ","Abiko","","line-99618"
"station-9961818","키타하나다","北花田","きたはなだ","Kitahanada","","line-99618"
"station-9961819","신카나오카","新金岡","しんかなおか","Shinkanaoka","","line-99618"
"station-9961901","다이니치","大日","だいにち","Dainichi","","line-99619"
"station-9961902","모리구치","守口","もりぐち","Moriguchi","","line-99619"
"station-9961903","타이시바시이마이치","太子橋今市","たいしばしいまいち","Taishibashiimaichi","","line-99619"
"station-9961904","센바야시오미야","千林大宮","せんばやしおおみや","SembayashiōMiya","","line-99619"
"station-9961905","세키메타카도노","関目高殿","せきめたかどの","Sekimetakadono","","line-99619"
"station-9961906","노에우친다이","野江内代","のえうちんだい","Noeuchindai","","line-99619"
"station-9961907","미야코지마","都島","みやこじま","Miyakojima","","line-99619"
"station-9961909","나카사키마치","中崎町","なかさきまち","Nakasakimachi","","line-99619"
"station-9961913","타니마치욘초메","谷町四丁目","たにまちよんちょうめ","TanimachiyonchōMe","","line-99619"
"station-9961914","타니마치로쿠초메","谷町六丁目","たにまちろくちょうめ","TanimachirokuchōMe","","line-99619"
"station-9961915","타니마치큐초메","谷町九丁目","たにまちきゅうちょうめ","TanimachikyūChōMe","","line-99619"
"station-9961916","시텐노지젠유히가오카","四天王寺前夕陽ヶ丘","してんのうじぜんゆうひゖおか","ShitennōJizenyūHikeoka","","line-99619"
"station-9961918","아베노","阿倍野","あべの","Abeno","","line-99619"
"station-9961919","후미노사토","文の里","ふみのさと","Fuminosato","","line-99619"
"station-9961920","타나베","田辺","たなべ","Tanabe","","line-99619"
"station-9961921","코마가와나카노","駒川中野","こまがわなかの","Komagawanakano","","line-99619"
"station-9961922","헤이야","平野","へいや","Heiya","","line-99619"
"station-9961923","키레우리와리","喜連瓜破","きれうりわり","Kireuriwari","","line-99619"
"station-9961924","데토","出戸","でと","Deto","","line-99619"
"station-9961925","나가하라","長原","ながはら","Nagahara","","line-99619"
"station-9961926","야오미나미","八尾南","やおみなみ","Yaominami","","line-99619"
"station-9962004","욘츠쿄","四ツ橋","よんつきょう","Yontsukyō","","line-99620"
"station-9962007","하나조노마치","花園町","はなぞのまち","Hanazonomachi","","line-99620"
"station-9962008","키시노사토","岸里","きしのさと","Kishinosato","","line-99620"
"station-9962009","타마데","玉出","たまで","Tamade","","line-99620"
"station-9962010","키타카가야","北加賀屋","きたかがや","Kitakagaya","","line-99620"
"station-9962011","스미노에코엔","住之江公園","すみのえこうえん","SuminoekōEn","","line-99620"
"station-9962101","코스모스쿠에아","コスモスクエア","こすもすくえあ","Kosumosukuea","","line-99621"
"station-9962102","오사카코","大阪港","おおさかこう","ōSakakō","","line-99621"
"station-9962103","아사시오바시","朝潮橋","あさしおばし","Asashiobashi","","line-99621"
"station-9962106","아와자","阿波座","あわざ","Awaza","","line-99621"
"station-9962108","사카이스지혼초","堺筋本町","さかいすじほんちょう","Sakaisujihonchō","","line-99621"
"station-9962111","미도리쿄","緑橋","みどりきょう","Midorikyō","","line-99621"
"station-9962112","후카에바시","深江橋","ふかえばし","Fukaebashi","","line-99621"
"station-9962204","니시나가호리","西長堀","にしながほり","Nishinagahori","","line-99622"
"station-9962210","이마사토","今里","いまさと","Imasato","","line-99622"
"station-9962211","신후카에","新深江","しんふかえ","Shinfukae","","line-99622"
"station-9962212","코지","小路","こうじ","KōJi","","line-99622"
"station-9962213","키타타츠미","北巽","きたたつみ","Kitatatsumi","","line-99622"
"station-9962214","미나미타츠미","南巽","みなみたつみ","Minamitatsumi","","line-99622"
"station-9962306","나가호리바시","長堀橋","ながほりばし","Nagahoribashi","","line-99623"
"station-9962308","에비스마치","恵美須町","えびすまち","Ebisumachi","","line-99623"
"station-9962404","니시오하시","西大橋","にしおおはし","NishiōHashi","","line-99624"
"station-9962407","마츠야마치","松屋町","まつやまち","Matsuyamachi","","line-99624"
"station-9962411","오사카비지네스파쿠","大阪ビジネスパーク","おおさかびじねすぱーく","ōSakabijinesupāKu","","line-99624"
"station-9962413","가모욘초메","蒲生四丁目","がもうよんちょうめ","GamōYonchōMe","","line-99624"
"station-9962414","이마후쿠츠루미","今福鶴見","いまふくつるみ","Imafukutsurumi","","line-99624"
"station-9962415","요코즈츠미","横堤","よこづつみ","Yokozutsumi","","line-99624"
"station-9962416","츠루미료쿠치","鶴見緑地","つるみりょくち","Tsurumiryokuchi","","line-99624"
"station-9962417","카도마미나미","門真南","かどまみなみ","Kadomaminami","","line-99624"
"station-9962502","토레도센터마에","トレードセンター前","とれーどせんたーまえ","TorēDosentāMae","","line-99625"
"station-9962503","츄후토","中ふ頭","ちゅうふとう","ChūFutō","","line-99625"
"station-9962504","포트타운니시","ポートタウン西","ぽーとたうんにし","PōTotaunnishi","","line-99625"
"station-9962505","포트타운히가시","ポートタウン東","ぽーとたうんひがし","PōTotaunhigashi","","line-99625"
"station-9962506","페리터미널","フェリーターミナル","ふぇりーたーみなる","FerīTāMinaru","","line-99625"
"station-9962507","난코히가시","南港東","なんこうひがし","NankōHigashi","","line-99625"
"station-9962508","난코구치","南港口","なんこうぐち","NankōGuchi","","line-99625"
"station-9962509","히라바야시","平林","ひらばやし","Hirabayashi","","line-99625"
"station-9962601","오사카 공항","大阪空港","おおさかくうこう","ōSakakūKō","","line-99626"
"station-9962603","시바하라한다이마에","柴原阪大前","しばはらはんだいまえ","Shibaharahandaimae","","line-99626"
"station-9962604","쇼지","少路","しょうじ","ShōJi","","line-99626"
"station-9962607","반파쿠키넨코엔","万博記念公園","ばんぱくきねんこうえん","BampakukinenkōEn","","line-99626"
"station-9962608","우노베","宇野辺","うのべ","Unobe","","line-99626"
"station-9962610","사와라기","沢良宜","さわらぎ","Sawaragi","","line-99626"
"station-9962611","셋츠","摂津","せっつ","Settsu","","line-99626"
"station-9962612","미나미셋츠","南摂津","みなみせっつ","Minamisettsu","","line-99626"
"station-9962702","코엔히가시구치","公園東口","こうえんひがしぐち","KōEnhigashiguchi","","line-99627"
"station-9962703","한다이뵤인마에","阪大病院前","はんだいびょういんまえ","HandaibyōInmae","","line-99627"
"station-9962704","토요카와","豊川","とよかわ","Toyokawa","","line-99627"
"station-9962705","아야미야코니시","彩都西","あやみやこにし","Ayamiyakonishi","","line-99627"
"station-9962803","마츠무시","松虫","まつむし","Matsumushi","","line-99628"
"station-9962804","토텐시모노차야","東天下茶屋","とうてんしものちゃや","TōTenshimonochaya","","line-99628"
"station-9962805","키타바타케","北畠","きたばたけ","Kitabatake","","line-99628"
"station-9962806","히메마츠","姫松","ひめまつ","Himematsu","","line-99628"
"station-9962807","테즈카야마산초메","帝塚山三丁目","てづかやまさんちょうめ","TezukayamasanchōMe","","line-99628"
"station-9962808","테즈카야마욘초메","帝塚山四丁目","てづかやまよんちょうめ","TezukayamayonchōMe","","line-99628"
"station-9962809","카미노키","神ノ木","かみのき","Kaminoki","","line-99628"
"station-9962810","스미요시","住吉","すみよし","Sumiyoshi","","line-99628"
"station-9962903","이마이케","今池","いまいけ","Imaike","","line-99629"
"station-9962904","이마후네","今船","いまふね","Imafune","","line-99629"
"station-9962905","마츠다마치","松田町","まつだまち","Matsudamachi","","line-99629"
"station-9962906","키타텐가차야","北天下茶屋","きたてんがちゃや","Kitatengachaya","","line-99629"
"station-9962907","쇼텐자카","聖天坂","しょうてんざか","ShōTenzaka","","line-99629"
"station-9962908","텐진노모리","天神ノ森","てんじんのもり","Tenjinnomori","","line-99629"
"station-9962910","츠카니시","塚西","つかにし","Tsukanishi","","line-99629"
"station-9962914","호소이카와","細井川","ほそいかわ","Hosoikawa","","line-99629"
"station-9962915","안류마치","安立町","あんりゅうまち","AnryūMachi","","line-99629"
"station-9962916","아비코미치","我孫子道","あびこみち","Abikomichi","","line-99629"
"station-9962917","야마토가와","大和川","やまとがわ","Yamatogawa","","line-99629"
"station-9962918","타카스진자","高須神社","たかすじんじゃ","Takasujinja","","line-99629"
"station-9962919","아야노마치","綾ノ町","あやのまち","Ayanomachi","","line-99629"
"station-9962920","신메이마치","神明町","しんめいまち","Shimmeimachi","","line-99629"
"station-9962921","묘코쿠지마에","妙国寺前","みょうこくじまえ","MyōKokujimae","","line-99629"
"station-9962922","하나타구치","花田口","はなたぐち","Hanataguchi","","line-99629"
"station-9962923","다이코지","大小路","だいこうじ","DaikōJi","","line-99629"
"station-9962924","슈쿠인","宿院","しゅくいん","Shukuin","","line-99629"
"station-9962925","테라지마치","寺地町","てらじまち","Terajimachi","","line-99629"
"station-9962926","고료마에","御陵前","ごりょうまえ","GoryōMae","","line-99629"
"station-9962927","히가시미나토","東湊","ひがしみなと","Higashiminato","","line-99629"
"station-9962928","이시즈","石津","いしづ","Ishizu","","line-99629"
"station-9962929","센비","船尾","せんび","Sembi","","line-99629"
"station-9962931","이시즈키타","石津北","いしづきた","Ishizukita","","line-99629"
"station-9963002","하나쿠마","花隈","はなくま","Hanakuma","","line-99630"
"station-9963004","니시모토마치","西元町","にしもとまち","Nishimotomachi","","line-99630"
"station-9963005","코소쿠코베","高速神戸","こうそくこうべ","KōSokukōBe","","line-99630"
"station-9963006","신카이치","新開地","しんかいち","Shinkaichi","","line-99630"
"station-9963007","오히라키","大開","おおひらき","ōHiraki","","line-99630"
"station-9963008","코소쿠나가타","高速長田","こうそくながた","KōSokunagata","","line-99630"
"station-9963009","니시다이","西代","にしだい","Nishidai","","line-99630"
"station-9963102","미나토가와","湊川","みなとがわ","Minatogawa","","line-99631"
"station-9963202","나가타","長田","ながた","Nagata","","line-99632"
"station-9963203","마루야마","丸山","まるやま","Maruyama","","line-99632"
"station-9963204","히요도리고에","鵯越","ひよどりごえ","Hiyodorigoe","","line-99632"
"station-9963206","스즈란다이","鈴蘭台","すずらんだい","Suzurandai","","line-99632"
"station-9963207","키타스즈란다이","北鈴蘭台","きたすずらんだい","Kitasuzurandai","","line-99632"
"station-9963208","야마노마치","山の街","やまのまち","Yamanomachi","","line-99632"
"station-9963209","미노타니","箕谷","みのたに","Minotani","","line-99632"
"station-9963210","야가미","谷上","やがみ","Yagami","","line-99632"
"station-9963211","하나야마","花山","はなやま","Hanayama","","line-99632"
"station-9963212","오이케","大池","おおいけ","ōIke","","line-99632"
"station-9963213","신테츠롯코","神鉄六甲","しんてつろっこう","Shintetsurokkō","","line-99632"
"station-9963214","카라토다이","唐櫃台","からとだい","Karatodai","","line-99632"
"station-9963215","아리마구치","有馬口","ありまぐち","Arimaguchi","","line-99632"
"station-9963217","아리마온선","有馬温泉","ありまおんせん","Arimaonsen","","line-99632"
"station-9963302","고샤","五社","ごしゃ","Gosha","","line-99633"
"station-9963303","오카바","岡場","おかば","Okaba","","line-99633"
"station-9963304","타오지","田尾寺","たおじ","Taoji","","line-99633"
"station-9963305","지로","二郎","じろう","Jirō","","line-99633"
"station-9963306","미치바미나미구치","道場南口","みちばみなみぐち","Michibaminamiguchi","","line-99633"
"station-9963307","신테츠도조","神鉄道場","かみてつどうじょう","KamitetsudōJō","","line-99633"
"station-9963308","요코야마","横山","よこやま","Yokoyama","","line-99633"
"station-9963309","미타혼초","三田本町","みたほんちょう","Mitahonchō","","line-99633"
"station-9963404","후라와타운","フラワータウン","ふらわーたうん","FurawāTaun","","line-99634"
"station-9963405","미나미웃디타운","南ウッディタウン","みなみうっでぃたうん","Minamiudditaun","","line-99634"
"station-9963406","웃디타운츄오","ウッディタウン中央","うっでぃたうんちゅうおう","Udditaunchūō","","line-99634"
"station-9963502","스즈란다이니시구치","鈴蘭台西口","すずらんだいにしぐち","Suzurandainishiguchi","","line-99635"
"station-9963503","니시스즈란다이","西鈴蘭台","にしすずらんだい","Nishisuzurandai","","line-99635"
"station-9963504","아이","藍那","あい那","Ai那","","line-99635"
"station-9963505","키즈","木津","きづ","Kizu","","line-99635"
"station-9963506","키바타","木幡","きばた","Kibata","","line-99635"
"station-9963507","사카에","栄","さかえ","Sakae","","line-99635"
"station-9963508","오시베다니","押部谷","おしべだに","Oshibedani","","line-99635"
"station-9963509","미도리가오카","緑が丘","みどりがおか","Midorigaoka","","line-99635"
"station-9963510","히로노고루후조마에","広野ゴルフ場前","ひろのごるふじょうまえ","HironogorufujōMae","","line-99635"
"station-9963511","시지미","志染","しじみ","Shijimi","","line-99635"
"station-9963512","에비스","恵比須","えびす","Ebisu","","line-99635"
"station-9963513","미키우에노마루","三木上の丸","みきうえのまる","Mikiuenomaru","","line-99635"
"station-9963514","미키","三木","みき","Miki","","line-99635"
"station-9963515","오무라","大村","おおむら","ōMura","","line-99635"
"station-9963516","카시야마","樫山","かしやま","Kashiyama","","line-99635"
"station-9963517","시조","市場","しじょう","Shijō","","line-99635"
"station-9963518","오노","小野","おの","Ono","","line-99635"
"station-9963519","하타","葉多","はた","Hata","","line-99635"
"station-9963601","신코베","新神戸","しんこうべ","ShinkōBe","","line-99636"
"station-9963702","이타야도","板宿","いたやど","Itayado","","line-99637"
"station-9963703","히가시스마","東須磨","ひがしすま","Higashisuma","","line-99637"
"station-9963704","츠키미야마","月見山","つきみやま","Tsukimiyama","","line-99637"
"station-9963705","스마데라","須磨寺","すまでら","Sumadera","","line-99637"
"station-9963707","스마우라코엔","須磨浦公園","すまうらこうえん","SumaurakōEn","","line-99637"
"station-9963709","타키노차야","滝の茶屋","たきのちゃや","Takinochaya","","line-99637"
"station-9963710","히가시타루미","東垂水","ひがしたるみ","Higashitarumi","","line-99637"
"station-9963712","카스미가오카","霞ヶ丘","かすみがおか","Kasumigaoka","","line-99637"
"station-9963714","니시마이코","西舞子","にしまいこ","Nishimaiko","","line-99637"
"station-9963715","오쿠라다니","大蔵谷","おおくらだに","ōKuradani","","line-99637"
"station-9963716","히토마루마에","人丸前","ひとまるまえ","Hitomarumae","","line-99637"
"station-9963718","니시신마치","西新町","にししんまち","Nishishinmachi","","line-99637"
"station-9963719","하야시자키마츠에카이간","林崎松江海岸","はやしざきまつえかいがん","Hayashizakimatsuekaigan","","line-99637"
"station-9963720","후지에","藤江","ふじえ","Fujie","","line-99637"
"station-9963721","츄하치보쿠","中八木","ちゅうはちぼく","ChūHachiboku","","line-99637"
"station-9963722","에이가시마","江井ヶ島","えいがしま","Eigashima","","line-99637"
"station-9963723","니시에이가시마","西江井ヶ島","にしえいがしま","Nishieigashima","","line-99637"
"station-9963724","산요오즈미","山陽魚住","さんよううおずみ","San'YōUozumi","","line-99637"
"station-9963725","히가시후타미","東二見","ひがしふたみ","Higashifutami","","line-99637"
"station-9963726","니시후타미","西二見","にしふたみ","Nishifutami","","line-99637"
"station-9963727","하리마마치","播磨町","はりままち","Harimamachi","","line-99637"
"station-9963728","벳푸","別府","べっぷ","Beppu","","line-99637"
"station-9963729","하마노미야","浜の宮","はまのみや","Hamanomiya","","line-99637"
"station-9963730","오노에노마츠","尾上の松","おのえのまつ","Onoenomatsu","","line-99637"
"station-9963731","타카사고","高砂","たかさご","Takasago","","line-99637"
"station-9963732","아라이","荒井","あらい","Arai","","line-99637"
"station-9963733","이호","伊保","いほ","Iho","","line-99637"
"station-9963734","산요소네","山陽曽根","さんようそね","San'YōSone","","line-99637"
"station-9963735","오시오","大塩","おおしお","ōShio","","line-99637"
"station-9963736","마토가타","的形","まとがた","Matogata","","line-99637"
"station-9963737","하치이에","八家","はちいえ","Hachiie","","line-99637"
"station-9963738","시라하마노미야","白浜の宮","しらはまのみや","Shirahamanomiya","","line-99637"
"station-9963739","츠마시카","妻鹿","つましか","Tsumashika","","line-99637"
"station-9963740","시카마","飾磨","しかま","Shikama","","line-99637"
"station-9963741","카메야마","亀山","かめやま","Kameyama","","line-99637"
"station-9963742","테가라","手柄","てがら","Tegara","","line-99637"
"station-9963802","니시시카마","西飾磨","にししかま","Nishishikama","","line-99638"
"station-9963803","유메사키가와","夢前川","ゆめさきがわ","Yumesakigawa","","line-99638"
"station-9963804","히로하타","広畑","ひろはた","Hirohata","","line-99638"
"station-9963805","산요텐마","山陽天満","さんようてんま","San'YōTemma","","line-99638"
"station-9963806","히라마츠","平松","ひらまつ","Hiramatsu","","line-99638"
"station-9963807","산요아보시","山陽網干","さんようあぼし","San'YōAboshi","","line-99638"
"station-9964002","닛세이츄오","日生中央","にっせいちゅうおう","Nisseichūō","","line-99640"
"station-9964302","아비키","網引","あびき","Abiki","","line-99643"
"station-9964303","타하라","田原","たはら","Tahara","","line-99643"
"station-9964304","홋케구치","法華口","ほっけぐち","Hokkeguchi","","line-99643"
"station-9964305","하리마시모자토","播磨下里","はりましもざと","Harimashimozato","","line-99643"
"station-9964306","나가","長","なが","Naga","","line-99643"
"station-9964307","하리마요코타","播磨横田","はりまよこた","Harimayokota","","line-99643"
"station-9964308","호조마치","北条町","ほうじょうまち","HōJōMachi","","line-99643"
"station-9964402","코케나와","苔縄","こけなわ","Kokenawa","","line-99644"
"station-9964403","코노하라엔신","河野原円心","こうのはらえんしん","KōNoharaenshin","","line-99644"
"station-9964404","히사자키","久崎","ひさざき","Hisazaki","","line-99644"
"station-9964406","히라후쿠","平福","ひらふく","Hirafuku","","line-99644"
"station-9964407","이시이","石井","いしい","Ishii","","line-99644"
"station-9964408","미야모토무사시","宮本武蔵","みやもとむさし","Miyamotomusashi","","line-99644"
"station-9964409","오하라","大原","おおはら","ōHara","","line-99644"
"station-9964410","니시아와쿠라","西粟倉","にしあわくら","Nishiawakura","","line-99644"
"station-9964411","아와쿠라온선","あわくら温泉","あわくらおんせん","Awakuraonsen","","line-99644"
"station-9964412","산고","山郷","さんごう","Sangō","","line-99644"
"station-9964413","코이야마가타","恋山形","こいやまがた","Koiyamagata","","line-99644"
"station-9964503","묘호지","妙法寺","みょうほうじ","MyōHōJi","","line-99645"
"station-9964504","묘다니","名谷","みょうだに","MyōDani","","line-99645"
"station-9964505","소고운도코엔","総合運動公園","そうごううんどうこうえん","SōGōUndōKōEn","","line-99645"
"station-9964506","가쿠엔토시","学園都市","がくえんとし","Gakuentoshi","","line-99645"
"station-9964507","이카와다니","伊川谷","いかわだに","Ikawadani","","line-99645"
"station-9964508","니시진난","西神南","にしじんなん","Nishijinnan","","line-99645"
"station-9964509","세이신츄오","西神中央","せいしんちゅうおう","Seishinchūō","","line-99645"
"station-9964702","코마가린","駒ヶ林","こまゖりん","Komakerin","","line-99647"
"station-9964703","카리모","苅藻","かりも","Karimo","","line-99647"
"station-9964704","온자키코엔","御崎公園","おんざきこうえん","OnzakikōEn","","line-99647"
"station-9964706","츄오시조마에","中央市場前","ちゅうおうしじょうまえ","ChūōShijōMae","","line-99647"
"station-9964708","미나토모토마치","みなと元町","みなともとまち","Minatomotomachi","","line-99647"
"station-9964709","큐쿄류치·다이마루마에","旧居留地・大丸前","きゅうきょりゅうち・だいまるまえ","KyūKyoryūChi･Daimarumae","","line-99647"
"station-9964802","보에키센터","貿易センター","ぼうえきせんたー","BōEkisentā","","line-99648"
"station-9964803","포트터미널","ポートターミナル","ぽーとたーみなる","PōTotāMinaru","","line-99648"
"station-9964804","나카코엔","中公園","なかこうえん","NakakōEn","","line-99648"
"station-9964805","미나토지마","みなとじま","みなとじま","Minatojima","","line-99648"
"station-9964806","시민히로바","市民広場","しみんひろば","Shiminhiroba","","line-99648"
"station-9964807","이료센터","医療センター","いりょうせんたー","IryōSentā","","line-99648"
"station-9964808","쿄콘퓨타마에","京コンピュータ前","きょうこんぴゅーたまえ","KyōKompyūTamae","","line-99648"
"station-9964809","고베 공항","神戸空港","こうべくうこう","KōBekūKō","","line-99648"
"station-9964810","미나미코엔","南公園","みなみこうえん","MinamikōEn","","line-99648"
"station-9964811","츄후토","中埠頭","ちゅうふとう","ChūFutō","","line-99648"
"station-9964812","키타후토","北埠頭","きたふとう","Kitafutō","","line-99648"
"station-9964903","미나미우오사키","南魚崎","みなみうおさき","Minamiuosaki","","line-99649"
"station-9964904","아이란도키타구치","アイランド北口","あいらんどきたぐち","Airandokitaguchi","","line-99649"
"station-9964905","아이란도센터","アイランドセンター","あいらんどせんたー","Airandosentā","","line-99649"
"station-9964906","마린파쿠","マリンパーク","まりんぱーく","MarimpāKu","","line-99649"
"station-9965002","가쿠몬","学門","がくもん","Gakumon","","line-99650"
"station-9965003","키이고보","紀伊御坊","きいごぼう","Kiigobō","","line-99650"
"station-9965004","시야쿠쇼마에","市役所前","しやくしょまえ","Shiyakushomae","","line-99650"
"station-9965005","니시고보","西御坊","にしごぼう","Nishigobō","","line-99650"
"station-9965102","타나카구치","田中口","たなかぐち","Tanakaguchi","","line-99651"
"station-9965103","니치젠구우","日前宮","にちぜんぐう","Nichizengū","","line-99651"
"station-9965104","신젠","神前","しんぜん","Shinzen","","line-99651"
"station-9965105","카마야마","竈山","かまやま","Kamayama","","line-99651"
"station-9965106","코츠우센터마에","交通センター前","こうつうせんたーまえ","KōTsūSentāMae","","line-99651"
"station-9965107","오카자키마에","岡崎前","おかざきまえ","Okazakimae","","line-99651"
"station-9965108","요시아야","吉礼","よしあや","Yoshiaya","","line-99651"
"station-9965109","이다키소","伊太祈曽","いだきそ","Idakiso","","line-99651"
"station-9965110","산토","山東","さんとう","Santō","","line-99651"
"station-9965111","오이케유엔","大池遊園","おおいけゆうえん","ōIkeyūEn","","line-99651"
"station-9965112","니시야마구치","西山口","にしやまぐち","Nishiyamaguchi","","line-99651"
"station-9965113","칸로지마에","甘露寺前","かんろじまえ","Kanrojimae","","line-99651"
"station-9965114","타카시","貴志","たかし","Takashi","","line-99651"
"station-9965201","이타카노","井高野","いたかの","Itakano","","line-99652"
"station-9965202","즈이코욘초메","瑞光四丁目","ずいこうよんちょうめ","ZuikōYonchōMe","","line-99652"
"station-9965203","다이도토요사토","だいどう豊里","だいどうとよさと","DaidōToyosato","","line-99652"
"station-9965205","시미즈","清水","しみず","Shimizu","","line-99652"
"station-9965206","신모리후루이치","新森古市","しんもりふるいち","Shimmorifuruichi","","line-99652"
"station-9960902","시쇼","四所","ししょ","Shisho","","line-99653"
"station-9960903","시노노메","東雲","しののめ","Shinonome","","line-99653"
"station-9960904","탄고칸자키","丹後神崎","たんごかんざき","Tangokanzaki","","line-99653"
"station-9960905","탄고유라","丹後由良","たんごゆら","Tangoyura","","line-99653"
"station-9960906","쿠리타","栗田","くりた","Kurita","","line-99653"
"station-9970102","야츠가시라코코마에","八頭高校前","やつがしらこうこうまえ","YatsugashirakōKōMae","","line-99701"
"station-9970103","이나바후나오카","因幡船岡","いなばふなおか","Inabafunaoka","","line-99701"
"station-9970104","하야부사","隼","はやぶさ","Hayabusa","","line-99701"
"station-9970105","아베","安部","あべ","Abe","","line-99701"
"station-9970106","핫토","八東","はっとう","Hattō","","line-99701"
"station-9970107","토쿠마루","徳丸","とくまる","Tokumaru","","line-99701"
"station-9970108","탄피","丹比","たんぴ","Tampi","","line-99701"
"station-9970109","와카사","若桜","わかさ","Wakasa","","line-99701"
"station-9970202","이즈모카가쿠칸파쿠타운마에","出雲科学館パークタウン前","いずもかがくかんぱーくたうんまえ","IzumokagakukanpāKutaunmae","","line-99702"
"station-9970203","오츠마치","大津町","おおつまち","ōTsumachi","","line-99702"
"station-9970204","타케시","武志","たけし","Takeshi","","line-99702"
"station-9970205","카와아토","川跡","かわあと","Kawaato","","line-99702"
"station-9970206","오테라","大寺","おおてら","ōTera","","line-99702"
"station-9970207","비단","美談","びだん","Bidan","","line-99702"
"station-9970208","타부시","旅伏","たぶし","Tabushi","","line-99702"
"station-9970209","쿠모슈히라타","雲州平田","くもしゅうひらた","KumoshūHirata","","line-99702"
"station-9970210","누노자키","布崎","ぬのざき","Nunozaki","","line-99702"
"station-9970211","미즈우미칸신에키","湖遊館新駅","みずうみ遊かんしんえき","Mizuumi遊Kanshin'Eki","","line-99702"
"station-9970212","엔","園","えん","En","","line-99702"
"station-9970213","이치하타구치","一畑口","いちはたぐち","Ichihataguchi","","line-99702"
"station-9970214","이노나다","伊野灘","いのなだ","Inonada","","line-99702"
"station-9970215","츠노모리","津ノ森","つのもり","Tsunomori","","line-99702"
"station-9970216","타카노미야","高ノ宮","たかのみや","Takanomiya","","line-99702"
"station-9970217","마츠에훠게루파쿠","松江フォーゲルパーク","まつえふぉーげるぱーく","MatsuefōGerupāKu","","line-99702"
"station-9970218","아이카마치","秋鹿町","あいかまち","Aikamachi","","line-99702"
"station-9970219","나가에","長江","ながえ","Nagae","","line-99702"
"station-9970220","아사히가오카","朝日ヶ丘","あさひゖおか","Asahikeoka","","line-99702"
"station-9970221","마츠에인구릿슈가덴마에","松江イングリッシュガーデン前","まつえいんぐりっしゅがーでんまえ","MatsueingurisshugāDenmae","","line-99702"
"station-9970222","마츠에신지미즈우미온선","松江しんじ湖温泉","まつえしんじみずうみおんせん","Matsueshinjimizuumionsen","","line-99702"
"station-9970302","타카하마","高浜","たかはま","Takahama","","line-99703"
"station-9970303","요칸","遙堪","ようかん","YōKan","","line-99703"
"station-9970304","하마야마코엔키타구치","浜山公園北口","はまやまこうえんきたぐち","HamayamakōEnkitaguchi","","line-99703"
"station-9970305","이즈모타이샤마에","出雲大社前","いずもたいしゃまえ","Izumotaishamae","","line-99703"
"station-9970402","큐조마에","球場前","きゅうじょうまえ","KyūJōMae","","line-99704"
"station-9970403","니시토미이","西富井","にしとみい","Nishitomii","","line-99704"
"station-9970404","후쿠이","福井","ふくい","Fukui","","line-99704"
"station-9970405","우라타","浦田","うらた","Urata","","line-99704"
"station-9970406","야요이","弥生","やよい","Yayoi","","line-99704"
"station-9970407","사카에","栄","さかえ","Sakae","","line-99704"
"station-9970408","히타치","常盤","ひたち","Hitachi","","line-99704"
"station-9970409","미즈시마","水島","みずしま","Mizushima","","line-99704"
"station-9970410","미츠비시지코마에","三菱自工前","みつびしじこうまえ","MitsubishijikōMae","","line-99704"
"station-9970503","카와베야도","川辺宿","かわべやど","Kawabeyado","","line-99705"
"station-9970504","키비노마키비","吉備真備","きびのまきび","Kibinomakibi","","line-99705"
"station-9970505","빗츄쿠레이모토","備中呉妹","びっちゅうくれいもうと","BitchūKureimōTo","","line-99705"
"station-9970506","미타니","三谷","みたに","Mitani","","line-99705"
"station-9970507","야카게","矢掛","やかげ","Yakage","","line-99705"
"station-9970508","오다","小田","おだ","Oda","","line-99705"
"station-9970509","하야쿠모노사토에바라","早雲の里荏原","はやくものさとえばら","Hayakumonosatoebara","","line-99705"
"station-9970510","이하라","井原","いはら","Ihara","","line-99705"
"station-9970511","이즈에","いずえ","いずえ","Izue","","line-99705"
"station-9970512","코모리우타노사토다카야","子守唄の里高屋","こもりうたのさとだかや","Komoriutanosatodakaya","","line-99705"
"station-9970513","고료","御領","ごりょう","Goryō","","line-99705"
"station-9970514","유노","湯野","ゆの","Yuno","","line-99705"
"station-9970602","니시카와미도리도코엔","西川緑道公園","にしかわみどりどうこうえん","NishikawamidoridōKōEn","","line-99706"
"station-9970603","야나가와","柳川","やながわ","Yanagawa","","line-99706"
"station-9970604","조카","城下","じょうか","JōKa","","line-99706"
"station-9970605","켄초도리","県庁通り","けんちょうどおり","KenchōDōRi","","line-99706"
"station-9970606","사이다이지마치","西大寺町","さいだいじまち","Saidaijimachi","","line-99706"
"station-9970607","코하시","小橋","こはし","Kohashi","","line-99706"
"station-9970608","츄나곤","中納言","ちゅうなごん","ChūNagon","","line-99706"
"station-9970609","카도타야시키","門田屋敷","かどたやしき","Kadotayashiki","","line-99706"
"station-9970610","히가시야마","東山","ひがしやま","Higashiyama","","line-99706"
"station-9970704","유빈쿄쿠마에","郵便局前","ゆうびんきょくまえ","YūBinkyokumae","","line-99707"
"station-9970705","타마치","田町","たまち","Tamachi","","line-99707"
"station-9970706","신사이다이지마치스지","新西大寺町筋","しんさいだいじまちすじ","Shinsaidaijimachisuji","","line-99707"
"station-9970707","다이운지마에","大雲寺前","だいうんじまえ","Daiunjimae","","line-99707"
"station-9970708","세이키바시","清輝橋","せいきばし","Seikibashi","","line-99707"
"station-9970709","히가시츄오마치","東中央町","ひがしちゅうおうまち","HigashichūōMachi","","line-99707"
"station-9970802","미도리추우가이","みどり中街","みどりちゅうがい","MidorichūGai","","line-99708"
"station-9970803","미도리추우오우","みどり中央","みどりちゅうおう","Midorichūō","","line-99708"
"station-9970901","혼도리","本通","ほんどおり","HondōRi","","line-99709"
"station-9970902","켄초마에","県庁前","けんちょうまえ","KenchōMae","","line-99709"
"station-9970903","조호쿠","城北","じょうほく","JōHoku","","line-99709"
"station-9970904","시라시마","白島","しらしま","Shirashima","","line-99709"
"station-9970905","우시다","牛田","うしだ","Ushida","","line-99709"
"station-9970906","후도인마에","不動院前","ふどういんまえ","FudōInmae","","line-99709"
"station-9970907","기온신바시키타","祇園新橋北","ぎおんしんばしきた","Gionshimbashikita","","line-99709"
"station-9970908","니시하라","西原","にしはら","Nishihara","","line-99709"
"station-9970909","나카스지","中筋","なかすじ","Nakasuji","","line-99709"
"station-9970910","후루이치","古市","ふるいち","Furuichi","","line-99709"
"station-9970912","비샤몬다이","毘沙門台","びしゃもんだい","Bishamondai","","line-99709"
"station-9970913","안도","安東","あんどう","Andō","","line-99709"
"station-9970914","카미야스","上安","かみやす","Kamiyasu","","line-99709"
"station-9970915","타카토리","高取","たかとり","Takatori","","line-99709"
"station-9970916","초라쿠지","長楽寺","ちょうらくじ","ChōRakuji","","line-99709"
"station-9970917","토모","伴","とも","Tomo","","line-99709"
"station-9970918","오하라","大原","おおはら","ōHara","","line-99709"
"station-9970919","반츄오","伴中央","ばんちゅうおう","Banchūō","","line-99709"
"station-9970920","오츠카","大塚","おおつか","Otsuka","","line-99709"
"station-9970921","코이키코엔마에","広域公園前","こういきこうえんまえ","KōIkikōEmmae","","line-99709"
"station-9971002","엔코바시마치","猿猴橋町","えんこうばしまち","EnkōBashimachi","","line-99710"
"station-9971003","마토바마치","的場町","まとばまち","Matobamachi","","line-99710"
"station-9971004","이나리마치","稲荷町","いなりまち","Inarimachi","","line-99710"
"station-9971005","카나야마마치","銀山町","かなやままち","Kanayamamachi","","line-99710"
"station-9971006","에비스마치","胡町","えびすまち","Ebisumachi","","line-99710"
"station-9971007","핫초보리","八丁堀","はっちょうぼり","HatchōBori","","line-99710"
"station-9971008","타테마치","立町","たてまち","Tatemachi","","line-99710"
"station-9971009","카미야마치히가시","紙屋町東","かみやまちひがし","Kamiyamachihigashi","","line-99710"
"station-9971011","후쿠로마치","袋町","ふくろまち","Fukuromachi","","line-99710"
"station-9971012","츄덴마에","中電前","ちゅうでんまえ","ChūDenmae","","line-99710"
"station-9971013","시야쿠쇼마에","市役所前","しやくしょまえ","Shiyakushomae","","line-99710"
"station-9971014","타카노바시","鷹野橋","たかのばし","Takanobashi","","line-99710"
"station-9971015","닛세키뵤인마에","日赤病院前","にっせきびょういんまえ","NissekibyōInmae","","line-99710"
"station-9971016","히로덴혼샤마에","広電本社前","ひろでんほんしゃまえ","Hirodenhonshamae","","line-99710"
"station-9971017","미유키바시","御幸橋","みゆきばし","Miyukibashi","","line-99710"
"station-9971018","미나미마치로쿠초메","皆実町六丁目","みなみまちろくちょうめ","MinamimachirokuchōMe","","line-99710"
"station-9971019","히로다이후조쿠갓코마에","広大附属学校前","こうだいふぞくがっこうまえ","KōDaifuzokugakkōMae","","line-99710"
"station-9971020","켄뵤인마에","県病院前","けんびょういんまえ","KenbyōInmae","","line-99710"
"station-9971021","우지나니초메","宇品二丁目","うじなにちょうめ","UjinanichōMe","","line-99710"
"station-9971022","우지나산초메","宇品三丁目","うじなさんちょうめ","UjinasanchōMe","","line-99710"
"station-9971023","우지나욘초메","宇品四丁目","うじなよんちょうめ","UjinayonchōMe","","line-99710"
"station-9971024","우지나고초메","宇品五丁目","うじなごちょうめ","UjinagochōMe","","line-99710"
"station-9971025","카이간도리","海岸通","かいがんどおり","KaigandōRi","","line-99710"
"station-9971026","모토지나구치","元宇品口","もとうじなぐち","Motoujinaguchi","","line-99710"
"station-9971027","히로시마코지나","広島港（宇品）","ひろしまこう（うじな）","Hiroshimakō(Ujina)","","line-99710"
"station-9971110","카미야마치니시","紙屋町西","かみやまちにし","Kamiyamachinishi","","line-99711"
"station-9971111","겐바쿠도무마에","原爆ドーム前","げんばくどーむまえ","GembakudōMumae","","line-99711"
"station-9971112","혼가와마치","本川町","ほんがわまち","Hongawamachi","","line-99711"
"station-9971113","토오카이치마치","十日市町","とおかいちまち","TōKaichimachi","","line-99711"
"station-9971114","도바시","土橋","どばし","Dobashi","","line-99711"
"station-9971115","코아미마치","小網町","こあみまち","Koamimachi","","line-99711"
"station-9971116","텐만마치","天満町","てんまんまち","Temmanmachi","","line-99711"
"station-9971117","칸온마치","観音町","かんおんまち","Kan'Onmachi","","line-99711"
"station-9971118","니시칸온마치","西観音町","にしかんおんまち","Nishikan'Onmachi","","line-99711"
"station-9971119","후쿠시마마치","福島町","ふくしままち","Fukushimamachi","","line-99711"
"station-9971121","히가시타카스","東高須","ひがしたかす","Higashitakasu","","line-99711"
"station-9971122","타카스","高須","たかす","Takasu","","line-99711"
"station-9971123","후루에","古江","ふるえ","Furue","","line-99711"
"station-9971124","쿠사츠","草津","くさつ","Kusatsu","","line-99711"
"station-9971125","쿠사츠미나미","草津南","くさつみなみ","Kusatsuminami","","line-99711"
"station-9971127","이구치","井口","いぐち","Iguchi","","line-99711"
"station-9971128","오사무다이쿄소나카다카마에","修大協創中高前","おさむだいきょうそうなかだかまえ","OsamudaikyōSōNakadakamae","","line-99711"
"station-9971130","사에키쿠야쿠쇼마에","佐伯区役所前","さえきくやくしょまえ","Saekikuyakushomae","","line-99711"
"station-9971131","라쿠라쿠엔","楽々園","らくらくえん","Rakurakuen","","line-99711"
"station-9971132","산요조가쿠엔마에","山陽女学園前","さんようじょがくえんまえ","San'YōJogakuenmae","","line-99711"
"station-9971134","하츠카이치시야쿠쇼마에","廿日市市役所前（平良）","はつかいちしやくしょまえ（たいら）","Hatsukaichishiyakushomae(Taira)","","line-99711"
"station-9971136","ｊａ히로시마뵤인마에","ＪＡ広島病院前","ｊａひろしまびょういんまえ","ＪＡHiroshimabyōInmae","","line-99711"
"station-9971137","지고젠","地御前","じごぜん","Jigozen","","line-99711"
"station-9971138","아지나히가시","阿品東","あじなひがし","Ajinahigashi","","line-99711"
"station-9971140","미야지마보토레스조","宮島ボートレース場","みやじまぼーとれーすじょう","MiyajimabōTorēSujō","","line-99711"
"station-9971304","단바라이치초메","段原一丁目","だんばらいちちょうめ","DambaraichichōMe","","line-99713"
"station-9971305","히지야마시타","比治山下","ひじやました","Hijiyamashita","","line-99713"
"station-9971306","히지야마바시","比治山橋","ひじやまばし","Hijiyamabashi","","line-99713"
"station-9971307","미나미쿠야쿠쇼마에","南区役所前","みなみくやくしょまえ","Minamikuyakushomae","","line-99713"
"station-9971308","미나미마치니초메","皆実町二丁目","みなみまちにちょうめ","MinamimachinichōMe","","line-99713"
"station-9971415","후네이리마치","舟入町","ふねいりまち","Funeirimachi","","line-99714"
"station-9971416","후나이리혼마치","舟入本町","ふないりほんまち","Funairihonmachi","","line-99714"
"station-9971417","후나이리사이와이마치","舟入幸町","ふないりさいわいまち","Funairisaiwaimachi","","line-99714"
"station-9971418","후나이리카와구치마치","舟入川口町","ふないりかわぐちまち","Funairikawaguchimachi","","line-99714"
"station-9971419","후나이리미나미","舟入南","ふないりみなみ","Funairiminami","","line-99714"
"station-9971420","코나미","江波","こうなみ","KōNami","","line-99714"
"station-9971502","요코가와잇초메","横川一丁目","よこがわいっちょうめ","YokogawaitchōMe","","line-99715"
"station-9971503","베츠인마에","別院前","べついんまえ","Betsuinmae","","line-99715"
"station-9971504","테라마치","寺町","てらまち","Teramachi","","line-99715"
"station-9971702","조가쿠인마에","女学院前","じょがくいんまえ","Jogakuinmae","","line-99717"
"station-9971703","치지미케이엔마에","縮景園前","ちぢみけいえんまえ","Chijimikeienmae","","line-99717"
"station-9971704","카테이사이반쇼마에","家庭裁判所前","かていさいばんしょまえ","Kateisaibanshomae","","line-99717"
"station-9971705","시라시마","白島","しらしま","Shirashima","","line-99717"
"station-9971802","세이류신이와쿠니","清流新岩国","せいりゅうしんいわくに","SeiryūShiniwakuni","","line-99718"
"station-9971803","슈치카사신","守内かさ神","しゅうちかさしん","Shuuchikasashin","","line-99718"
"station-9971804","미나미고치","南河内","みなみごうち","MinamigōChi","","line-99718"
"station-9971805","유카바","行波","ゆかば","Yukaba","","line-99718"
"station-9971806","키타가와치","北河内","きたがわち","Kitagawachi","","line-99718"
"station-9971807","무쿠노","椋野","むくの","Mukuno","","line-99718"
"station-9971808","나구와","南桑","なぐわ","Naguwa","","line-99718"
"station-9971809","네가사","根笠","ねがさ","Negasa","","line-99718"
"station-9971810","카와야마","河山","かわやま","Kawayama","","line-99718"
"station-9971811","야나세","柳瀬","やなせ","Yanase","","line-99718"
"station-9971812","니시키마치","錦町","にしきまち","Nishikimachi","","line-99718"
"station-9971813","세이류미하라시","清流みはらし","せいりゅうみはらし","SeiryūMiharashi","","line-99718"
"station-1180430","카이후","海部","かいふ","Kaifu","","line-99801"
"station-9980102","시시쿠이","宍喰","ししくい","Shishikui","","line-99801"
"station-9980103","칸노라","甲浦","かんのうら","Kannoura","","line-99801"
"station-9980202","카타하라마치","片原町","かたはらまち","Kataharamachi","","line-99802"
"station-9980203","카와라마치","瓦町","かわらまち","Kawaramachi","","line-99802"
"station-9980204","리츠린코엔","栗林公園","りつりんこうえん","RitsurinkōEn","","line-99802"
"station-9980205","산조","三条","さんじょう","Sanjō","","line-99802"
"station-9980206","오타","太田","おおた","ōTa","","line-99802"
"station-9980207","붓쇼잔","仏生山","ぶっしょうざん","BusshōZan","","line-99802"
"station-9980208","쿠우코도리","空港通り","くうこうどおり","KūKōDōRi","","line-99802"
"station-9980209","이치노미야","一宮","いちのみや","Ichinomiya","","line-99802"
"station-9980210","엔자","円座","えんざ","Enza","","line-99802"
"station-9980211","오카모토","岡本","おかもと","Okamoto","","line-99802"
"station-9980212","카자시가오카","挿頭丘","かざしがおか","Kazashigaoka","","line-99802"
"station-9980213","하타다","畑田","はただ","Hatada","","line-99802"
"station-9980214","스에","陶","すえ","Sue","","line-99802"
"station-9980215","타츠노미야","滝宮","たつのみや","Tatsunomiya","","line-99802"
"station-9980216","하네유카","羽床","はねゆか","Haneyuka","","line-99802"
"station-9980217","쿠리쿠마","栗熊","くりくま","Kurikuma","","line-99802"
"station-9980218","오카다","岡田","おかだ","Okada","","line-99802"
"station-9980219","하네칸","羽間","はねかん","Hanekan","","line-99802"
"station-9980220","에노이","榎井","えのい","Enoi","","line-99802"
"station-9980222","아야카와이온모루아야카와","綾川（イオンモール綾川）","あやかわ（いおんもーるあやかわ）","Ayakawa(IonmōRuayakawa)","","line-99802"
"station-9980223","부쿠이시","伏石","ぶくいし","Bukuishi","","line-99802"
"station-9980304","하나조노","花園","はなぞの","Hanazono","","line-99803"
"station-9980305","린도","林道","りんどう","Rindō","","line-99803"
"station-9980306","키타히가시구치","木太東口","きたひがしぐち","Kitahigashiguchi","","line-99803"
"station-9980307","모토야마","元山","もとやま","Motoyama","","line-99803"
"station-9980308","스이덴","水田","すいでん","Suiden","","line-99803"
"station-9980309","니시마에다","西前田","にしまえだ","Nishimaeda","","line-99803"
"station-9980310","타카다","高田","たかだ","Takada","","line-99803"
"station-9980311","이케노베","池戸","いけのべ","Ikenobe","","line-99803"
"station-9980312","노가쿠부마에","農学部前","のうがくぶまえ","NōGakubumae","","line-99803"
"station-9980313","히라키","平木","ひらき","Hiraki","","line-99803"
"station-9980314","가쿠엔도리","学園通り","がくえんどおり","GakuendōRi","","line-99803"
"station-9980315","하쿠산","白山","はくさん","Hakusan","","line-99803"
"station-9980316","이도","井戸","いど","Ido","","line-99803"
"station-9980317","쿠몬아키라","公文明","くもんあきら","Kumonakira","","line-99803"
"station-9980318","초비","長尾","ちょうび","ChōBi","","line-99803"
"station-9980402","이마하시","今橋","いまはし","Imahashi","","line-99804"
"station-9980403","마츠시마니초메","松島二丁目","まつしまにちょうめ","MatsushimanichōMe","","line-99804"
"station-9980404","오키마츠시마","沖松島","おきまつしま","Okimatsushima","","line-99804"
"station-9980405","카스가가와","春日川","かすががわ","Kasugagawa","","line-99804"
"station-9980406","카타모토","潟元","かたもと","Katamoto","","line-99804"
"station-9980407","코토덴야시마","琴電屋島","ことでんやしま","Kotoden'Yashima","","line-99804"
"station-9980408","코타카마츠","古高松","こたかまつ","Kotakamatsu","","line-99804"
"station-9980409","야쿠리","八栗","やくり","Yakuri","","line-99804"
"station-9980410","로쿠만지","六万寺","ろくまんじ","Rokumanji","","line-99804"
"station-9980411","오마치","大町","おおまち","ōMachi","","line-99804"
"station-9980413","시오야","塩屋","しおや","Shioya","","line-99804"
"station-9980414","후사자키","房前","ふさざき","Fusazaki","","line-99804"
"station-9980415","하라","原","はら","Hara","","line-99804"
"station-9980501","마츠야마시","松山市","まつやまし","Matsuyamashi","","line-99805"
"station-9980502","도바시","土橋","どばし","Dobashi","","line-99805"
"station-9980503","도이다","土居田","どいだ","Doida","","line-99805"
"station-9980504","요고","余戸","ようご","YōGo","","line-99805"
"station-9980505","카마타","鎌田","かまた","Kamata","","line-99805"
"station-9980506","오카다","岡田","おかだ","Okada","","line-99805"
"station-9980507","코선","古泉","こせん","Kosen","","line-99805"
"station-9980508","마사키","松前","まさき","Masaki","","line-99805"
"station-9980509","지조마치","地蔵町","じぞうまち","JizōMachi","","line-99805"
"station-9980510","신카와","新川","しんかわ","Shinkawa","","line-99805"
"station-9980511","군츄","郡中","ぐんちゅう","Gunchū","","line-99805"
"station-9980601","타카하마","高浜","たかはま","Takahama","","line-99806"
"station-9980602","바이신지","梅津寺","ばいしんじ","Baishinji","","line-99806"
"station-9980603","미나토야마","港山","みなとやま","Minatoyama","","line-99806"
"station-9980604","미츠즈","三津","みつづ","Mitsuzu","","line-99806"
"station-9980605","산세이","山西","さんせい","Sansei","","line-99806"
"station-9980606","니시키누야마","西衣山","にしきぬやま","Nishikinuyama","","line-99806"
"station-9980607","키누야마","衣山","きぬやま","Kinuyama","","line-99806"
"station-9980608","후루마치","古町","ふるまち","Furumachi","","line-99806"
"station-9980609","오테마치","大手町","おおてまち","Otemachi","","line-99806"
"station-9980702","이시테가와코엔","石手川公園","いしてがわこうえん","IshitegawakōEn","","line-99807"
"station-9980703","이요릿카","いよ立花","いよりっか","Iyorikka","","line-99807"
"station-9980704","후쿠온지","福音寺","ふくおんじ","Fukuonji","","line-99807"
"station-9980705","키타쿠메","北久米","きたくめ","Kitakume","","line-99807"
"station-9980706","쿠메","久米","くめ","Kume","","line-99807"
"station-9980707","타카노코","鷹ノ子","たかのこ","Takanoko","","line-99807"
"station-9980708","히라이","平井","ひらい","Hirai","","line-99807"
"station-9980709","우메모토","梅本","うめもと","Umemoto","","line-99807"
"station-9980710","우시부치단치마에","牛渕団地前","うしぶちだんちまえ","Ushibuchidanchimae","","line-99807"
"station-9980711","우시부치","牛渕","うしぶち","Ushibuchi","","line-99807"
"station-9980712","타쿠보","田窪","たくぼ","Takubo","","line-99807"
"station-9980713","미나라","見奈良","みなら","Minara","","line-99807"
"station-9980714","아이다이이가쿠부미나미구치","愛大医学部南口","あいだいいがくぶみなみぐち","Aidaiigakubuminamiguchi","","line-99807"
"station-9980715","요코가와라","横河原","よこがわら","Yokogawara","","line-99807"
"station-9980802","미나미호리바타","南堀端","みなみほりばた","Minamihoribata","","line-99809"
"station-9980803","니시보리타다시","西堀端","にしぼりただし","Nishiboritadashi","","line-99809"
"station-9980806","미야타마치","宮田町","みやたまち","Miyatamachi","","line-99809"
"station-9980808","카야마치로쿠초메","萱町六丁目","かやまちろくちょうめ","KayamachirokuchōMe","","line-99809"
"station-9980809","혼마치로쿠초메","本町六丁目","ほんまちろくちょうめ","HommachirokuchōMe","","line-99809"
"station-9980810","코야마치","木屋町","こやまち","Koyamachi","","line-99809"
"station-9980811","타카사고마치","高砂町","たかさごまち","Takasagomachi","","line-99809"
"station-9980812","시미즈마치","清水町","しみずまち","Shimizumachi","","line-99809"
"station-9980813","텟포마치","鉄砲町","てっぽうまち","TeppōMachi","","line-99809"
"station-9980814","세키주지뵤인마에","赤十字病院前","せきじゅうじびょういんまえ","SekijūJibyōInmae","","line-99809"
"station-9980815","헤이와도리이치초메","平和通一丁目","へいわどおりいちちょうめ","HeiwadōRiichichōMe","","line-99809"
"station-9980816","우에이치만","上一万","うえいちまん","Ueichiman","","line-99809"
"station-9980817","케이사츠쇼마에","警察署前","けいさつしょまえ","Keisatsushomae","","line-99809"
"station-9980818","카츠야마마치","勝山町","かつやままち","Katsuyamamachi","","line-99809"
"station-9980819","오카이도","大街道","おおかいどう","ōKaidō","","line-99809"
"station-9980820","켄초마에","県庁前","けんちょうまえ","KenchōMae","","line-99809"
"station-9980821","시야쿠쇼마에","市役所前","しやくしょまえ","Shiyakushomae","","line-99809"
"station-9981009","미나미마치","南町","みなみまち","Minamimachi","","line-99810"
"station-9981010","도고코엔","道後公園","どうごこうえん","DōGokōEn","","line-99810"
"station-9981011","도고온선","道後温泉","どうごおんせん","DōGoonsen","","line-99810"
"station-9981202","혼마치고초메","本町五丁目","ほんまちごちょうめ","HommachigochōMe","","line-99812"
"station-9981203","혼마치욘초메","本町四丁目","ほんまちよんちょうめ","HommachiyonchōMe","","line-99812"
"station-9981204","혼마치산초메","本町三丁目","ほんまちさんちょうめ","HommachisanchōMe","","line-99812"
"station-9981403","카이나","荷稲","かいな","Kaina","","line-99814"
"station-9981404","이요키","伊与喜","いよき","Iyoki","","line-99814"
"station-9981405","토사사가","土佐佐賀","とささが","Tosasaga","","line-99814"
"station-9981406","사가코엔","佐賀公園","さがこうえん","SagakōEn","","line-99814"
"station-9981407","토사시라하마","土佐白浜","とさしらはま","Tosashirahama","","line-99814"
"station-9981408","아리이가와","有井川","ありいがわ","Ariigawa","","line-99814"
"station-9981409","토사카미카와구치","土佐上川口","とさかみかわぐち","Tosakamikawaguchi","","line-99814"
"station-9981410","우미노오무카이","海の王迎","うみのおうむかい","UminoōMukai","","line-99814"
"station-9981411","우키부치","浮鞭","うきぶち","Ukibuchi","","line-99814"
"station-9981412","토사이리노","土佐入野","とさいりの","Tosairino","","line-99814"
"station-9981413","니시오가타","西大方","にしおおがた","NishiōGata","","line-99814"
"station-9981414","코츠카","古津賀","こつか","Kotsuka","","line-99814"
"station-9981415","나카무라","中村","なかむら","Nakamura","","line-99814"
"station-9981502","구도","具同","ぐどう","Gudō","","line-99815"
"station-9981503","쿠니미","国見","くにみ","Kunimi","","line-99815"
"station-9981504","아리오카","有岡","ありおか","Arioka","","line-99815"
"station-9981505","코교단치","工業団地","こうぎょうだんち","KōGyōDanchi","","line-99815"
"station-9981506","히라타","平田","ひらた","Hirata","","line-99815"
"station-9981507","히가시스쿠모","東宿毛","ひがしすくも","Higashisukumo","","line-99815"
"station-9981508","스쿠모","宿毛","すくも","Sukumo","","line-99815"
"station-9981602","고멘마치","後免町","ごめんまち","Gomenmachi","","line-99816"
"station-9981603","타츠타","立田","たつた","Tatsuta","","line-99816"
"station-9981604","노이치","のいち","のいち","Noichi","","line-99816"
"station-9981605","요시카와","よしかわ","よしかわ","Yoshikawa","","line-99816"
"station-9981606","아카오카","あかおか","あかおか","Akaoka","","line-99816"
"station-9981607","카가미","香我美","かがみ","Kagami","","line-99816"
"station-9981608","야스","夜須","やす","Yasu","","line-99816"
"station-9981609","니시와","西分","にしわ","Nishiwa","","line-99816"
"station-9981610","와쇼쿠","和食","わしょく","Washoku","","line-99816"
"station-9981611","아카노","赤野","あかの","Akano","","line-99816"
"station-9981612","아나나이","穴内","あなない","Ananai","","line-99816"
"station-9981613","큐조마에","球場前","きゅうじょうまえ","KyūJōMae","","line-99816"
"station-9981614","아키","安芸","あき","Aki","","line-99816"
"station-9981615","이오키","伊尾木","いおき","Ioki","","line-99816"
"station-9981616","게잔","下山","げざん","Gezan","","line-99816"
"station-9981617","카라하마","唐浜","からはま","Karahama","","line-99816"
"station-9981618","야스다","安田","やすだ","Yasuda","","line-99816"
"station-9981619","덴야","田野","でんや","Den'Ya","","line-99816"
"station-9981620","나하리","奈半利","なはり","Nahari","","line-99816"
"station-9981621","아키소고뵤인마에","あき総合病院前","あきそうごうびょういんまえ","AkisōGōByōInmae","","line-99816"
"station-9981702","고멘아즈마마치","後免東町","ごめんあずままち","Gomenazumamachi","","line-99817"
"station-9981703","고멘나카마치","後免中町","ごめんなかまち","Gomennakamachi","","line-99817"
"station-9981704","고멘니시마치","後免西町","ごめんにしまち","Gomennishimachi","","line-99817"
"station-9981705","히가시코교마에","東工業前","ひがしこうぎょうまえ","HigashikōGyōMae","","line-99817"
"station-9981706","스미요시토오루","住吉通","すみよしとおる","SumiyoshitōRu","","line-99817"
"station-9981707","시노하라","篠原","しのはら","Shinohara","","line-99817"
"station-9981708","코고메도리","小篭通","こごめどおり","KogomedōRi","","line-99817"
"station-9981709","나가사키","長崎","ながさき","Nagasaki","","line-99817"
"station-9981710","묘켄쿄","明見橋","みょうけんきょう","MyōKenkyō","","line-99817"
"station-9981712","세이와가쿠엔마에","清和学園前","せいわがくえんまえ","Seiwagakuemmae","","line-99817"
"station-9981713","료세키도리","領石通","りょうせきどおり","RyōSekidōRi","","line-99817"
"station-9981714","키타우라","北浦","きたうら","Kitaura","","line-99817"
"station-9981715","후나토","舟戸","ふなと","Funato","","line-99817"
"station-9981716","카코","鹿児","かこ","Kako","","line-99817"
"station-9981717","타나베토도리","田辺島通","たなべとうどおり","TanabetōDōRi","","line-99817"
"station-9981718","히가시아라키","東新木","ひがしあらき","Higashiaraki","","line-99817"
"station-9981719","아라키","新木","あらき","Araki","","line-99817"
"station-9981720","케라도리","介良通","けらどおり","KeradōRi","","line-99817"
"station-9981721","몬주도리","文珠通","もんじゅどおり","MonjudōRi","","line-99817"
"station-9981722","타카스","高須","たかす","Takasu","","line-99817"
"station-9981723","켄리츠비주츠칸도리","県立美術館通","けんりつびじゅつかんどおり","KenritsubijutsukandōRi","","line-99817"
"station-9981724","니시타카스","西高須","にしたかす","Nishitakasu","","line-99817"
"station-9981725","카츠라시마하시히가시즈메","葛島橋東詰","かつらしまはしひがしづめ","Katsurashimahashihigashizume","","line-99817"
"station-9981726","초리마치산초메","知寄町三丁目","ちょりまちさんちょうめ","ChorimachisanchōMe","","line-99817"
"station-9981727","초리마치","知寄町","ちょりまち","Chorimachi","","line-99817"
"station-9981728","초리마치니초메","知寄町二丁目","ちょりまちにちょうめ","ChorimachinichōMe","","line-99817"
"station-9981729","초리마치이치초메","知寄町一丁目","ちょりまちいちちょうめ","ChorimachiichichōMe","","line-99817"
"station-9981730","호에이마치","宝永町","ほうえいまち","HōEimachi","","line-99817"
"station-9981731","사엔바마치","菜園場町","さえんばまち","Saembamachi","","line-99817"
"station-9981732","덴테츠터미널빌딩앞","デンテツターミナルビル前","でんてつたーみなるびるまえ","DentetsutāMinarubirumae","","line-99817"
"station-9981733","하리마야쿄","はりまや橋","はりまやきょう","Harimayakyō","","line-99817"
"station-9981802","호리즈메","堀詰","ほりづめ","Horizume","","line-99818"
"station-9981803","오하시도리","大橋通","おおはしどおり","ōHashidōRi","","line-99818"
"station-9981804","코치조마에","高知城前","こうちじょうまえ","KōChijōMae","","line-99818"
"station-9981805","켄초마에","県庁前","けんちょうまえ","KenchōMae","","line-99818"
"station-9981806","구란도도리","グランド通","ぐらんどどおり","GurandodōRi","","line-99818"
"station-9981807","마스가타","枡形","ますがた","Masugata","","line-99818"
"station-9981808","우에마치이치초메","上町一丁目","うえまちいちちょうめ","UemachiichichōMe","","line-99818"
"station-9981809","우에마치니초메","上町二丁目","うえまちにちょうめ","UemachinichōMe","","line-99818"
"station-9981810","우에마치욘초메","上町四丁目","うえまちよんちょうめ","UemachiyonchōMe","","line-99818"
"station-9981811","우에마치고초메","上町五丁目","うえまちごちょうめ","UemachigochōMe","","line-99818"
"station-9981812","아사히마치이치초메","旭町一丁目","あさひまちいちちょうめ","AsahimachiichichōMe","","line-99818"
"station-9981813","아사히에키마에도리","旭駅前通","あさひえきまえどおり","AsahiekimaedōRi","","line-99818"
"station-9981814","아사히마치산초메","旭町三丁目","あさひまちさんちょうめ","AsahimachisanchōMe","","line-99818"
"station-9981815","호타루쿄","蛍橋","ほたるきょう","Hotarukyō","","line-99818"
"station-9981816","카가미가와쿄","鏡川橋","かがみがわきょう","Kagamigawakyō","","line-99818"
"station-9981817","카모베","鴨部","かもべ","Kamobe","","line-99818"
"station-9981818","아케보노마치히가시마치","曙町東町","あけぼのまちひがしまち","Akebonomachihigashimachi","","line-99818"
"station-9981819","아케보노마치","曙町","あけぼのまち","Akebonomachi","","line-99818"
"station-9981820","아사쿠라","朝倉","あさくら","Asakura","","line-99818"
"station-9981822","아사쿠라진자마에","朝倉神社前","あさくらじんじゃまえ","Asakurajinjamae","","line-99818"
"station-9981823","미야노오쿠","宮の奥","みやのおく","Miyanooku","","line-99818"
"station-9981824","나이","咥内","咥ない","咥Nai","","line-99818"
"station-9981825","우지단치마에","宇治団地前","うじだんちまえ","Ujidanchimae","","line-99818"
"station-9981826","야시로토오루","八代通","やしろとおる","YashirotōRu","","line-99818"
"station-9981827","나카야마","中山","なかやま","Nakayama","","line-99818"
"station-9981829","이노쇼교마에","伊野商業前","いのしょうぎょうまえ","InoshōGyōMae","","line-99818"
"station-9981830","키타야마","北山","きたやま","Kitayama","","line-99818"
"station-9981831","나루타니","鳴谷","なるたに","Narutani","","line-99818"
"station-9981833","이노","伊野","いの","Ino","","line-99818"
"station-9981834","키타우치","北内","きたうち","Kitauchi","","line-99818"
"station-9981902","코치쿄","高知橋","こうちきょう","KōChikyō","","line-99819"
"station-9981903","하스이케마치도리","蓮池町通","はすいけまちどおり","HasuikemachidōRi","","line-99819"
"station-9981905","우메노츠지","梅の辻","うめのつじ","Umenotsuji","","line-99819"
"station-9981906","산바시도리이치초메","桟橋通一丁目","さんばしどおりいちちょうめ","SambashidōRiichichōMe","","line-99819"
"station-9981907","산바시도리니초메","桟橋通二丁目","さんばしどおりにちょうめ","SambashidōRinichōMe","","line-99819"
"station-9981908","산바시도리산초메","桟橋通三丁目","さんばしどおりさんちょうめ","SambashidōRisanchōMe","","line-99819"
"station-9981909","산바시도리욘초메","桟橋通四丁目","さんばしどおりよんちょうめ","SambashidōRiyonchōMe","","line-99819"
"station-9981910","산바시샤코마에","桟橋車庫前","さんばししゃこまえ","Sambashishakomae","","line-99819"
"station-9981911","산바시도리고초메","桟橋通五丁目","さんばしどおりごちょうめ","SambashidōRigochōMe","","line-99819"
"station-9990102","타테노","立野","たての","Tateno","","line-99901"
"station-9990104","오이타이","大板井","おおいたい","ōItai","","line-99901"
"station-9990105","마츠자키","松崎","まつざき","Matsuzaki","","line-99901"
"station-9990106","콘쿠마","今隈","こんくま","Konkuma","","line-99901"
"station-9990107","니시타치아라이","西太刀洗","にしたちあらい","Nishitachiarai","","line-99901"
"station-9990108","야마구마","山隈","やまぐま","Yamaguma","","line-99901"
"station-9990109","타치아라이","太刀洗","たちあらい","Tachiarai","","line-99901"
"station-9990110","타카다","高田","たかだ","Takada","","line-99901"
"station-9990202","미나미초쿠호고텐구치","南直方御殿口","みなみちょくほうごてんぐち","MinamichokuhōGotenguchi","","line-99902"
"station-9990203","아카지","あかぢ","あかぢ","Akaji","","line-99902"
"station-9990204","후지다나","藤棚","ふじだな","Fujidana","","line-99902"
"station-9990205","나카이즈미","中泉","なかいずみ","Nakaizumi","","line-99902"
"station-9990206","시조","市場","しじょう","Shijō","","line-99902"
"station-9990207","후레아이세이료쿠","ふれあい生力","ふれあいせいりょく","Fureaiseiryoku","","line-99902"
"station-9990208","아카이케","赤池","あかいけ","Akaike","","line-99902"
"station-9990209","히토미","人見","ひとみ","Hitomi","","line-99902"
"station-9990210","카네다","金田","かねだ","Kaneda","","line-99902"
"station-9990211","카미카나다","上金田","かみかなだ","Kamikanada","","line-99902"
"station-9990212","호시이","糒","ほしい","Hoshii","","line-99902"
"station-9990213","타가와시리츠뵤인","田川市立病院","たがわしりつびょういん","TagawashiritsubyōIn","","line-99902"
"station-9990214","시모이타","下伊田","しもいた","Shimoita","","line-99902"
"station-9990302","부젠오쿠마","豊前大熊","ぶぜんおおくま","Buzen'ōKuma","","line-99903"
"station-9990303","마쓰야마","松山","まつやま","Matsuyama","","line-99903"
"station-9990304","이토다","糸田","いとだ","Itoda","","line-99903"
"station-9990305","오야부","大藪","おおやぶ","ōYabu","","line-99903"
"station-9990402","카미이다","上伊田","かみいだ","Kamiida","","line-99904"
"station-9990403","마가리카네","勾金","まがりかね","Magarikane","","line-99904"
"station-9990404","카키시타온센구치","柿下温泉口","かきしたおんせんぐち","Kakishitaonsenguchi","","line-99904"
"station-9990405","우치다","内田","うちだ","Uchida","","line-99904"
"station-9990406","아카","赤","あか","Aka","","line-99904"
"station-9990407","유스바루","油須原","ゆすばる","Yusubaru","","line-99904"
"station-9990408","미나모토지이노모리","源じいの森","みなもとじいのもり","Minamotojiinomori","","line-99904"
"station-9990409","사키야마","崎山","さきやま","Sakiyama","","line-99904"
"station-9990410","사이가와","犀川","さいがわ","Saigawa","","line-99904"
"station-9990411","히가시사이가와산시로","東犀川三四郎","ひがしさいがわさんしろう","Higashisaigawasanshirō","","line-99904"
"station-9990412","신토요츠","新豊津","しんとよつ","Shintoyotsu","","line-99904"
"station-9990413","토요츠","豊津","とよつ","Toyotsu","","line-99904"
"station-9990414","이마가와캇파","今川河童","いまがわかっぱ","Imagawakappa","","line-99904"
"station-9990415","비요루코선","美夜古泉","びよるこせん","Biyorukosen","","line-99904"
"station-9990417","료와코스타유쿠하시","令和コスタ行橋","りょうわこすたゆくはし","RyōWakosutayukuhashi","","line-99904"
"station-9990501","후쿠오카 공항","福岡空港","ふくおかくうこう","FukuokakūKō","","line-99905"
"station-9990502","히가시히에","東比恵","ひがしひえ","Higashihie","","line-99905"
"station-9990504","기온","祇園","ぎおん","Gion","","line-99905"
"station-9990505","나카스카와바타","中洲川端","なかすかわばた","Nakasukawabata","","line-99905"
"station-9990506","텐진","天神","てんじん","Tenjin","","line-99905"
"station-9990507","아카사카","赤坂","あかさか","Akasaka","","line-99905"
"station-9990508","오호리코엔","大濠公園","おおほりこうえん","ōHorikōEn","","line-99905"
"station-9990509","토진마치","唐人町","とうじんまち","TōJinmachi","","line-99905"
"station-9990510","니시진","西新","にしじん","Nishijin","","line-99905"
"station-9990511","후지사키","藤崎","ふじさき","Fujisaki","","line-99905"
"station-9990512","무로미","室見","むろみ","Muromi","","line-99905"
"station-9990602","고후쿠마치","呉服町","ごふくまち","Gofukumachi","","line-99906"
"station-9990603","치요켄초구치","千代県庁口","ちよけんちょうぐち","ChiyokenchōGuchi","","line-99906"
"station-9990604","마이다시큐다이뵤인마에","馬出九大病院前","まいだしきゅうだいびょういんまえ","MaidashikyūDaibyōImmae","","line-99906"
"station-9990605","하코자키미야마에","箱崎宮前","はこざきみやまえ","Hakozakimiyamae","","line-99906"
"station-9990606","하코자키큐다이마에","箱崎九大前","はこざききゅうだいまえ","HakozakikyūDaimae","","line-99906"
"station-9990701","하시모토","橋本","はしもと","Hashimoto","","line-99907"
"station-9990702","지로마루","次郎丸","じろうまる","JirōMaru","","line-99907"
"station-9990703","카모","賀茂","かも","Kamo","","line-99907"
"station-9990704","노케","野芥","のけ","Noke","","line-99907"
"station-9990705","바이린","梅林","ばいりん","Bairin","","line-99907"
"station-9990706","후쿠오마에","福大前","ふくおおまえ","FukuōMae","","line-99907"
"station-9990707","나나쿠마","七隈","ななくま","Nanakuma","","line-99907"
"station-9990708","카나야마","金山","かなやま","Kanayama","","line-99907"
"station-9990709","차야마","茶山","ちゃやま","Chayama","","line-99907"
"station-9990710","벳푸","別府","べっぷ","Beppu","","line-99907"
"station-9990711","롯폰마츠","六本松","ろっぽんまつ","Roppommatsu","","line-99907"
"station-9990712","사쿠라자카","桜坂","さくらざか","Sakurazaka","","line-99907"
"station-9990713","야쿠인다이츠우","薬院大通","やくいんだいつう","Yakuindaitsū","","line-99907"
"station-9990715","와타나베토오루","渡辺通","わたなべとおる","WatanabetōRu","","line-99907"
"station-9990716","텐진미나미","天神南","てんじんみなみ","Tenjinminami","","line-99907"
"station-9990802","헤이와도리","平和通","へいわどおり","HeiwadōRi","","line-99908"
"station-9990803","단카","旦過","だんか","Danka","","line-99908"
"station-9990804","카와라구치미하기노","香春口三萩野","かわらぐちみはぎの","Kawaraguchimihagino","","line-99908"
"station-9990805","카타노","片野","かたの","Katano","","line-99908"
"station-9990806","시로노","城野","しろの","Shirono","","line-99908"
"station-9990807","홋포","北方","ほっぽう","Hoppō","","line-99908"
"station-9990808","케이바조마에","競馬場前","けいばじょうまえ","KeibajōMae","","line-99908"
"station-9990809","모리츠네","守恒","もりつね","Moritsune","","line-99908"
"station-9990810","토쿠리키코단다마에","徳力公団前","とくりきこうだんだまえ","TokurikikōDandamae","","line-99908"
"station-9990811","토쿠리키아라시야마구치","徳力嵐山口","とくりきあらしやまぐち","Tokurikiarashiyamaguchi","","line-99908"
"station-9990812","시이","志井","しい","Shii","","line-99908"
"station-9990813","키쿠가오카","企救丘","きくがおか","Kikugaoka","","line-99908"
"station-9990902","니시쿠로사키","西黒崎","にしくろさき","Nishikurosaki","","line-99909"
"station-9990903","쿠마니시","熊西","くまにし","Kumanishi","","line-99909"
"station-9990904","하기하라","萩原","はぎはら","Hagihara","","line-99909"
"station-9990905","아노","穴生","あのう","Anō","","line-99909"
"station-9990906","모리시타","森下","もりした","Morishita","","line-99909"
"station-9990907","이마이케","今池","いまいけ","Imaike","","line-99909"
"station-9990908","나가이누마루","永犬丸","ながいぬまる","Nagainumaru","","line-99909"
"station-9990909","산가모리","三ヶ森","さんがもり","Sangamori","","line-99909"
"station-9990910","니시야마","西山","にしやま","Nishiyama","","line-99909"
"station-9990911","토오리타니","通谷","とおりたに","TōRitani","","line-99909"
"station-9990912","히가시츄칸","東中間","ひがしちゅうかん","HigashichūKan","","line-99909"
"station-9990913","치쿠호츄칸","筑豊中間","ちくほうちゅうかん","ChikuhōChūKan","","line-99909"
"station-9990914","키보가오카코코마에","希望が丘高校前","きぼうがおかこうこうまえ","KibōGaokakōKōMae","","line-99909"
"station-9990915","치쿠호카츠키","筑豊香月","ちくほうかつき","ChikuhōKatsuki","","line-99909"
"station-9990916","쿠스바시","楠橋","くすばし","Kusubashi","","line-99909"
"station-9990917","신코야노세","新木屋瀬","しんこやのせ","Shinkoyanose","","line-99909"
"station-9990918","코야노세","木屋瀬","こやのせ","Koyanose","","line-99909"
"station-9990919","온가노","遠賀野","おんがの","Ongano","","line-99909"
"station-9990920","칸다","感田","かんだ","Kanda","","line-99909"
"station-9990921","치쿠호초쿠호","筑豊直方","ちくほうちょくほう","ChikuhōChokuhō","","line-99909"
"station-9991002","산다이쿄","三代橋","さんだいきょう","Sandaikyō","","line-99910"
"station-9991003","쿠로카와","黒川","くろかわ","Kurokawa","","line-99910"
"station-9991004","조슈쿠","蔵宿","ぞうしゅく","ZōShuku","","line-99910"
"station-9991005","니시아리타","西有田","にしありた","Nishiarita","","line-99910"
"station-9991006","타이보쿠","大木","たいぼく","Taiboku","","line-99910"
"station-9991007","산야","山谷","さんや","San'Ya","","line-99910"
"station-9991008","후우후세키","夫婦石","ふうふせき","FūFuseki","","line-99910"
"station-9991009","카나타케","金武","かなたけ","Kanatake","","line-99910"
"station-9991010","카와히가시","川東","かわひがし","Kawahigashi","","line-99910"
"station-9991102","히가시야마시로","東山代","ひがしやましろ","Higashiyamashiro","","line-99911"
"station-9991103","사토","里","さと","Sato","","line-99911"
"station-9991104","쿠스노키히사","楠久","くすのきひさ","Kusunokihisa","","line-99911"
"station-9991105","나이시","鳴石","ないし","Naishi","","line-99911"
"station-9991106","쿠하라","久原","くはら","Kuhara","","line-99911"
"station-9991107","하제","波瀬","はぜ","Haze","","line-99911"
"station-9991108","우라노사키","浦ノ崎","うらのさき","Uranosaki","","line-99911"
"station-9991109","후쿠시마구치","福島口","ふくしまぐち","Fukushimaguchi","","line-99911"
"station-9991110","이마후쿠","今福","いまふく","Imafuku","","line-99911"
"station-9991111","타카시마구치","鷹島口","たかしまぐち","Takashimaguchi","","line-99911"
"station-9991112","마에하마","前浜","まえはま","Maehama","","line-99911"
"station-9991113","츠키노카와","調川","つきのかわ","Tsukinokawa","","line-99911"
"station-9991114","마츠우라","松浦","まつうら","Matsuura","","line-99911"
"station-9991115","마츠우라하츠덴쇼마에","松浦発電所前","まつうらはつでんしょまえ","Matsuurahatsudenshomae","","line-99911"
"station-9991116","미쿠리야","御厨","みくりや","Mikuriya","","line-99911"
"station-9991117","니시키조","西木場","にしきじょう","Nishikijō","","line-99911"
"station-9991118","히가시다타이라","東田平","ひがしだたいら","Higashidataira","","line-99911"
"station-9991119","나카타타이라","中田平","なかたたいら","Nakatataira","","line-99911"
"station-9991120","타비라히라도구치","たびら平戸口","たびらひらどぐち","Tabirahiradoguchi","","line-99911"
"station-9991121","니시다타이라","西田平","にしだたいら","Nishidataira","","line-99911"
"station-9991122","스에타치바나","すえたちばな","すえたちばな","Suetachibana","","line-99911"
"station-9991123","에무카에카마치","江迎鹿町","えむかえかまち","Emukaekamachi","","line-99911"
"station-9991124","타카이와","高岩","たかいわ","Takaiwa","","line-99911"
"station-9991125","이노츠키","いのつき","いのつき","Inotsuki","","line-99911"
"station-9991126","센류가타키","潜竜ヶ滝","せんりゅうゖたき","SenryūKetaki","","line-99911"
"station-9991127","요시이","吉井","よしい","Yoshii","","line-99911"
"station-9991128","칸다","神田","かんだ","Kanda","","line-99911"
"station-9991129","신호코코마에","清峰高校前","しんほうこうこうまえ","ShinhōKōKōMae","","line-99911"
"station-9991130","사자","佐々","さざ","Saza","","line-99911"
"station-9991131","코라","小浦","こうら","Koura","","line-99911"
"station-9991132","마사루","真申","まさる","Masaru","","line-99911"
"station-9991133","타나가타","棚方","たながた","Tanagata","","line-99911"
"station-9991134","아이우라","相浦","あいうら","Aiura","","line-99911"
"station-9991135","다이가쿠","大学","だいがく","Daigaku","","line-99911"
"station-9991136","카미아이노라","上相浦","かみあいのうら","Kamiainoura","","line-99911"
"station-9991137","모토야마","本山","もとやま","Motoyama","","line-99911"
"station-9991138","나카사토","中里","なかさと","Nakasato","","line-99911"
"station-9991139","무나세","皆瀬","むなせ","Munase","","line-99911"
"station-9991140","노나카","野中","のなか","Nonaka","","line-99911"
"station-9991141","히다리이시","左石","ひだりいし","Hidariishi","","line-99911"
"station-9991142","센후쿠지","泉福寺","せんふくじ","Senfukuji","","line-99911"
"station-9991143","야마노타","山の田","やまのた","Yamanota","","line-99911"
"station-9991144","키타사세보","北佐世保","きたさせぼ","Kitasasebo","","line-99911"
"station-9991145","나카사세보","中佐世保","なかさせぼ","Nakasasebo","","line-99911"
"station-9991146","사세보츄오","佐世保中央","させぼちゅうおう","Sasebochūō","","line-99911"
"station-9991202","혼이사하야","本諫早","ほん諫はや","Hon諫Haya","","line-99912"
"station-9991203","코","幸","こう","Kō","","line-99912"
"station-9991204","오노","小野","おの","Ono","","line-99912"
"station-9991205","칸타쿠노사토","干拓の里","かんたくのさと","Kantakunosato","","line-99912"
"station-9991206","모리야마","森山","もりやま","Moriyama","","line-99912"
"station-9991207","카마노하나","釜ノ鼻","かまのはな","Kamanohana","","line-99912"
"station-9991208","이사하야히가시코코","諫早東高校","諫はやひがしこうこう","諫HayahigashikōKō","","line-99912"
"station-9991209","아이노","愛野","あいの","Aino","","line-99912"
"station-9991210","오모네하하사키","阿母崎","おもねははさき","Omonehahasaki","","line-99912"
"station-9991211","아즈마","吾妻","あづま","Azuma","","line-99912"
"station-9991212","코베","古部","こべ","Kobe","","line-99912"
"station-9991213","타이쇼","大正","たいしょう","Taishō","","line-99912"
"station-9991214","사이고","西郷","さいごう","Saigō","","line-99912"
"station-9991215","카미요","神代","かみよ","Kamiyo","","line-99912"
"station-9991216","타이라","多比良","たいら","Taira","","line-99912"
"station-9991217","아리아케유에","有明湯江","ありあけゆえ","Ariakeyue","","line-99912"
"station-9991218","오미사키","大三東","おおみさき","ōMisaki","","line-99912"
"station-9991219","마츠오","松尾","まつお","Matsuo","","line-99912"
"station-9991220","산카이","三会","さんかい","Sankai","","line-99912"
"station-9991221","시마바라","島原","しまばら","Shimabara","","line-99912"
"station-9991222","레이오카코엔타이이쿠칸","霊丘公園体育館","れいおかこうえんたいいくかん","ReiokakōEntaiikukan","","line-99912"
"station-9991223","시마바라후나츠","島原船津","しまばらふなつ","Shimabarafunatsu","","line-99912"
"station-9991224","시마바라코","島原港","しまばらこう","Shimabarakō","","line-99912"
"station-9991301","아카사코","赤迫","あかさこ","Akasako","","line-99913"
"station-9991302","스미요시","住吉","すみよし","Sumiyoshi","","line-99913"
"station-9991304","치토세마치","千歳町","ちとせまち","Chitosemachi","","line-99913"
"station-9991305","와카바마치","若葉町","わかばまち","Wakabamachi","","line-99913"
"station-9991306","나가사키다이가쿠","長崎大学","ながさきだいがく","Nagasakidaigaku","","line-99913"
"station-9991307","이와야쿄","岩屋橋","いわやきょう","Iwayakyō","","line-99913"
"station-9991308","우라카미샤코","浦上車庫","うらかみしゃこ","Urakamishako","","line-99913"
"station-9991309","오하시","大橋","おおはし","ōHashi","","line-99913"
"station-9991310","헤이와코엔","平和公園","へいわこうえん","HeiwakōEn","","line-99913"
"station-9991311","겐바쿠시료칸","原爆資料館","げんばくしりょうかん","GembakushiryōKan","","line-99913"
"station-9991312","다이가쿠뵤인","大学病院","だいがくびょういん","DaigakubyōIn","","line-99913"
"station-9991314","모리마치","茂里町","もりまち","Morimachi","","line-99913"
"station-9991315","젠자마치","銭座町","ぜんざまち","Zenzamachi","","line-99913"
"station-9991316","타카라마치","宝町","たからまち","Takaramachi","","line-99913"
"station-9991317","야치요마치","八千代町","やちよまち","Yachiyomachi","","line-99913"
"station-9991319","고시마마치","五島町","ごしままち","Goshimamachi","","line-99913"
"station-9991320","오하토","大波止","おおはと","ōHato","","line-99913"
"station-9991321","데지마","出島","でじま","Dejima","","line-99913"
"station-9991322","신치츄카가이","新地中華街","しんちちゅうかがい","ShinchichūKagai","","line-99913"
"station-9991323","니시노하마마치","西浜町","にしのはままち","Nishinohamamachi","","line-99913"
"station-9991324","칸코도리","観光通","かんこうどおり","KankōDōRi","","line-99913"
"station-9991325","시안쿄","思案橋","しあんきょう","Shiankyō","","line-99913"
"station-9991326","타카시후쿠테라","崇福寺","たかしふくてら","Takashifukutera","","line-99913"
"station-9991401","호타루차야","蛍茶屋","ほたるちゃや","Hotaruchaya","","line-99914"
"station-9991402","신나카가와마치","新中川町","しんなかがわまち","Shinnakagawamachi","","line-99914"
"station-9991403","신다이쿠마치","新大工町","しんだいくまち","Shindaikumachi","","line-99914"
"station-9991404","스와진자","諏訪神社","すわじんじゃ","Suwajinja","","line-99914"
"station-9991405","시민카이칸","市民会館","しみんかいかん","Shiminkaikan","","line-99914"
"station-9991406","사쿠라마치","桜町","さくらまち","Sakuramachi","","line-99914"
"station-9991506","메가네쿄","めがね橋","めがねきょう","Meganekyō","","line-99915"
"station-9991511","하마초아케도","浜町アーケード","はまちょうあーけーど","HamachōāKēDo","","line-99915"
"station-9991609","메디카루센터","メディカルセンター","めでぃかるせんたー","Medikarusentā","","line-99916"
"station-9991610","오라카이간도리","大浦海岸通","おおうらかいがんどおり","ōUrakaigandōRi","","line-99916"
"station-9991611","오라텐슈도","大浦天主堂","おおうらてんしゅどう","ōUratenshudō","","line-99916"
"station-9991612","이시바시","石橋","いしばし","Ishibashi","","line-99916"
"station-9991613","하마초아케도","浜町アーケード","はまちょうあーけーど","HamachōāKēDo","","line-99916"
"station-9991701","히지사키구우마에","藤崎宮前","ひじさきぐうまえ","HijisakigūMae","","line-99917"
"station-9991702","쿠로카미마치","黒髪町","くろかみまち","Kurokamimachi","","line-99917"
"station-9991703","키타쿠마모토","北熊本","きたくまもと","Kitakumamoto","","line-99917"
"station-9991704","카메이","亀井","かめい","Kamei","","line-99917"
"station-9991705","하케노미야","八景水谷","はけのみや","Hakenomiya","","line-99917"
"station-9991706","호리카와","堀川","ほりかわ","Horikawa","","line-99917"
"station-9991707","신스야","新須屋","しんすや","Shinsuya","","line-99917"
"station-9991708","스야","須屋","すや","Suya","","line-99917"
"station-9991709","미츠이시","三ツ石","みついし","Mitsuishi","","line-99917"
"station-9991710","쿠로이시","黒石","くろいし","Kuroishi","","line-99917"
"station-9991711","쿠마모토코센마에","熊本高専前","くまもとこうせんまえ","KumamotokōSenmae","","line-99917"
"station-9991712","사이슌소마에","再春荘前","さいしゅんそうまえ","SaishunsōMae","","line-99917"
"station-9991713","미요시","御代志","みよし","Miyoshi","","line-99917"
"station-9991802","가라가라자카","韓々坂","からからざか","Karakarazaka","","line-99918"
"station-9991803","이케다","池田","いけだ","Ikeda","","line-99918"
"station-9991804","우치고시","打越","うちごし","Uchigoshi","","line-99918"
"station-9991805","츠보이가와코엔","坪井川公園","つぼいがわこうえん","TsuboigawakōEn","","line-99918"
"station-9991902","초요","長陽","ちょうよう","ChōYō","","line-99919"
"station-9991903","카세이","加勢","かせい","Kasei","","line-99919"
"station-9991904","아소시모다시로후레아이온선","阿蘇下田城ふれあい温泉","あそしもだしろふれあいおんせん","Asoshimodashirofureaionsen","","line-99919"
"station-9991905","미나미아소스이노마레루사토시로미즈코겐","南阿蘇水の生まれる里白水高原","みなみあそすいのうまれるさとしろみずこうげん","MinamiasosuinoumarerusatoshiromizukōGen","","line-99919"
"station-9991906","나카마츠","中松","なかまつ","Nakamatsu","","line-99919"
"station-9991907","아소시라카와","阿蘇白川","あそしらかわ","Asoshirakawa","","line-99919"
"station-9991908","미하라시다이","見晴台","みはらしだい","Miharashidai","","line-99919"
"station-9991909","타카모리","高森","たかもり","Takamori","","line-99919"
"station-9991910","미나미아소시라카와스이겐","南阿蘇白川水源","みなみあそしらかわすいげん","Minamiasoshirakawasuigen","","line-99919"
"station-9992002","사가라한간조지","相良藩願成寺","さがらはんがんじょうじ","SagarahanganjōJi","","line-99920"
"station-9992003","카와무라","川村","かわむら","Kawamura","","line-99920"
"station-9992004","히고니시노무라","肥後西村","ひごにしのむら","Higonishinomura","","line-99920"
"station-9992005","이치부","一武","いちぶ","Ichibu","","line-99920"
"station-9992006","키노에","木上","きのえ","Kinoe","","line-99920"
"station-9992007","오카도메코후쿠","おかどめ幸福","おかどめこうふく","OkadomekōFuku","","line-99920"
"station-9992008","아사기리","あさぎり","あさぎり","Asagiri","","line-99920"
"station-9992009","히가시멘다","東免田","ひがしめんだ","Higashimenda","","line-99920"
"station-9992010","코리츠뵤인마에","公立病院前","こうりつびょういんまえ","KōRitsubyōInmae","","line-99920"
"station-9992011","타라기","多良木","たらぎ","Taragi","","line-99920"
"station-9992012","히가시타라키","東多良木","ひがしたらき","Higashitaraki","","line-99920"
"station-9992013","신츠루바","新鶴羽","しんつるば","Shintsuruba","","line-99920"
"station-9992014","유노마에","湯前","ゆのまえ","Yunomae","","line-99920"
"station-9992102","히고타카다","肥後高田","ひごたかだ","Higotakada","","line-99921"
"station-9992103","니치히사온선","日奈久温泉","にち奈ひさおんせん","Nichi奈Hisaonsen","","line-99921"
"station-9992104","히고후타미","肥後二見","ひごふたみ","Higofutami","","line-99921"
"station-9992105","우에다우라","上田浦","うえだうら","Uedaura","","line-99921"
"station-9992106","타노라오타치노미사키코엔","たのうら御立岬公園","たのうらおたちのみさきこうえん","TanōRaotachinomisakikōEn","","line-99921"
"station-9992107","히고타노라","肥後田浦","ひごたのうら","Higotanoura","","line-99921"
"station-9992108","우미노라","海浦","うみのうら","Uminoura","","line-99921"
"station-9992109","사시키","佐敷","さしき","Sashiki","","line-99921"
"station-9992110","유노라","湯浦","ゆのうら","Yunoura","","line-99921"
"station-9992111","츠나기","津奈木","つなぎ","Tsunagi","","line-99921"
"station-9992112","신미나마타","新水俣","しんみなまた","Shinminamata","","line-99921"
"station-9992113","미나마타","水俣","みなまた","Minamata","","line-99921"
"station-9992114","후쿠로","袋","ふくろ","Fukuro","","line-99921"
"station-9992115","코메노츠","米ノ津","こめのつ","Komenotsu","","line-99921"
"station-9992116","슛스이","出水","しゅっすい","Shussui","","line-99921"
"station-9992117","니시이즈미","西出水","にしいずみ","Nishiizumi","","line-99921"
"station-9992118","타카오노","高尾野","たかおの","Takaono","","line-99921"
"station-9992119","노다고","野田郷","のだごう","Nodagō","","line-99921"
"station-9992120","오리구치","折口","おりぐち","Origuchi","","line-99921"
"station-9992121","아쿠네","阿久根","あくね","Akune","","line-99921"
"station-9992122","우시노하마","牛ノ浜","うしのはま","Ushinohama","","line-99921"
"station-9992123","사츠마오카와","薩摩大川","さつまおおかわ","SatsumaōKawa","","line-99921"
"station-9992124","세이호","西方","せいほう","Seihō","","line-99921"
"station-9992125","사츠마타키","薩摩高城","さつまたき","Satsumataki","","line-99921"
"station-9992126","쿠사미치","草道","くさみち","Kusamichi","","line-99921"
"station-9992127","카미센다이","上川内","かみせんだい","Kamisendai","","line-99921"
"station-9992201","타사키쿄","田崎橋","たさききょう","Tasakikyō","","line-99922"
"station-9992202","니혼키구치","二本木口","にほんきぐち","Nihonkiguchi","","line-99922"
"station-9992204","기온쿄","祇園橋","ぎおんきょう","Gionkyō","","line-99922"
"station-9992205","고후쿠마치","呉服町","ごふくまち","Gofukumachi","","line-99922"
"station-9992206","카와라마치","河原町","かわらまち","Kawaramachi","","line-99922"
"station-9992207","케이토쿠코마에","慶徳校前","けいとくこうまえ","KeitokukōMae","","line-99922"
"station-9992208","카라시마마치","辛島町","からしままち","Karashimamachi","","line-99922"
"station-9992209","하나하타마치","花畑町","はなはたまち","Hanahatamachi","","line-99922"
"station-9992210","쿠마모토죠·시야쿠쇼마에","熊本城・市役所前","くまもとじょう・しやくしょまえ","Kumamotojō･Shiyakushomae","","line-99922"
"station-9992211","츠우마치스지","通町筋","つうまちすじ","TsūMachisuji","","line-99922"
"station-9992212","스이도마치","水道町","すいどうまち","SuidōMachi","","line-99922"
"station-9992213","쿠혼지코사텐","九品寺交差点","くほんじこうさてん","KuhonjikōSaten","","line-99922"
"station-9992214","코츠우쿄쿠마에","交通局前","こうつうきょくまえ","KōTsūKyokumae","","line-99922"
"station-9992215","미소텐진마에","味噌天神前","みそてんじんまえ","Misotenjimmae","","line-99922"
"station-9992217","코쿠후","国府","こくふ","Kokufu","","line-99922"
"station-9992218","스이젠지코엔","水前寺公園","すいぜんじこうえん","SuizenjikōEn","","line-99922"
"station-9992219","시리츠타이이쿠칸마에","市立体育館前","しりつたいいくかんまえ","Shiritsutaiikukammae","","line-99922"
"station-9992220","쇼교코코마에","商業高校前","しょうぎょうこうこうまえ","ShōGyōKōKōMae","","line-99922"
"station-9992221","핫초바바","八丁馬場","はっちょうばば","HatchōBaba","","line-99922"
"station-9992222","진즈이코사텐","神水交差点","じんずいこうさてん","JinzuikōSaten","","line-99922"
"station-9992223","켄군코마에","健軍校前","けんぐんこうまえ","KengunkōMae","","line-99922"
"station-9992224","도쇼쿠부츠엔이리구치","動植物園入口","どうしょくぶつえんいりぐち","DōShokubutsueniriguchi","","line-99922"
"station-9992225","켄군코반마에","健軍交番前","けんぐんこうばんまえ","KengunkōBanmae","","line-99922"
"station-9992226","켄군마치","健軍町","けんぐんまち","Kengunmachi","","line-99922"
"station-9992302","켄리츠타이이쿠칸마에","県立体育館前","けんりつたいいくかんまえ","Kenritsutaiikukammae","","line-99923"
"station-9992303","혼묘지이리구치","本妙寺入口","ほんみょうじいりぐち","HommyōJiiriguchi","","line-99923"
"station-9992304","스기도모","杉塘","すぎども","Sugidomo","","line-99923"
"station-9992305","단산마치","段山町","だんさんまち","Dansanmachi","","line-99923"
"station-9992306","우루산마치","蔚山町","うるさんまち","Urusanmachi","","line-99923"
"station-9992307","신마치","新町","しんまち","Shimmachi","","line-99923"
"station-9992308","세바쿄","洗馬橋","せばきょう","Sebakyō","","line-99923"
"station-9992309","니시카라시마마치","西辛島町","にしからしままち","Nishikarashimamachi","","line-99923"
"station-9992502","사쿠라지마산바시도리","桜島桟橋通","さくらじまさんばしどおり","SakurajimasambashidōRi","","line-99925"
"station-9992503","스이조쿠칸구치","水族館口","すいぞくかんぐち","Suizokukanguchi","","line-99925"
"station-9992504","시야쿠쇼마에","市役所前","しやくしょまえ","Shiyakushomae","","line-99925"
"station-9992505","아사히도리","朝日通","あさひどおり","AsahidōRi","","line-99925"
"station-9992506","이즈로도리","いづろ通","いづろどおり","IzurodōRi","","line-99925"
"station-9992507","텐몬칸도리","天文館通","てんもんかんどおり","TemmonkandōRi","","line-99925"
"station-9992508","타카미바바","高見馬場","たかみばば","Takamibaba","","line-99925"
"station-9992509","코토츄갓코마에","甲東中学校前","かぶとひがしちゅうがっこうまえ","KabutohigashichūGakkōMae","","line-99925"
"station-9992510","신야시키","新屋敷","しんやしき","Shin'Yashiki","","line-99925"
"station-9992511","타케유키쿄","武之橋","たけゆききょう","Takeyukikyō","","line-99925"
"station-9992512","니츄도리","二中通","にちゅうどおり","NichūDōRi","","line-99925"
"station-9992513","아레타야하타","荒田八幡","あれたやはた","Aretayahata","","line-99925"
"station-9992514","키샤조","騎射場","きしゃじょう","Kishajō","","line-99925"
"station-9992515","카모이케","鴨池","かもいけ","Kamoike","","line-99925"
"station-9992516","코오리모토","郡元","こおりもと","KōRimoto","","line-99925"
"station-9992517","나미다쿄","涙橋","なみだきょう","Namidakyō","","line-99925"
"station-9992519","니켄차야","二軒茶屋","にけんちゃや","Nikenchaya","","line-99925"
"station-9992520","우슈쿠이치초메","宇宿一丁目","うしゅくいちちょうめ","UshukuichichōMe","","line-99925"
"station-9992522","사사누키","笹貫","ささぬき","Sasanuki","","line-99925"
"station-9992523","카미시오야","上塩屋","かみしおや","Kamishioya","","line-99925"
"station-9992524","타니야마","谷山","たにやま","Taniyama","","line-99925"
"station-9992525","코오리모토미나미","郡元南","こおりもとみなみ","KōRimotominami","","line-99925"
"station-9992609","카지야마치","加治屋町","かじやまち","Kajiyamachi","","line-99926"
"station-9992610","코켄쿄","高見橋","こうけんきょう","KōKenkyō","","line-99926"
"station-9992612","미야코도리","都通","みやこどおり","MiyakodōRi","","line-99926"
"station-9992613","나카스토오루","中洲通","なかすとおる","NakasutōRu","","line-99926"
"station-9992614","시립병원앞","市立病院前","しりつびょういんまえ","ShiritsubyōInmae","","line-99926"
"station-9992615","칸다코츠우쿄쿠마에","神田（交通局前）","かんだ（こうつうきょくまえ）","Kanda(KōTsūKyokumae)","","line-99926"
"station-9992616","토소","唐湊","とそ","Toso","","line-99926"
"station-9992617","코가쿠부마에","工学部前","こうがくぶまえ","KōGakubumae","","line-99926"
"station-9992619","나카군","中郡","なかぐん","Nakagun","","line-99926"
"station-9992701","나하 공항","那覇空港","なはくうこう","NahakūKō","","line-99927"
"station-9992702","아카미네","赤嶺","あかみね","Akamine","","line-99927"
"station-9992703","오로쿠","小禄","おろく","Oroku","","line-99927"
"station-9992704","오노야마코엔","奥武山公園","おうのやまこうえん","ōNoyamakōEn","","line-99927"
"station-9992705","츠보가와","壺川","つぼがわ","Tsubogawa","","line-99927"
"station-9992706","아사히바시","旭橋","あさひばし","Asahibashi","","line-99927"
"station-9992707","켄초마에","県庁前","けんちょうまえ","KenchōMae","","line-99927"
"station-9992708","비에이쿄","美栄橋","びえいきょう","Bieikyō","","line-99927"
"station-9992709","마키시","牧志","まきし","Makishi","","line-99927"
"station-9992710","아사토","安里","あさと","Asato","","line-99927"
"station-9992711","오모로마치","おもろまち","おもろまち","Omoromachi","","line-99927"
"station-9992712","코지마","古島","こじま","Kojima","","line-99927"
"station-9992713","시립병원앞","市立病院前","しりつびょういんまえ","ShiritsubyōInmae","","line-99927"
"station-9992714","기호","儀保","ぎほ","Giho","","line-99927"
"station-9992715","쿠비사토","首里","くびさと","Kubisato","","line-99927"
"station-9992716","이시미네","石嶺","いしみね","Ishimine","","line-99927"
"station-9992717","쿄즈카","経塚","きょうづか","KyōZuka","","line-99927"
"station-9992718","우라소에마에다","浦添前田","うらそえまえだ","Urasoemaeda","","line-99927"
"station-9992719","테다코라니시","てだこ浦西","てだこうらにし","Tedakouranishi","","line-99927"
"station-9992802","이데미츠비주츠칸","出光美術館","いでみつびじゅつかん","Idemitsubijutsukan","","line-99928"
"station-9992803","노훠쿠히로바","ノーフォーク広場","のーふぉーくひろば","NōFōKuhiroba","","line-99928"
"station-9992804","칸몬카이쿄메카리","関門海峡めかり","かんもんかいきょうめかり","KammonkaikyōMekari","","line-99928"
"station-mlit-000783","아키타","秋田","あきた","Akita","","shinkansen-akita"
"station-mlit-000792","모리오카","盛岡","もりおか","Morioka","","shinkansen-akita"
"station-mlit-000795","타자와코","田沢湖","たざわこ","Tazawako","","shinkansen-akita"
"station-mlit-000798","시즈쿠이시","雫石","しずくいし","Shizukuishi","","shinkansen-akita"
"station-mlit-000833","카쿠노다테","角館","かくのだて","Kakunodate","","shinkansen-akita"
"station-mlit-000854","오마가리","大曲","おおまがり","ōMagari","","shinkansen-akita"
"station-mlit-000429","신하코다테호쿠토","新函館北斗","しんはこだてほくと","Shinhakodatehokuto","","shinkansen-hokkaido"
"station-mlit-000477","키코나이","木古内","きこない","Kikonai","","shinkansen-hokkaido"
"station-mlit-000491","오쿠쓰가루이마베쓰","奥津軽いまべつ","おくつがるいまべつ","Oku-tsugaru-imabetsu","","shinkansen-hokkaido"
"station-mlit-000531","신아오모리","新青森","しんあおもり","Shinaomori","","shinkansen-hokkaido"
"station-mlit-001643","조에츠묘다카","上越妙高","じょうえつみょうだか","JōEtsumyōDaka","","shinkansen-hokuriku"
"station-mlit-001666","이토이가와","糸魚川","いといがわ","Itoigawa","","shinkansen-hokuriku"
"station-mlit-001742","구로베우나즈키온선","黒部宇奈月温泉","くろべうなづきおんせん","Kurobe-unazukionsen","","shinkansen-hokuriku"
"station-mlit-001769","이이야마","飯山","いいやま","īYama","","shinkansen-hokuriku"
"station-mlit-001886","신타카오카","新高岡","しんたかおか","Shintakaoka","","shinkansen-hokuriku"
"station-mlit-001925","토야마","富山","とやま","Toyama","","shinkansen-hokuriku"
"station-mlit-002031","나가노","長野","ながの","Nagano","","shinkansen-hokuriku"
"station-mlit-002093","카나자와","金沢","かなざわ","Kanazawa","","shinkansen-hokuriku"
"station-mlit-002267","코마츠","小松","こまつ","Komatsu","","shinkansen-hokuriku"
"station-mlit-002275","우에다","上田","うえだ","Ueda","","shinkansen-hokuriku"
"station-mlit-002328","안나카하루나","安中榛名","あんなかはるな","Annaka-haruna","","shinkansen-hokuriku"
"station-mlit-002361","카루이자와","軽井沢","かるいざわ","Karuizawa","","shinkansen-hokuriku"
"station-mlit-002392","카가온선","加賀温泉","かがおんせん","Kagaonsen","","shinkansen-hokuriku"
"station-mlit-002451","사큐헤이","佐久平","さきゅうへい","SakyūHei","","shinkansen-hokuriku"
"station-mlit-002525","혼조와세다","本庄早稲田","ほんじょうわせだ","Honjo-waseda","","shinkansen-hokuriku"
"station-mlit-002529","아와라온선","芦原温泉","あわらおんせん","Awaraonsen","","shinkansen-hokuriku"
"station-mlit-002688","후쿠이","福井","ふくい","Fukui","","shinkansen-hokuriku"
"station-mlit-010180","에치젠타케후","越前たけふ","えちぜんたけふ","Echizen-takefu","","shinkansen-hokuriku"
"station-mlit-010186","츠루가","敦賀","つるが","Tsuruga","","shinkansen-hokuriku"
"station-mlit-001296","니이가타","新潟","にいがた","NīGata","","shinkansen-joetsu"
"station-mlit-001406","츠바메산조","燕三条","つばめさんじょう","Tsubamesanjō","","shinkansen-joetsu"
"station-mlit-001489","나가오카","長岡","ながおか","Nagaoka","","shinkansen-joetsu"
"station-mlit-001603","우라사","浦佐","うらさ","Urasa","","shinkansen-joetsu"
"station-mlit-001717","에치고유자와","越後湯沢","えちごゆざわ","Echigoyuzawa","","shinkansen-joetsu"
"station-mlit-001952","조모코겐","上毛高原","じょうもうこうげん","Jomo-kogen","","shinkansen-joetsu"
"station-mlit-009033","하카타","博多","はかた","Hakata","","shinkansen-kyushu"
"station-mlit-009331","신토스","新鳥栖","しんとす","Shintosu","","shinkansen-kyushu"
"station-mlit-009383","쿠루요네","久留米","くるよね","Kuruyone","","shinkansen-kyushu"
"station-mlit-009546","치쿠고후나고야","筑後船小屋","ちくごふなごや","Chikugofunagoya","","shinkansen-kyushu"
"station-mlit-009591","신오무타","新大牟田","しんおおむた","Shin-omuta","","shinkansen-kyushu"
"station-mlit-009638","신타마나","新玉名","しんたまな","Shin-tamana","","shinkansen-kyushu"
"station-mlit-009785","쿠마모토","熊本","くまもと","Kumamoto","","shinkansen-kyushu"
"station-mlit-009869","신하치다이","新八代","しんはちだい","Shinhachidai","","shinkansen-kyushu"
"station-mlit-009918","신미나마타","新水俣","しんみなまた","Shinminamata","","shinkansen-kyushu"
"station-mlit-009929","슛스이","出水","しゅっすい","Shussui","","shinkansen-kyushu"
"station-mlit-009984","카와우치","川内","かわうち","Kawauchi","","shinkansen-kyushu"
"station-mlit-010047","카고시마츄오","鹿児島中央","かごしまちゅうおう","Kagoshimachūō","","shinkansen-kyushu"
"station-mlit-009518","타케오온선","武雄温泉","たけおおんせん","Takeoonsen","","shinkansen-nishi-kyushu"
"station-mlit-009578","우레시노온선","嬉野温泉","うれしのおんせん","Ureshino-onsen","","shinkansen-nishi-kyushu"
"station-mlit-009648","신오무라","新大村","しんおおむら","Shin-omura","","shinkansen-nishi-kyushu"
"station-mlit-009695","이사하야","諫早","諫はや","諫Haya","","shinkansen-nishi-kyushu"
"station-mlit-009822","나가사키","長崎","ながさき","Nagasaki","","shinkansen-nishi-kyushu"
"station-mlit-006509","히메지","姫路","ひめじ","Himeji","","shinkansen-sanyo"
"station-mlit-006554","아이오이","相生","あいおい","Aioi","","shinkansen-sanyo"
"station-mlit-006911","신오사카","新大阪","しんおおさか","Shin'ōSaka","","shinkansen-sanyo"
"station-mlit-007054","신코베","新神戸","しんこうべ","ShinkōBe","","shinkansen-sanyo"
"station-mlit-007307","니시아카시","西明石","にしあかし","Nishiakashi","","shinkansen-sanyo"
"station-mlit-007310","오카야마","岡山","おかやま","Okayama","","shinkansen-sanyo"
"station-mlit-007697","니이쿠라시키","新倉敷","にいくらしき","NīKurashiki","","shinkansen-sanyo"
"station-mlit-007862","후쿠야마","福山","ふくやま","Fukuyama","","shinkansen-sanyo"
"station-mlit-007969","신오노미치","新尾道","しんおのみち","Shin-onomichi","","shinkansen-sanyo"
"station-mlit-008019","미하라","三原","みはら","Mihara","","shinkansen-sanyo"
"station-mlit-008029","히로시마","広島","ひろしま","Hiroshima","","shinkansen-sanyo"
"station-mlit-008080","히가시히로시마","東広島","ひがしひろしま","Higashi-hiroshima","","shinkansen-sanyo"
"station-mlit-008430","신이와쿠니","新岩国","しんいわくに","Shin-iwakuni","","shinkansen-sanyo"
"station-mlit-008476","신야마구치","新山口","しんやまぐち","Shinyamaguchi","","shinkansen-sanyo"
"station-mlit-008524","아사","厚狭","あさ","Asa","","shinkansen-sanyo"
"station-mlit-008529","토쿠야마","徳山","とくやま","Tokuyama","","shinkansen-sanyo"
"station-mlit-008577","신시모노세키","新下関","しんしものせき","Shinshimonoseki","","shinkansen-sanyo"
"station-mlit-008684","오구라","小倉","おぐら","Ogura","","shinkansen-sanyo"
"station-mlit-000561","시치노헤토와다","七戸十和田","しちのへとわだ","Shichinohe-towada","","shinkansen-tohoku"
"station-mlit-000626","하치노헤","八戸","はちのへ","Hachinohe","","shinkansen-tohoku"
"station-mlit-000668","니코","二戸","にこ","Niko","","shinkansen-tohoku"
"station-mlit-000733","이와테누마미야우치","いわて沼宮内","いわてぬまみやうち","Yuwatenumamiyauchi","","shinkansen-tohoku"
"station-mlit-000863","신하나마키","新花巻","しんはなまき","Shinhanamaki","","shinkansen-tohoku"
"station-mlit-000912","호쿠조","北上","ほくじょう","Hokujō","","shinkansen-tohoku"
"station-mlit-000942","미즈사와에사시","水沢江刺","みずさわえさし","Mizusawa-esashi","","shinkansen-tohoku"
"station-mlit-000975","이치노세키","一ノ関","いちのせき","Ichinoseki","","shinkansen-tohoku"
"station-mlit-001011","구리코마코겐","くりこま高原","くりこまこうげん","Kurikoma-kogen","","shinkansen-tohoku"
"station-mlit-001052","후루카와","古川","ふるかわ","Furukawa","","shinkansen-tohoku"
"station-mlit-001177","센다이","仙台","せんだい","Sendai","","shinkansen-tohoku"
"station-mlit-001272","시로이시자오","白石蔵王","しろいしざおう","Shiroishi-zao","","shinkansen-tohoku"
"station-mlit-001373","후쿠시마","福島","ふくしま","Fukushima","","shinkansen-tohoku"
"station-mlit-001507","코오리야마","郡山","こおりやま","Kooriyama","","shinkansen-tohoku"
"station-mlit-001629","신시라카와","新白河","しんしらかわ","Shinshirakawa","","shinkansen-tohoku"
"station-mlit-005065","기후하시마","岐阜羽島","ぎふはしま","Gifu-hashima","","shinkansen-tokaido"
"station-mlit-005075","마이바라","米原","まいばら","Maibara","","shinkansen-tokaido"
"station-mlit-005451","나고야","名古屋","なごや","Nagoya","","shinkansen-tokaido"
"station-mlit-005554","신후지","新富士","しんふじ","Shinfuji","","shinkansen-tokaido"
"station-mlit-005601","미시마","三島","みしま","Mishima","","shinkansen-tokaido"
"station-mlit-006079","교토","京都","きょうと","KyōTo","","shinkansen-tokaido"
"station-mlit-006128","시즈오카","静岡","しずおか","Shizuoka","","shinkansen-tokaido"
"station-mlit-006133","미카와안조","三河安城","みかわあんじょう","Mikawaanjō","","shinkansen-tokaido"
"station-mlit-006746","카케가와","掛川","かけがわ","Kakegawa","","shinkansen-tokaido"
"station-mlit-006786","토요하시","豊橋","とよはし","Toyohashi","","shinkansen-tokaido"
"station-mlit-007059","하마마츠","浜松","はままつ","Hamamatsu","","shinkansen-tokaido"
"station-mlit-001004","신조","新庄","しんじょう","Shinjō","","shinkansen-yamagata"
"station-mlit-001047","오이시다","大石田","おおいしだ","ōIshida","","shinkansen-yamagata"
"station-mlit-001072","무라야마","村山","むらやま","Murayama","","shinkansen-yamagata"
"station-mlit-001089","사쿠란보히가시네","さくらんぼ東根","さくらんぼひがしね","Sakurambohigashine","","shinkansen-yamagata"
"station-mlit-001114","텐도","天童","てんどう","Tendō","","shinkansen-yamagata"
"station-mlit-001194","야마가타","山形","やまがた","Yamagata","","shinkansen-yamagata"
"station-mlit-001218","카미노야마온선","かみのやま温泉","かみのやまおんせん","Kaminoyamaonsen","","shinkansen-yamagata"
"station-mlit-001256","아카유","赤湯","あかゆ","Akayu","","shinkansen-yamagata"
"station-mlit-001273","타카하타","高畠","たかはた","Takahata","","shinkansen-yamagata"
"station-mlit-001302","요네자와","米沢","よねざわ","Yonezawa","","shinkansen-yamagata"
